Accel-Sim [build accelsim-commit-f28591a_modified_0.0_26-03-17-09-20-54]

        *** GPGPU-Sim Simulator Version 4.2.0  [build gpgpu-sim_git-commit-6c3cf4ff_modified_0.0] ***


GPGPU-Sim: Configuration options:

-save_embedded_ptx                      0 # saves ptx files embedded in binary as <n>.ptx
-keep                                   0 # keep intermediate files created by GPGPU-Sim when interfacing with external programs
-gpgpu_ptx_save_converted_ptxplus                    0 # Saved converted ptxplus to a file
-gpgpu_occupancy_sm_number                   80 # The SM number to pass to ptxas when getting register usage for computing GPU occupancy. This parameter is required in the config.
-ptx_opcode_latency_int           4,4,4,4,21 # Opcode latencies for integers <ADD,MAX,MUL,MAD,DIV,SHFL>Default 1,1,19,25,145,32
-ptx_opcode_latency_fp           4,4,4,4,39 # Opcode latencies for single precision floating points <ADD,MAX,MUL,MAD,DIV>Default 1,1,1,1,30
-ptx_opcode_latency_dp          6,6,6,6,330 # Opcode latencies for double precision floating points <ADD,MAX,MUL,MAD,DIV>Default 8,8,8,8,335
-ptx_opcode_latency_sfu                   23 # Opcode latencies for SFU instructionsDefault 8
-ptx_opcode_latency_tesnor                   25 # Opcode latencies for Tensor instructionsDefault 64
-ptx_opcode_initiation_int            2,2,2,2,2 # Opcode initiation intervals for integers <ADD,MAX,MUL,MAD,DIV,SHFL>Default 1,1,4,4,32,4
-ptx_opcode_initiation_fp            2,2,2,2,4 # Opcode initiation intervals for single precision floating points <ADD,MAX,MUL,MAD,DIV>Default 1,1,1,1,5
-ptx_opcode_initiation_dp          4,4,4,4,130 # Opcode initiation intervals for double precision floating points <ADD,MAX,MUL,MAD,DIV>Default 8,8,8,8,130
-ptx_opcode_initiation_sfu                    8 # Opcode initiation intervals for sfu instructionsDefault 8
-ptx_opcode_initiation_tensor                   16 # Opcode initiation intervals for tensor instructionsDefault 64
-cdp_latency         7200,8000,100,12000,1600 # CDP API latency <cudaStreamCreateWithFlags, cudaGetParameterBufferV2_init_perWarp, cudaGetParameterBufferV2_perKernel, cudaLaunchDeviceV2_init_perWarp, cudaLaunchDevicV2_perKernel>Default 7200,8000,100,12000,1600
-network_mode                           2 # Interconnection network mode
-inter_config_file                   mesh # Interconnection network config file
-icnt_in_buffer_limit                  512 # in_buffer_limit
-icnt_out_buffer_limit                  512 # out_buffer_limit
-icnt_subnets                           2 # subnets
-icnt_arbiter_algo                      1 # arbiter_algo
-icnt_verbose                           0 # inct_verbose
-icnt_grant_cycles                      1 # grant_cycles
-gpgpu_ptx_use_cuobjdump                    1 # Use cuobjdump to extract ptx and sass from binaries
-gpgpu_experimental_lib_support                    0 # Try to extract code from cuda libraries [Broken because of unknown cudaGetExportTable]
-checkpoint_option                      0 #  checkpointing flag (0 = no checkpoint)
-checkpoint_kernel                      1 #  checkpointing during execution of which kernel (1- 1st kernel)
-checkpoint_CTA                         0 #  checkpointing after # of CTA (< less than total CTA)
-resume_option                          0 #  resume flag (0 = no resume)
-resume_kernel                          0 #  Resume from which kernel (1= 1st kernel)
-resume_CTA                             0 #  resume from which CTA 
-checkpoint_CTA_t                       0 #  resume from which CTA 
-checkpoint_insn_Y                      0 #  resume from which CTA 
-gpgpu_ptx_convert_to_ptxplus                    0 # Convert SASS (native ISA) to ptxplus and run ptxplus
-gpgpu_ptx_force_max_capability                   80 # Force maximum compute capability
-gpgpu_ptx_inst_debug_to_file                    0 # Dump executed instructions' debug information to file
-gpgpu_ptx_inst_debug_file       inst_debug.txt # Executed instructions' debug output file
-gpgpu_ptx_inst_debug_thread_uid                    1 # Thread UID for executed instructions' debug output
-gpgpu_simd_model                       1 # 1 = post-dominator
-gpgpu_shader_core_pipeline              2048:32 # shader core pipeline config, i.e., {<nthread>:<warpsize>}
-gpgpu_tex_cache:l1  N:4:128:256,L:R:m:N:L,T:512:8,128:2 # per-shader L1 texture cache  (READ-ONLY) config  {<nsets>:<bsize>:<assoc>,<rep>:<wr>:<alloc>:<wr_alloc>,<mshr>:<N>:<merge>,<mq>:<rf>}
-gpgpu_const_cache:l1 N:128:64:8,L:R:f:N:L,S:2:64,4 # per-shader L1 constant memory cache  (READ-ONLY) config  {<nsets>:<bsize>:<assoc>,<rep>:<wr>:<alloc>:<wr_alloc>,<mshr>:<N>:<merge>,<mq>} 
-gpgpu_cache:il1     N:64:128:16,L:R:f:N:L,S:2:48,4 # shader L1 instruction cache config  {<sector?>:<nsets>:<bsize>:<assoc>,<rep>:<wr>:<alloc>:<wr_alloc>:<set_index_fn>,<mshr>:<N>:<merge>,<mq>} 
-gpgpu_cache:dl1     S:4:128:64,L:T:m:L:L,A:512:64,16:0,32 # per-shader L1 data cache config  {<sector?>:<nsets>:<bsize>:<assoc>,<rep>:<wr>:<alloc>:<wr_alloc>:<set_index_fn>,<mshr>:<N>:<merge>,<mq>:<fifo_entry>,<data_port_width> | none}
-gpgpu_l1_cache_write_ratio                    0 # L1D write ratio
-gpgpu_l1_banks                         4 # The number of L1 cache banks
-gpgpu_l1_banks_byte_interleaving                   32 # l1 banks byte interleaving granularity
-gpgpu_l1_banks_hashing_function                    0 # l1 banks hashing function
-gpgpu_l1_latency                      34 # L1 Hit Latency
-gpgpu_smem_latency                    28 # smem Latency
-gpgpu_cache:dl1PrefL1                 none # per-shader L1 data cache config  {<sector?>:<nsets>:<bsize>:<assoc>,<rep>:<wr>:<alloc>:<wr_alloc>:<set_index_fn>,<mshr>:<N>:<merge>,<mq>:<fifo_entry>,<data_port_width> | none}
-gpgpu_cache:dl1PrefShared                 none # per-shader L1 data cache config  {<sector?>:<nsets>:<bsize>:<assoc>,<rep>:<wr>:<alloc>:<wr_alloc>:<set_index_fn>,<mshr>:<N>:<merge>,<mq>:<fifo_entry>,<data_port_width> | none}
-gpgpu_gmem_skip_L1D                    0 # global memory access skip L1D cache (implements -Xptxas -dlcm=cg, default=no skip)
-gpgpu_perfect_mem                      0 # enable perfect memory mode (no cache miss)
-n_regfile_gating_group                    4 # group of lanes that should be read/written together)
-gpgpu_clock_gated_reg_file                    0 # enable clock gated reg file for power calculations
-gpgpu_clock_gated_lanes                    0 # enable clock gated lanes for power calculations
-gpgpu_shader_registers                65536 # Number of registers per shader core. Limits number of concurrent CTAs. (default 8192)
-gpgpu_registers_per_block                65536 # Maximum number of registers per CTA. (default 8192)
-gpgpu_ignore_resources_limitation                    0 # gpgpu_ignore_resources_limitation (default 0)
-gpgpu_shader_cta                      32 # Maximum number of concurrent CTAs in shader (default 32)
-gpgpu_num_cta_barriers                   16 # Maximum number of named barriers per CTA (default 16)
-gpgpu_n_clusters                     108 # number of processing clusters
-gpgpu_n_cores_per_cluster                    1 # number of simd cores per cluster
-gpgpu_n_cluster_ejection_buffer_size                   32 # number of packets in ejection buffer
-gpgpu_n_ldst_response_buffer_size                    2 # number of response packets in ld/st unit ejection buffer
-gpgpu_shmem_per_block                49152 # Size of shared memory per thread block or CTA (default 48kB)
-gpgpu_shmem_size                  167936 # Size of shared memory per shader core (default 16kB)
-gpgpu_shmem_option      0,8,16,32,64,164 # Option list of shared memory sizes
-gpgpu_unified_l1d_size                  192 # Size of unified data cache(L1D + shared memory) in KB
-gpgpu_adaptive_cache_config                    1 # adaptive_cache_config
-gpgpu_shmem_sizeDefault               167936 # Size of shared memory per shader core (default 16kB)
-gpgpu_shmem_size_PrefL1                16384 # Size of shared memory per shader core (default 16kB)
-gpgpu_shmem_size_PrefShared                16384 # Size of shared memory per shader core (default 16kB)
-gpgpu_shmem_num_banks                   32 # Number of banks in the shared memory in each shader core (default 16)
-gpgpu_shmem_limited_broadcast                    0 # Limit shared memory to do one broadcast per cycle (default on)
-gpgpu_shmem_warp_parts                    1 # Number of portions a warp is divided into for shared memory bank conflict check 
-gpgpu_mem_unit_ports                    1 # The number of memory transactions allowed per core cycle
-gpgpu_shmem_warp_parts                    1 # Number of portions a warp is divided into for shared memory bank conflict check 
-gpgpu_warpdistro_shader                   -1 # Specify which shader core to collect the warp size distribution from
-gpgpu_warp_issue_shader                    0 # Specify which shader core to collect the warp issue distribution from
-gpgpu_local_mem_map                    1 # Mapping from local memory space address to simulated GPU physical address space (default = enabled)
-gpgpu_num_reg_banks                   32 # Number of register banks (default = 8)
-gpgpu_reg_bank_use_warp_id                    0 # Use warp ID in mapping registers to banks (default = off)
-gpgpu_sub_core_model                    1 # Sub Core Volta/Pascal model (default = off)
-gpgpu_enable_specialized_operand_collector                    0 # enable_specialized_operand_collector
-gpgpu_operand_collector_num_units_sp                    4 # number of collector units (default = 4)
-gpgpu_operand_collector_num_units_dp                    0 # number of collector units (default = 0)
-gpgpu_operand_collector_num_units_sfu                    4 # number of collector units (default = 4)
-gpgpu_operand_collector_num_units_int                    0 # number of collector units (default = 0)
-gpgpu_operand_collector_num_units_tensor_core                    4 # number of collector units (default = 4)
-gpgpu_operand_collector_num_units_mem                    2 # number of collector units (default = 2)
-gpgpu_operand_collector_num_units_gen                    8 # number of collector units (default = 0)
-gpgpu_operand_collector_num_in_ports_sp                    1 # number of collector unit in ports (default = 1)
-gpgpu_operand_collector_num_in_ports_dp                    0 # number of collector unit in ports (default = 0)
-gpgpu_operand_collector_num_in_ports_sfu                    1 # number of collector unit in ports (default = 1)
-gpgpu_operand_collector_num_in_ports_int                    0 # number of collector unit in ports (default = 0)
-gpgpu_operand_collector_num_in_ports_tensor_core                    1 # number of collector unit in ports (default = 1)
-gpgpu_operand_collector_num_in_ports_mem                    1 # number of collector unit in ports (default = 1)
-gpgpu_operand_collector_num_in_ports_gen                    8 # number of collector unit in ports (default = 0)
-gpgpu_operand_collector_num_out_ports_sp                    1 # number of collector unit in ports (default = 1)
-gpgpu_operand_collector_num_out_ports_dp                    0 # number of collector unit in ports (default = 0)
-gpgpu_operand_collector_num_out_ports_sfu                    1 # number of collector unit in ports (default = 1)
-gpgpu_operand_collector_num_out_ports_int                    0 # number of collector unit in ports (default = 0)
-gpgpu_operand_collector_num_out_ports_tensor_core                    1 # number of collector unit in ports (default = 1)
-gpgpu_operand_collector_num_out_ports_mem                    1 # number of collector unit in ports (default = 1)
-gpgpu_operand_collector_num_out_ports_gen                    8 # number of collector unit in ports (default = 0)
-gpgpu_coalesce_arch                   80 # Coalescing arch (GT200 = 13, Fermi = 20)
-gpgpu_num_sched_per_core                    4 # Number of warp schedulers per core
-gpgpu_max_insn_issue_per_warp                    1 # Max number of instructions that can be issued per warp in one cycle by scheduler (either 1 or 2)
-gpgpu_dual_issue_diff_exec_units                    1 # should dual issue use two different execution unit resources (Default = 1)
-gpgpu_simt_core_sim_order                    1 # Select the simulation order of cores in a cluster (0=Fix, 1=Round-Robin)
-gpgpu_pipeline_widths 4,4,4,4,4,4,4,4,4,4,8,4,4 # Pipeline widths ID_OC_SP,ID_OC_DP,ID_OC_INT,ID_OC_SFU,ID_OC_MEM,OC_EX_SP,OC_EX_DP,OC_EX_INT,OC_EX_SFU,OC_EX_MEM,EX_WB,ID_OC_TENSOR_CORE,OC_EX_TENSOR_CORE
-gpgpu_tensor_core_avail                    1 # Tensor Core Available (default=0)
-gpgpu_num_sp_units                     4 # Number of SP units (default=1)
-gpgpu_num_dp_units                     4 # Number of DP units (default=0)
-gpgpu_num_int_units                    4 # Number of INT units (default=0)
-gpgpu_num_sfu_units                    4 # Number of SF units (default=1)
-gpgpu_num_tensor_core_units                    4 # Number of tensor_core units (default=1)
-gpgpu_num_mem_units                    1 # Number if ldst units (default=1) WARNING: not hooked up to anything
-gpgpu_scheduler                      lrr # Scheduler configuration: < lrr | gto | two_level_active > If two_level_active:<num_active_warps>:<inner_prioritization>:<outer_prioritization>For complete list of prioritization values see shader.h enum scheduler_prioritization_typeDefault: gto
-gpgpu_concurrent_kernel_sm                    0 # Support concurrent kernels on a SM (default = disabled)
-gpgpu_perfect_inst_const_cache                    1 # perfect inst and const cache mode, so all inst and const hits in the cache(default = disabled)
-gpgpu_inst_fetch_throughput                    4 # the number of fetched intruction per warp each cycle
-gpgpu_reg_file_port_throughput                    2 # the number ports of the register file
-specialized_unit_1         1,4,4,4,4,BRA # specialized unit config {<enabled>,<num_units>:<latency>:<initiation>,<ID_OC_SPEC>:<OC_EX_SPEC>,<NAME>}
-specialized_unit_2       1,4,200,4,4,TEX # specialized unit config {<enabled>,<num_units>:<latency>:<initiation>,<ID_OC_SPEC>:<OC_EX_SPEC>,<NAME>}
-specialized_unit_3     1,4,12,4,4,TENSOR # specialized unit config {<enabled>,<num_units>:<latency>:<initiation>,<ID_OC_SPEC>:<OC_EX_SPEC>,<NAME>}
-specialized_unit_4         1,4,4,4,4,UDP # specialized unit config {<enabled>,<num_units>:<latency>:<initiation>,<ID_OC_SPEC>:<OC_EX_SPEC>,<NAME>}
-specialized_unit_5         0,4,4,4,4,BRA # specialized unit config {<enabled>,<num_units>:<latency>:<initiation>,<ID_OC_SPEC>:<OC_EX_SPEC>,<NAME>}
-specialized_unit_6         0,4,4,4,4,BRA # specialized unit config {<enabled>,<num_units>:<latency>:<initiation>,<ID_OC_SPEC>:<OC_EX_SPEC>,<NAME>}
-specialized_unit_7         0,4,4,4,4,BRA # specialized unit config {<enabled>,<num_units>:<latency>:<initiation>,<ID_OC_SPEC>:<OC_EX_SPEC>,<NAME>}
-specialized_unit_8         0,4,4,4,4,BRA # specialized unit config {<enabled>,<num_units>:<latency>:<initiation>,<ID_OC_SPEC>:<OC_EX_SPEC>,<NAME>}
-gpgpu_perf_sim_memcpy                    1 # Fill the L2 cache on memcpy
-gpgpu_simple_dram_model                    0 # simple_dram_model with fixed latency and BW
-gpgpu_dram_scheduler                    1 # 0 = fifo, 1 = FR-FCFS (defaul)
-gpgpu_dram_partition_queues          64:64:64:64 # i2$:$2d:d2$:$2i
-l2_ideal                               0 # Use a ideal L2 cache that always hit
-gpgpu_cache:dl2     S:128:128:16,L:B:m:L:X,A:192:4,32:0,32 # unified banked L2 data cache config  {<sector?>:<nsets>:<bsize>:<assoc>,<rep>:<wr>:<alloc>:<wr_alloc>:<set_index_fn>,<mshr>:<N>:<merge>,<mq>:<fifo_entry>,<data_port_width>
-gpgpu_cache:dl2_texture_only                    0 # L2 cache used for texture only
-gpgpu_n_mem                           12 # number of memory modules (e.g. memory controllers) in gpu
-gpgpu_n_sub_partition_per_mchannel                    4 # number of memory subpartition in each memory module
-gpgpu_n_mem_per_ctrlr                    1 # number of memory chips per memory controller
-gpgpu_memlatency_stat                   14 # track and display latency statistics 0x2 enables MC, 0x4 enables queue logs
-gpgpu_frfcfs_dram_sched_queue_size                   64 # 0 = unlimited (default); # entries per chip
-gpgpu_dram_return_queue_size                  192 # 0 = unlimited (default); # entries per chip
-gpgpu_dram_buswidth                    8 # default = 4 bytes (8 bytes per cycle at DDR)
-gpgpu_dram_burst_length                    2 # Burst length of each DRAM request (default = 4 data bus cycle)
-dram_data_command_freq_ratio                    2 # Frequency ratio between DRAM data bus and command bus (default = 2 times, i.e. DDR)
-gpgpu_dram_timing_opt nbk=16:CCD=1:RRD=7:RCD=22:RAS=50:RP=22:RC=72:CL=22:WL=4:CDLR=5:WR=19:nbkgrp=4:CCDL=4:RTPL=7 # DRAM timing parameters = {nbk:tCCD:tRRD:tRCD:tRAS:tRP:tRC:CL:WL:tCDLR:tWR:nbkgrp:tCCDL:tRTPL}
-gpgpu_l2_rop_latency                  200 # ROP queue latency (default 85)
-dram_latency                         190 # DRAM latency (default 30)
-dram_dual_bus_interface                    1 # dual_bus_interface (default = 0) 
-dram_bnk_indexing_policy                    0 # dram_bnk_indexing_policy (0 = normal indexing, 1 = Xoring with the higher bits) (Default = 0)
-dram_bnkgrp_indexing_policy                    1 # dram_bnkgrp_indexing_policy (0 = take higher bits, 1 = take lower bits) (Default = 0)
-dram_seperate_write_queue_enable                    0 # Seperate_Write_Queue_Enable
-dram_write_queue_size             32:28:16 # Write_Queue_Size
-dram_elimnate_rw_turnaround                    0 # elimnate_rw_turnaround i.e set tWTR and tRTW = 0
-icnt_flit_size                        40 # icnt_flit_size
-SST_mode                               0 # SST mode
-gpgpu_mem_addr_mapping dramid@8;00000000.00000000.00000000.00000000.0000RRRR.RRRRRRRR.RBBBCCCC.BCCSSSSS # mapping memory address to dram model {dramid@<start bit>;<memory address map>}
-gpgpu_mem_addr_test                    0 # run sweep test to check address mapping for aliased address
-gpgpu_mem_address_mask                    1 # 0 = old addressing mask, 1 = new addressing mask, 2 = new add. mask + flipped bank sel and chip sel bits
-gpgpu_memory_partition_indexing                    0 # 0 = no indexing, 1 = bitwise xoring, 2 = IPoly, 3 = custom indexing
-accelwattch_xml_file accelwattch_sass_sim.xml # AccelWattch XML file
-power_simulation_enabled                    0 # Turn on power simulator (1=On, 0=Off)
-power_per_cycle_dump                    0 # Dump detailed power output each cycle
-hw_perf_file_name            hw_perf.csv # Hardware Performance Statistics file
-hw_perf_bench_name                       # Kernel Name in Hardware Performance Statistics file
-power_simulation_mode                    0 # Switch performance counter input for power simulation (0=Sim, 1=HW, 2=HW-Sim Hybrid)
-dvfs_enabled                           0 # Turn on DVFS for power model
-aggregate_power_stats                    0 # Accumulate power across all kernels
-accelwattch_hybrid_perfsim_L1_RH                    0 # Get L1 Read Hits for Accelwattch-Hybrid from Accel-Sim
-accelwattch_hybrid_perfsim_L1_RM                    0 # Get L1 Read Misses for Accelwattch-Hybrid from Accel-Sim
-accelwattch_hybrid_perfsim_L1_WH                    0 # Get L1 Write Hits for Accelwattch-Hybrid from Accel-Sim
-accelwattch_hybrid_perfsim_L1_WM                    0 # Get L1 Write Misses for Accelwattch-Hybrid from Accel-Sim
-accelwattch_hybrid_perfsim_L2_RH                    0 # Get L2 Read Hits for Accelwattch-Hybrid from Accel-Sim
-accelwattch_hybrid_perfsim_L2_RM                    0 # Get L2 Read Misses for Accelwattch-Hybrid from Accel-Sim
-accelwattch_hybrid_perfsim_L2_WH                    0 # Get L2 Write Hits for Accelwattch-Hybrid from Accel-Sim
-accelwattch_hybrid_perfsim_L2_WM                    0 # Get L2 Write Misses for Accelwattch-Hybrid from Accel-Sim
-accelwattch_hybrid_perfsim_CC_ACC                    0 # Get Constant Cache Acesses for Accelwattch-Hybrid from Accel-Sim
-accelwattch_hybrid_perfsim_SHARED_ACC                    0 # Get Shared Memory Acesses for Accelwattch-Hybrid from Accel-Sim
-accelwattch_hybrid_perfsim_DRAM_RD                    0 # Get DRAM Reads for Accelwattch-Hybrid from Accel-Sim
-accelwattch_hybrid_perfsim_DRAM_WR                    0 # Get DRAM Writes for Accelwattch-Hybrid from Accel-Sim
-accelwattch_hybrid_perfsim_NOC                    0 # Get Interconnect Acesses for Accelwattch-Hybrid from Accel-Sim
-accelwattch_hybrid_perfsim_PIPE_DUTY                    0 # Get Pipeline Duty Cycle Acesses for Accelwattch-Hybrid from Accel-Sim
-accelwattch_hybrid_perfsim_NUM_SM_IDLE                    0 # Get Number of Idle SMs for Accelwattch-Hybrid from Accel-Sim
-accelwattch_hybrid_perfsim_CYCLES                    0 # Get Executed Cycles for Accelwattch-Hybrid from Accel-Sim
-accelwattch_hybrid_perfsim_VOLTAGE                    0 # Get Chip Voltage for Accelwattch-Hybrid from Accel-Sim
-power_trace_enabled                    0 # produce a file for the power trace (1=On, 0=Off)
-power_trace_zlevel                     6 # Compression level of the power trace output log (0=no comp, 9=highest)
-steady_power_levels_enabled                    0 # produce a file for the steady power levels (1=On, 0=Off)
-steady_state_definition                  8:4 # allowed deviation:number of samples
-gpgpu_max_cycle                        0 # terminates gpu simulation early (0 = no limit)
-gpgpu_max_insn                         0 # terminates gpu simulation early (0 = no limit)
-gpgpu_max_cta                          0 # terminates gpu simulation early (0 = no limit)
-gpgpu_max_completed_cta                    0 # terminates gpu simulation early (0 = no limit)
-gpgpu_runtime_stat                   500 # display runtime statistics such as dram utilization {<freq>:<flag>}
-liveness_message_freq                    1 # Minimum number of seconds between simulation liveness messages (0 = always print)
-gpgpu_compute_capability_major                    8 # Major compute capability version number
-gpgpu_compute_capability_minor                    0 # Minor compute capability version number
-gpgpu_flush_l1_cache                    1 # Flush L1 cache at the end of each kernel call
-gpgpu_flush_l2_cache                    0 # Flush L2 cache at the end of each kernel call
-gpgpu_deadlock_detect                    1 # Stop the simulation at deadlock (1=on (default), 0=off)
-gpgpu_ptx_instruction_classification                    0 # if enabled will classify ptx instruction types per kernel (Max 255 kernels now)
-gpgpu_ptx_sim_mode                     0 # Select between Performance (default) or Functional simulation (1)
-gpgpu_clock_domains 1410:1410:1410:4266.667 # Clock Domain Frequencies in MhZ {<Core Clock>:<ICNT Clock>:<L2 Clock>:<DRAM Clock>}
-gpgpu_max_concurrent_kernel                  128 # maximum kernels that can run concurrently on GPU, set this value according to max resident grids for your compute capability
-gpgpu_cflog_interval                    0 # Interval between each snapshot in control flow logger
-visualizer_enabled                     0 # Turn on visualizer output (1=On, 0=Off)
-visualizer_outputfile                 NULL # Specifies the output log file for visualizer
-visualizer_zlevel                      6 # Compression level of the visualizer output log (0=no comp, 9=highest)
-gpgpu_stack_size_limit                 1024 # GPU thread stack size
-gpgpu_heap_size_limit              8388608 # GPU malloc heap size 
-gpgpu_runtime_sync_depth_limit                    2 # GPU device runtime synchronize depth
-gpgpu_runtime_pending_launch_count_limit                 2048 # GPU device runtime pending launch count
-trace_enabled                          0 # Turn on traces
-trace_components                    none # comma seperated list of traces to enable. Complete list found in trace_streams.tup. Default none
-trace_sampling_core                    0 # The core which is printed using CORE_DPRINTF. Default 0
-trace_sampling_memory_partition                   -1 # The memory partition which is printed using MEMPART_DPRINTF. Default -1 (i.e. all)
-enable_ptx_file_line_stats                    1 # Turn on PTX source line statistic profiling. (1 = On)
-ptx_line_stats_filename gpgpu_inst_stats.txt # Output file for PTX source line statistics.
-gpgpu_kernel_launch_latency                 5000 # Kernel launch latency in cycles. Default: 0
-gpgpu_cdp_enabled                      0 # Turn on CDP
-gpgpu_TB_launch_latency                    0 # thread block launch latency in cycles. Default: 0
-trace               /work/accel-sim-framework/.worktrees/modal-a100-cutlass-trace/modal/artifacts/bf16-512x512x512/traces/kernelslist.g # traces kernel filetraces kernel file directory
-trace_opcode_latency_initiation_int                  2,2 # Opcode latencies and initiation for integers in trace driven mode <latency,initiation>
-trace_opcode_latency_initiation_sp                  2,2 # Opcode latencies and initiation for sp in trace driven mode <latency,initiation>
-trace_opcode_latency_initiation_dp                  4,4 # Opcode latencies and initiation for dp in trace driven mode <latency,initiation>
-trace_opcode_latency_initiation_sfu                 20,8 # Opcode latencies and initiation for sfu in trace driven mode <latency,initiation>
-trace_opcode_latency_initiation_tensor                 14,6 # Opcode latencies and initiation for tensor in trace driven mode <latency,initiation>
-trace_opcode_latency_initiation_spec_op_1                  4,4 # specialized unit config <latency,initiation>
-trace_opcode_latency_initiation_spec_op_2                200,4 # specialized unit config <latency,initiation>
-trace_opcode_latency_initiation_spec_op_3                 12,8 # specialized unit config <latency,initiation>
-trace_opcode_latency_initiation_spec_op_4                  4,1 # specialized unit config <latency,initiation>
-trace_opcode_latency_initiation_spec_op_5                  4,4 # specialized unit config <latency,initiation>
-trace_opcode_latency_initiation_spec_op_6                  4,4 # specialized unit config <latency,initiation>
-trace_opcode_latency_initiation_spec_op_7                  4,4 # specialized unit config <latency,initiation>
-trace_opcode_latency_initiation_spec_op_8                  4,4 # specialized unit config <latency,initiation>
DRAM Timing Options:
nbk                                    16 # number of banks
CCD                                     1 # column to column delay
RRD                                     7 # minimal delay between activation of rows in different banks
RCD                                    22 # row to column delay
RAS                                    50 # time needed to activate row
RP                                     22 # time needed to precharge (deactivate) row
RC                                     72 # row cycle time
CDLR                                    5 # switching from write to read (changes tWTR)
WR                                     19 # last data-in to row precharge
CL                                     22 # CAS latency
WL                                      4 # Write latency
nbkgrp                                  4 # number of bank groups
CCDL                                    4 # column to column delay between accesses to different bank groups
RTPL                                    7 # read to precharge delay between accesses to different bank groups
Total number of memory sub partition = 48
addr_dec_mask[CHIP]  = 0000000000000000 	high:64 low:0
addr_dec_mask[BK]    = 0000000000007080 	high:15 low:7
addr_dec_mask[ROW]   = 000000000fff8000 	high:28 low:15
addr_dec_mask[COL]   = 0000000000000f7f 	high:12 low:0
addr_dec_mask[BURST] = 000000000000001f 	high:5 low:0
sub_partition_id_mask = 0000000000001080
GPGPU-Sim uArch: clock freqs: 1410000000.000000:1410000000.000000:1410000000.000000:4266667000.000000
GPGPU-Sim uArch: clock periods: 0.00000000070921985816:0.00000000070921985816:0.00000000070921985816:0.00000000023437498169
*** Initializing Memory Statistics ***
GPGPU-Sim uArch: performance model initialization complete.
launching memcpy command : MemcpyHtoD,0x00002b7adc400000,524288
launching memcpy command : MemcpyHtoD,0x00002b7adc480000,524288
Processing kernel /work/accel-sim-framework/.worktrees/modal-a100-cutlass-trace/modal/artifacts/bf16-512x512x512/traces/kernel-1-ctx_0x56431e79dc80.traceg
-kernel name = _ZN7cutlass6KernelINS_4gemm6kernel4GemmINS1_11threadblock13MmaMultistageINS1_9GemmShapeILi128ELi256ELi64EEENS_9transform11threadblock28PredicatedTileAccessIteratorINS_11MatrixShapeILi128ELi64EEENS_10bfloat16_tENS_6layout8RowMajorELi1ENS8_29PitchLinearWarpRakedThreadMapINS_16PitchLinearShapeILi64ELi128EEELi256ENSH_ILi8ELi4EEELi8EEENS_5ArrayISD_Li8ELb0EEELb0ENSE_9NoPermuteEEENS9_25RegularTileAccessIteratorISC_SD_NSE_37RowMajorTensorOpMultiplicandCrosswiseILi16ELi64EEELi0ESK_Li16EEELNS_4arch14CacheOperation4KindE1ENSA_INSB_ILi64ELi256EEESD_SF_Li0ENSG_INSH_ILi256ELi64EEELi256ESJ_Li8EEESM_Lb0ESN_EENSP_ISW_SD_NSE_37RowMajorTensorOpMultiplicandCongruousILi16ELi64EEELi0ESY_Li16EEELSV_1EfSF_NS4_9MmaPolicyINS1_4warp11MmaTensorOpINS6_ILi64ELi64ELi64EEESD_SR_SD_S11_fSF_NS14_17MmaTensorOpPolicyINST_3MmaINS6_ILi16ELi8ELi16EEELi32ESD_SF_SD_NSE_11ColumnMajorEfSF_NST_13OpMultiplyAddEEENSB_ILi1ELi1EEEEELi1ELb0EbEENSB_ILi0ELi0EEES1G_Li1EEELi3ELNS1_23SharedMemoryClearOptionE0EbEENS_8epilogue11threadblock8EpilogueIS7_S1F_Li1ENS1L_22PredicatedTileIteratorINS1L_26OutputTileOptimalThreadMapINS1L_15OutputTileShapeILi256ELi8ELi2ELi1ELi1EEENS1P_ILi1ELi8ELi1ELi1ELi8EEELi256ELi4ELi32EEEfLb0ESN_Lb0EEENS1K_4warp24FragmentIteratorTensorOpIS16_S19_fNSL_IfLi4ELb1EEESF_EENS1U_20TileIteratorTensorOpIS16_S19_fSF_EENS1L_18SharedLoadIteratorINS1S_18CompactedThreadMapEfLi16EEENS1K_6thread17LinearCombinationIfLi4EffLNS23_9ScaleType4KindE0ELNS_15FloatRoundStyleE2EfEENSB_ILi0ELi8EEELi2ELi1EEENS4_30GemmIdentityThreadblockSwizzleILi1EEELb0EEEEEvNT_6ParamsE
-kernel id = 1
-grid dim = (4,2,1)
-block dim = (256,1,1)
-shmem = 147456
-nregs = 228
-binary version = 80
-cuda stream id = 0
-shmem base_addr = 0x00002b7a9b000000
-local mem base_addr = 0x00002b7a99000000
-nvbit version = 1.7.6
-accelsim tracer version = 5
-enable lineinfo = 0
Header info loaded for kernel command : /work/accel-sim-framework/.worktrees/modal-a100-cutlass-trace/modal/artifacts/bf16-512x512x512/traces/kernel-1-ctx_0x56431e79dc80.traceg
launching kernel name: _ZN7cutlass6KernelINS_4gemm6kernel4GemmINS1_11threadblock13MmaMultistageINS1_9GemmShapeILi128ELi256ELi64EEENS_9transform11threadblock28PredicatedTileAccessIteratorINS_11MatrixShapeILi128ELi64EEENS_10bfloat16_tENS_6layout8RowMajorELi1ENS8_29PitchLinearWarpRakedThreadMapINS_16PitchLinearShapeILi64ELi128EEELi256ENSH_ILi8ELi4EEELi8EEENS_5ArrayISD_Li8ELb0EEELb0ENSE_9NoPermuteEEENS9_25RegularTileAccessIteratorISC_SD_NSE_37RowMajorTensorOpMultiplicandCrosswiseILi16ELi64EEELi0ESK_Li16EEELNS_4arch14CacheOperation4KindE1ENSA_INSB_ILi64ELi256EEESD_SF_Li0ENSG_INSH_ILi256ELi64EEELi256ESJ_Li8EEESM_Lb0ESN_EENSP_ISW_SD_NSE_37RowMajorTensorOpMultiplicandCongruousILi16ELi64EEELi0ESY_Li16EEELSV_1EfSF_NS4_9MmaPolicyINS1_4warp11MmaTensorOpINS6_ILi64ELi64ELi64EEESD_SR_SD_S11_fSF_NS14_17MmaTensorOpPolicyINST_3MmaINS6_ILi16ELi8ELi16EEELi32ESD_SF_SD_NSE_11ColumnMajorEfSF_NST_13OpMultiplyAddEEENSB_ILi1ELi1EEEEELi1ELb0EbEENSB_ILi0ELi0EEES1G_Li1EEELi3ELNS1_23SharedMemoryClearOptionE0EbEENS_8epilogue11threadblock8EpilogueIS7_S1F_Li1ENS1L_22PredicatedTileIteratorINS1L_26OutputTileOptimalThreadMapINS1L_15OutputTileShapeILi256ELi8ELi2ELi1ELi1EEENS1P_ILi1ELi8ELi1ELi1ELi8EEELi256ELi4ELi32EEEfLb0ESN_Lb0EEENS1K_4warp24FragmentIteratorTensorOpIS16_S19_fNSL_IfLi4ELb1EEESF_EENS1U_20TileIteratorTensorOpIS16_S19_fSF_EENS1L_18SharedLoadIteratorINS1S_18CompactedThreadMapEfLi16EEENS1K_6thread17LinearCombinationIfLi4EffLNS23_9ScaleType4KindE0ELNS_15FloatRoundStyleE2EfEENSB_ILi0ELi8EEELi2ELi1EEENS4_30GemmIdentityThreadblockSwizzleILi1EEELb0EEEEEvNT_6ParamsE uid: 1 cuda_stream_id: 0
GPGPU-Sim uArch: Shader 0 bind to kernel 1 '_ZN7cutlass6KernelINS_4gemm6kernel4GemmINS1_11threadblock13MmaMultistageINS1_9GemmShapeILi128ELi256ELi64EEENS_9transform11threadblock28PredicatedTileAccessIteratorINS_11MatrixShapeILi128ELi64EEENS_10bfloat16_tENS_6layout8RowMajorELi1ENS8_29PitchLinearWarpRakedThreadMapINS_16PitchLinearShapeILi64ELi128EEELi256ENSH_ILi8ELi4EEELi8EEENS_5ArrayISD_Li8ELb0EEELb0ENSE_9NoPermuteEEENS9_25RegularTileAccessIteratorISC_SD_NSE_37RowMajorTensorOpMultiplicandCrosswiseILi16ELi64EEELi0ESK_Li16EEELNS_4arch14CacheOperation4KindE1ENSA_INSB_ILi64ELi256EEESD_SF_Li0ENSG_INSH_ILi256ELi64EEELi256ESJ_Li8EEESM_Lb0ESN_EENSP_ISW_SD_NSE_37RowMajorTensorOpMultiplicandCongruousILi16ELi64EEELi0ESY_Li16EEELSV_1EfSF_NS4_9MmaPolicyINS1_4warp11MmaTensorOpINS6_ILi64ELi64ELi64EEESD_SR_SD_S11_fSF_NS14_17MmaTensorOpPolicyINST_3MmaINS6_ILi16ELi8ELi16EEELi32ESD_SF_SD_NSE_11ColumnMajorEfSF_NST_13OpMultiplyAddEEENSB_ILi1ELi1EEEEELi1ELb0EbEENSB_ILi0ELi0EEES1G_Li1EEELi3ELNS1_23SharedMemoryClearOptionE0EbEENS_8epilogue11threadblock8EpilogueIS7_S1F_Li1ENS1L_22PredicatedTileIteratorINS1L_26OutputTileOptimalThreadMapINS1L_15OutputTileShapeILi256ELi8ELi2ELi1ELi1EEENS1P_ILi1ELi8ELi1ELi1ELi8EEELi256ELi4ELi32EEEfLb0ESN_Lb0EEENS1K_4warp24FragmentIteratorTensorOpIS16_S19_fNSL_IfLi4ELb1EEESF_EENS1U_20TileIteratorTensorOpIS16_S19_fSF_EENS1L_18SharedLoadIteratorINS1S_18CompactedThreadMapEfLi16EEENS1K_6thread17LinearCombinationIfLi4EffLNS23_9ScaleType4KindE0ELNS_15FloatRoundStyleE2EfEENSB_ILi0ELi8EEELi2ELi1EEENS4_30GemmIdentityThreadblockSwizzleILi1EEELb0EEEEEvNT_6ParamsE'
GPGPU-Sim uArch: CTA/core = 1, limited by: shmem regs
GPGPU-Sim: Reconfigure L1 cache to 28KB
thread block = 0,0,0
GPGPU-Sim uArch: Shader 1 bind to kernel 1 '_ZN7cutlass6KernelINS_4gemm6kernel4GemmINS1_11threadblock13MmaMultistageINS1_9GemmShapeILi128ELi256ELi64EEENS_9transform11threadblock28PredicatedTileAccessIteratorINS_11MatrixShapeILi128ELi64EEENS_10bfloat16_tENS_6layout8RowMajorELi1ENS8_29PitchLinearWarpRakedThreadMapINS_16PitchLinearShapeILi64ELi128EEELi256ENSH_ILi8ELi4EEELi8EEENS_5ArrayISD_Li8ELb0EEELb0ENSE_9NoPermuteEEENS9_25RegularTileAccessIteratorISC_SD_NSE_37RowMajorTensorOpMultiplicandCrosswiseILi16ELi64EEELi0ESK_Li16EEELNS_4arch14CacheOperation4KindE1ENSA_INSB_ILi64ELi256EEESD_SF_Li0ENSG_INSH_ILi256ELi64EEELi256ESJ_Li8EEESM_Lb0ESN_EENSP_ISW_SD_NSE_37RowMajorTensorOpMultiplicandCongruousILi16ELi64EEELi0ESY_Li16EEELSV_1EfSF_NS4_9MmaPolicyINS1_4warp11MmaTensorOpINS6_ILi64ELi64ELi64EEESD_SR_SD_S11_fSF_NS14_17MmaTensorOpPolicyINST_3MmaINS6_ILi16ELi8ELi16EEELi32ESD_SF_SD_NSE_11ColumnMajorEfSF_NST_13OpMultiplyAddEEENSB_ILi1ELi1EEEEELi1ELb0EbEENSB_ILi0ELi0EEES1G_Li1EEELi3ELNS1_23SharedMemoryClearOptionE0EbEENS_8epilogue11threadblock8EpilogueIS7_S1F_Li1ENS1L_22PredicatedTileIteratorINS1L_26OutputTileOptimalThreadMapINS1L_15OutputTileShapeILi256ELi8ELi2ELi1ELi1EEENS1P_ILi1ELi8ELi1ELi1ELi8EEELi256ELi4ELi32EEEfLb0ESN_Lb0EEENS1K_4warp24FragmentIteratorTensorOpIS16_S19_fNSL_IfLi4ELb1EEESF_EENS1U_20TileIteratorTensorOpIS16_S19_fSF_EENS1L_18SharedLoadIteratorINS1S_18CompactedThreadMapEfLi16EEENS1K_6thread17LinearCombinationIfLi4EffLNS23_9ScaleType4KindE0ELNS_15FloatRoundStyleE2EfEENSB_ILi0ELi8EEELi2ELi1EEENS4_30GemmIdentityThreadblockSwizzleILi1EEELb0EEEEEvNT_6ParamsE'
thread block = 1,0,0
GPGPU-Sim uArch: Shader 2 bind to kernel 1 '_ZN7cutlass6KernelINS_4gemm6kernel4GemmINS1_11threadblock13MmaMultistageINS1_9GemmShapeILi128ELi256ELi64EEENS_9transform11threadblock28PredicatedTileAccessIteratorINS_11MatrixShapeILi128ELi64EEENS_10bfloat16_tENS_6layout8RowMajorELi1ENS8_29PitchLinearWarpRakedThreadMapINS_16PitchLinearShapeILi64ELi128EEELi256ENSH_ILi8ELi4EEELi8EEENS_5ArrayISD_Li8ELb0EEELb0ENSE_9NoPermuteEEENS9_25RegularTileAccessIteratorISC_SD_NSE_37RowMajorTensorOpMultiplicandCrosswiseILi16ELi64EEELi0ESK_Li16EEELNS_4arch14CacheOperation4KindE1ENSA_INSB_ILi64ELi256EEESD_SF_Li0ENSG_INSH_ILi256ELi64EEELi256ESJ_Li8EEESM_Lb0ESN_EENSP_ISW_SD_NSE_37RowMajorTensorOpMultiplicandCongruousILi16ELi64EEELi0ESY_Li16EEELSV_1EfSF_NS4_9MmaPolicyINS1_4warp11MmaTensorOpINS6_ILi64ELi64ELi64EEESD_SR_SD_S11_fSF_NS14_17MmaTensorOpPolicyINST_3MmaINS6_ILi16ELi8ELi16EEELi32ESD_SF_SD_NSE_11ColumnMajorEfSF_NST_13OpMultiplyAddEEENSB_ILi1ELi1EEEEELi1ELb0EbEENSB_ILi0ELi0EEES1G_Li1EEELi3ELNS1_23SharedMemoryClearOptionE0EbEENS_8epilogue11threadblock8EpilogueIS7_S1F_Li1ENS1L_22PredicatedTileIteratorINS1L_26OutputTileOptimalThreadMapINS1L_15OutputTileShapeILi256ELi8ELi2ELi1ELi1EEENS1P_ILi1ELi8ELi1ELi1ELi8EEELi256ELi4ELi32EEEfLb0ESN_Lb0EEENS1K_4warp24FragmentIteratorTensorOpIS16_S19_fNSL_IfLi4ELb1EEESF_EENS1U_20TileIteratorTensorOpIS16_S19_fSF_EENS1L_18SharedLoadIteratorINS1S_18CompactedThreadMapEfLi16EEENS1K_6thread17LinearCombinationIfLi4EffLNS23_9ScaleType4KindE0ELNS_15FloatRoundStyleE2EfEENSB_ILi0ELi8EEELi2ELi1EEENS4_30GemmIdentityThreadblockSwizzleILi1EEELb0EEEEEvNT_6ParamsE'
thread block = 2,0,0
GPGPU-Sim uArch: Shader 3 bind to kernel 1 '_ZN7cutlass6KernelINS_4gemm6kernel4GemmINS1_11threadblock13MmaMultistageINS1_9GemmShapeILi128ELi256ELi64EEENS_9transform11threadblock28PredicatedTileAccessIteratorINS_11MatrixShapeILi128ELi64EEENS_10bfloat16_tENS_6layout8RowMajorELi1ENS8_29PitchLinearWarpRakedThreadMapINS_16PitchLinearShapeILi64ELi128EEELi256ENSH_ILi8ELi4EEELi8EEENS_5ArrayISD_Li8ELb0EEELb0ENSE_9NoPermuteEEENS9_25RegularTileAccessIteratorISC_SD_NSE_37RowMajorTensorOpMultiplicandCrosswiseILi16ELi64EEELi0ESK_Li16EEELNS_4arch14CacheOperation4KindE1ENSA_INSB_ILi64ELi256EEESD_SF_Li0ENSG_INSH_ILi256ELi64EEELi256ESJ_Li8EEESM_Lb0ESN_EENSP_ISW_SD_NSE_37RowMajorTensorOpMultiplicandCongruousILi16ELi64EEELi0ESY_Li16EEELSV_1EfSF_NS4_9MmaPolicyINS1_4warp11MmaTensorOpINS6_ILi64ELi64ELi64EEESD_SR_SD_S11_fSF_NS14_17MmaTensorOpPolicyINST_3MmaINS6_ILi16ELi8ELi16EEELi32ESD_SF_SD_NSE_11ColumnMajorEfSF_NST_13OpMultiplyAddEEENSB_ILi1ELi1EEEEELi1ELb0EbEENSB_ILi0ELi0EEES1G_Li1EEELi3ELNS1_23SharedMemoryClearOptionE0EbEENS_8epilogue11threadblock8EpilogueIS7_S1F_Li1ENS1L_22PredicatedTileIteratorINS1L_26OutputTileOptimalThreadMapINS1L_15OutputTileShapeILi256ELi8ELi2ELi1ELi1EEENS1P_ILi1ELi8ELi1ELi1ELi8EEELi256ELi4ELi32EEEfLb0ESN_Lb0EEENS1K_4warp24FragmentIteratorTensorOpIS16_S19_fNSL_IfLi4ELb1EEESF_EENS1U_20TileIteratorTensorOpIS16_S19_fSF_EENS1L_18SharedLoadIteratorINS1S_18CompactedThreadMapEfLi16EEENS1K_6thread17LinearCombinationIfLi4EffLNS23_9ScaleType4KindE0ELNS_15FloatRoundStyleE2EfEENSB_ILi0ELi8EEELi2ELi1EEENS4_30GemmIdentityThreadblockSwizzleILi1EEELb0EEEEEvNT_6ParamsE'
thread block = 3,0,0
GPGPU-Sim uArch: Shader 4 bind to kernel 1 '_ZN7cutlass6KernelINS_4gemm6kernel4GemmINS1_11threadblock13MmaMultistageINS1_9GemmShapeILi128ELi256ELi64EEENS_9transform11threadblock28PredicatedTileAccessIteratorINS_11MatrixShapeILi128ELi64EEENS_10bfloat16_tENS_6layout8RowMajorELi1ENS8_29PitchLinearWarpRakedThreadMapINS_16PitchLinearShapeILi64ELi128EEELi256ENSH_ILi8ELi4EEELi8EEENS_5ArrayISD_Li8ELb0EEELb0ENSE_9NoPermuteEEENS9_25RegularTileAccessIteratorISC_SD_NSE_37RowMajorTensorOpMultiplicandCrosswiseILi16ELi64EEELi0ESK_Li16EEELNS_4arch14CacheOperation4KindE1ENSA_INSB_ILi64ELi256EEESD_SF_Li0ENSG_INSH_ILi256ELi64EEELi256ESJ_Li8EEESM_Lb0ESN_EENSP_ISW_SD_NSE_37RowMajorTensorOpMultiplicandCongruousILi16ELi64EEELi0ESY_Li16EEELSV_1EfSF_NS4_9MmaPolicyINS1_4warp11MmaTensorOpINS6_ILi64ELi64ELi64EEESD_SR_SD_S11_fSF_NS14_17MmaTensorOpPolicyINST_3MmaINS6_ILi16ELi8ELi16EEELi32ESD_SF_SD_NSE_11ColumnMajorEfSF_NST_13OpMultiplyAddEEENSB_ILi1ELi1EEEEELi1ELb0EbEENSB_ILi0ELi0EEES1G_Li1EEELi3ELNS1_23SharedMemoryClearOptionE0EbEENS_8epilogue11threadblock8EpilogueIS7_S1F_Li1ENS1L_22PredicatedTileIteratorINS1L_26OutputTileOptimalThreadMapINS1L_15OutputTileShapeILi256ELi8ELi2ELi1ELi1EEENS1P_ILi1ELi8ELi1ELi1ELi8EEELi256ELi4ELi32EEEfLb0ESN_Lb0EEENS1K_4warp24FragmentIteratorTensorOpIS16_S19_fNSL_IfLi4ELb1EEESF_EENS1U_20TileIteratorTensorOpIS16_S19_fSF_EENS1L_18SharedLoadIteratorINS1S_18CompactedThreadMapEfLi16EEENS1K_6thread17LinearCombinationIfLi4EffLNS23_9ScaleType4KindE0ELNS_15FloatRoundStyleE2EfEENSB_ILi0ELi8EEELi2ELi1EEENS4_30GemmIdentityThreadblockSwizzleILi1EEELb0EEEEEvNT_6ParamsE'
thread block = 0,1,0
GPGPU-Sim uArch: Shader 5 bind to kernel 1 '_ZN7cutlass6KernelINS_4gemm6kernel4GemmINS1_11threadblock13MmaMultistageINS1_9GemmShapeILi128ELi256ELi64EEENS_9transform11threadblock28PredicatedTileAccessIteratorINS_11MatrixShapeILi128ELi64EEENS_10bfloat16_tENS_6layout8RowMajorELi1ENS8_29PitchLinearWarpRakedThreadMapINS_16PitchLinearShapeILi64ELi128EEELi256ENSH_ILi8ELi4EEELi8EEENS_5ArrayISD_Li8ELb0EEELb0ENSE_9NoPermuteEEENS9_25RegularTileAccessIteratorISC_SD_NSE_37RowMajorTensorOpMultiplicandCrosswiseILi16ELi64EEELi0ESK_Li16EEELNS_4arch14CacheOperation4KindE1ENSA_INSB_ILi64ELi256EEESD_SF_Li0ENSG_INSH_ILi256ELi64EEELi256ESJ_Li8EEESM_Lb0ESN_EENSP_ISW_SD_NSE_37RowMajorTensorOpMultiplicandCongruousILi16ELi64EEELi0ESY_Li16EEELSV_1EfSF_NS4_9MmaPolicyINS1_4warp11MmaTensorOpINS6_ILi64ELi64ELi64EEESD_SR_SD_S11_fSF_NS14_17MmaTensorOpPolicyINST_3MmaINS6_ILi16ELi8ELi16EEELi32ESD_SF_SD_NSE_11ColumnMajorEfSF_NST_13OpMultiplyAddEEENSB_ILi1ELi1EEEEELi1ELb0EbEENSB_ILi0ELi0EEES1G_Li1EEELi3ELNS1_23SharedMemoryClearOptionE0EbEENS_8epilogue11threadblock8EpilogueIS7_S1F_Li1ENS1L_22PredicatedTileIteratorINS1L_26OutputTileOptimalThreadMapINS1L_15OutputTileShapeILi256ELi8ELi2ELi1ELi1EEENS1P_ILi1ELi8ELi1ELi1ELi8EEELi256ELi4ELi32EEEfLb0ESN_Lb0EEENS1K_4warp24FragmentIteratorTensorOpIS16_S19_fNSL_IfLi4ELb1EEESF_EENS1U_20TileIteratorTensorOpIS16_S19_fSF_EENS1L_18SharedLoadIteratorINS1S_18CompactedThreadMapEfLi16EEENS1K_6thread17LinearCombinationIfLi4EffLNS23_9ScaleType4KindE0ELNS_15FloatRoundStyleE2EfEENSB_ILi0ELi8EEELi2ELi1EEENS4_30GemmIdentityThreadblockSwizzleILi1EEELb0EEEEEvNT_6ParamsE'
thread block = 1,1,0
GPGPU-Sim uArch: Shader 6 bind to kernel 1 '_ZN7cutlass6KernelINS_4gemm6kernel4GemmINS1_11threadblock13MmaMultistageINS1_9GemmShapeILi128ELi256ELi64EEENS_9transform11threadblock28PredicatedTileAccessIteratorINS_11MatrixShapeILi128ELi64EEENS_10bfloat16_tENS_6layout8RowMajorELi1ENS8_29PitchLinearWarpRakedThreadMapINS_16PitchLinearShapeILi64ELi128EEELi256ENSH_ILi8ELi4EEELi8EEENS_5ArrayISD_Li8ELb0EEELb0ENSE_9NoPermuteEEENS9_25RegularTileAccessIteratorISC_SD_NSE_37RowMajorTensorOpMultiplicandCrosswiseILi16ELi64EEELi0ESK_Li16EEELNS_4arch14CacheOperation4KindE1ENSA_INSB_ILi64ELi256EEESD_SF_Li0ENSG_INSH_ILi256ELi64EEELi256ESJ_Li8EEESM_Lb0ESN_EENSP_ISW_SD_NSE_37RowMajorTensorOpMultiplicandCongruousILi16ELi64EEELi0ESY_Li16EEELSV_1EfSF_NS4_9MmaPolicyINS1_4warp11MmaTensorOpINS6_ILi64ELi64ELi64EEESD_SR_SD_S11_fSF_NS14_17MmaTensorOpPolicyINST_3MmaINS6_ILi16ELi8ELi16EEELi32ESD_SF_SD_NSE_11ColumnMajorEfSF_NST_13OpMultiplyAddEEENSB_ILi1ELi1EEEEELi1ELb0EbEENSB_ILi0ELi0EEES1G_Li1EEELi3ELNS1_23SharedMemoryClearOptionE0EbEENS_8epilogue11threadblock8EpilogueIS7_S1F_Li1ENS1L_22PredicatedTileIteratorINS1L_26OutputTileOptimalThreadMapINS1L_15OutputTileShapeILi256ELi8ELi2ELi1ELi1EEENS1P_ILi1ELi8ELi1ELi1ELi8EEELi256ELi4ELi32EEEfLb0ESN_Lb0EEENS1K_4warp24FragmentIteratorTensorOpIS16_S19_fNSL_IfLi4ELb1EEESF_EENS1U_20TileIteratorTensorOpIS16_S19_fSF_EENS1L_18SharedLoadIteratorINS1S_18CompactedThreadMapEfLi16EEENS1K_6thread17LinearCombinationIfLi4EffLNS23_9ScaleType4KindE0ELNS_15FloatRoundStyleE2EfEENSB_ILi0ELi8EEELi2ELi1EEENS4_30GemmIdentityThreadblockSwizzleILi1EEELb0EEEEEvNT_6ParamsE'
thread block = 2,1,0
GPGPU-Sim uArch: Shader 7 bind to kernel 1 '_ZN7cutlass6KernelINS_4gemm6kernel4GemmINS1_11threadblock13MmaMultistageINS1_9GemmShapeILi128ELi256ELi64EEENS_9transform11threadblock28PredicatedTileAccessIteratorINS_11MatrixShapeILi128ELi64EEENS_10bfloat16_tENS_6layout8RowMajorELi1ENS8_29PitchLinearWarpRakedThreadMapINS_16PitchLinearShapeILi64ELi128EEELi256ENSH_ILi8ELi4EEELi8EEENS_5ArrayISD_Li8ELb0EEELb0ENSE_9NoPermuteEEENS9_25RegularTileAccessIteratorISC_SD_NSE_37RowMajorTensorOpMultiplicandCrosswiseILi16ELi64EEELi0ESK_Li16EEELNS_4arch14CacheOperation4KindE1ENSA_INSB_ILi64ELi256EEESD_SF_Li0ENSG_INSH_ILi256ELi64EEELi256ESJ_Li8EEESM_Lb0ESN_EENSP_ISW_SD_NSE_37RowMajorTensorOpMultiplicandCongruousILi16ELi64EEELi0ESY_Li16EEELSV_1EfSF_NS4_9MmaPolicyINS1_4warp11MmaTensorOpINS6_ILi64ELi64ELi64EEESD_SR_SD_S11_fSF_NS14_17MmaTensorOpPolicyINST_3MmaINS6_ILi16ELi8ELi16EEELi32ESD_SF_SD_NSE_11ColumnMajorEfSF_NST_13OpMultiplyAddEEENSB_ILi1ELi1EEEEELi1ELb0EbEENSB_ILi0ELi0EEES1G_Li1EEELi3ELNS1_23SharedMemoryClearOptionE0EbEENS_8epilogue11threadblock8EpilogueIS7_S1F_Li1ENS1L_22PredicatedTileIteratorINS1L_26OutputTileOptimalThreadMapINS1L_15OutputTileShapeILi256ELi8ELi2ELi1ELi1EEENS1P_ILi1ELi8ELi1ELi1ELi8EEELi256ELi4ELi32EEEfLb0ESN_Lb0EEENS1K_4warp24FragmentIteratorTensorOpIS16_S19_fNSL_IfLi4ELb1EEESF_EENS1U_20TileIteratorTensorOpIS16_S19_fSF_EENS1L_18SharedLoadIteratorINS1S_18CompactedThreadMapEfLi16EEENS1K_6thread17LinearCombinationIfLi4EffLNS23_9ScaleType4KindE0ELNS_15FloatRoundStyleE2EfEENSB_ILi0ELi8EEELi2ELi1EEENS4_30GemmIdentityThreadblockSwizzleILi1EEELb0EEEEEvNT_6ParamsE'
thread block = 3,1,0
Destroy streams for kernel 1: size 0
kernel_name = _ZN7cutlass6KernelINS_4gemm6kernel4GemmINS1_11threadblock13MmaMultistageINS1_9GemmShapeILi128ELi256ELi64EEENS_9transform11threadblock28PredicatedTileAccessIteratorINS_11MatrixShapeILi128ELi64EEENS_10bfloat16_tENS_6layout8RowMajorELi1ENS8_29PitchLinearWarpRakedThreadMapINS_16PitchLinearShapeILi64ELi128EEELi256ENSH_ILi8ELi4EEELi8EEENS_5ArrayISD_Li8ELb0EEELb0ENSE_9NoPermuteEEENS9_25RegularTileAccessIteratorISC_SD_NSE_37RowMajorTensorOpMultiplicandCrosswiseILi16ELi64EEELi0ESK_Li16EEELNS_4arch14CacheOperation4KindE1ENSA_INSB_ILi64ELi256EEESD_SF_Li0ENSG_INSH_ILi256ELi64EEELi256ESJ_Li8EEESM_Lb0ESN_EENSP_ISW_SD_NSE_37RowMajorTensorOpMultiplicandCongruousILi16ELi64EEELi0ESY_Li16EEELSV_1EfSF_NS4_9MmaPolicyINS1_4warp11MmaTensorOpINS6_ILi64ELi64ELi64EEESD_SR_SD_S11_fSF_NS14_17MmaTensorOpPolicyINST_3MmaINS6_ILi16ELi8ELi16EEELi32ESD_SF_SD_NSE_11ColumnMajorEfSF_NST_13OpMultiplyAddEEENSB_ILi1ELi1EEEEELi1ELb0EbEENSB_ILi0ELi0EEES1G_Li1EEELi3ELNS1_23SharedMemoryClearOptionE0EbEENS_8epilogue11threadblock8EpilogueIS7_S1F_Li1ENS1L_22PredicatedTileIteratorINS1L_26OutputTileOptimalThreadMapINS1L_15OutputTileShapeILi256ELi8ELi2ELi1ELi1EEENS1P_ILi1ELi8ELi1ELi1ELi8EEELi256ELi4ELi32EEEfLb0ESN_Lb0EEENS1K_4warp24FragmentIteratorTensorOpIS16_S19_fNSL_IfLi4ELb1EEESF_EENS1U_20TileIteratorTensorOpIS16_S19_fSF_EENS1L_18SharedLoadIteratorINS1S_18CompactedThreadMapEfLi16EEENS1K_6thread17LinearCombinationIfLi4EffLNS23_9ScaleType4KindE0ELNS_15FloatRoundStyleE2EfEENSB_ILi0ELi8EEELi2ELi1EEENS4_30GemmIdentityThreadblockSwizzleILi1EEELb0EEEEEvNT_6ParamsE 
kernel_launch_uid = 1 
kernel_stream_id = 0
gpu_sim_cycle = 36265
gpu_sim_insn = 6150144
gpu_ipc =     169.5890
gpu_tot_sim_cycle = 36265
gpu_tot_sim_insn = 6150144
gpu_tot_ipc =     169.5890
gpu_tot_issued_cta = 8
gpu_occupancy = 12.4686% 
gpu_tot_occupancy = 12.4686% 
max_total_param_size = 0
gpu_stall_dramfull = 0
gpu_stall_icnt2sh    = 0
partiton_level_parallism =       3.6143
partiton_level_parallism_total  =       3.6143
partiton_level_parallism_util =       5.1581
partiton_level_parallism_util_total  =       5.1581
L2_BW  =     163.0765 GB/Sec
L2_BW_total  =     163.0765 GB/Sec
gpu_total_sim_rate=1230028

========= Core cache stats =========
L1I_cache:
	L1I_total_cache_accesses = 0
	L1I_total_cache_misses = 0
	L1I_total_cache_pending_hits = 0
	L1I_total_cache_reservation_fails = 0
L1D_cache:
	L1D_cache_core[0]: Access = 4096, Miss = 4096, Miss_rate = 1.000, Pending_hits = 0, Reservation_fails = 5850
	L1D_cache_core[1]: Access = 4096, Miss = 4096, Miss_rate = 1.000, Pending_hits = 0, Reservation_fails = 5729
	L1D_cache_core[2]: Access = 4096, Miss = 4096, Miss_rate = 1.000, Pending_hits = 0, Reservation_fails = 5835
	L1D_cache_core[3]: Access = 4096, Miss = 4096, Miss_rate = 1.000, Pending_hits = 0, Reservation_fails = 5824
	L1D_cache_core[4]: Access = 4096, Miss = 4096, Miss_rate = 1.000, Pending_hits = 0, Reservation_fails = 5820
	L1D_cache_core[5]: Access = 4096, Miss = 4096, Miss_rate = 1.000, Pending_hits = 0, Reservation_fails = 5800
	L1D_cache_core[6]: Access = 4096, Miss = 4096, Miss_rate = 1.000, Pending_hits = 0, Reservation_fails = 5723
	L1D_cache_core[7]: Access = 4096, Miss = 4096, Miss_rate = 1.000, Pending_hits = 0, Reservation_fails = 5840
	L1D_cache_core[8]: Access = 0, Miss = 0, Miss_rate = -nan, Pending_hits = 0, Reservation_fails = 0
	L1D_cache_core[9]: Access = 0, Miss = 0, Miss_rate = -nan, Pending_hits = 0, Reservation_fails = 0
	L1D_cache_core[10]: Access = 0, Miss = 0, Miss_rate = -nan, Pending_hits = 0, Reservation_fails = 0
	L1D_cache_core[11]: Access = 0, Miss = 0, Miss_rate = -nan, Pending_hits = 0, Reservation_fails = 0
	L1D_cache_core[12]: Access = 0, Miss = 0, Miss_rate = -nan, Pending_hits = 0, Reservation_fails = 0
	L1D_cache_core[13]: Access = 0, Miss = 0, Miss_rate = -nan, Pending_hits = 0, Reservation_fails = 0
	L1D_cache_core[14]: Access = 0, Miss = 0, Miss_rate = -nan, Pending_hits = 0, Reservation_fails = 0
	L1D_cache_core[15]: Access = 0, Miss = 0, Miss_rate = -nan, Pending_hits = 0, Reservation_fails = 0
	L1D_cache_core[16]: Access = 0, Miss = 0, Miss_rate = -nan, Pending_hits = 0, Reservation_fails = 0
	L1D_cache_core[17]: Access = 0, Miss = 0, Miss_rate = -nan, Pending_hits = 0, Reservation_fails = 0
	L1D_cache_core[18]: Access = 0, Miss = 0, Miss_rate = -nan, Pending_hits = 0, Reservation_fails = 0
	L1D_cache_core[19]: Access = 0, Miss = 0, Miss_rate = -nan, Pending_hits = 0, Reservation_fails = 0
	L1D_cache_core[20]: Access = 0, Miss = 0, Miss_rate = -nan, Pending_hits = 0, Reservation_fails = 0
	L1D_cache_core[21]: Access = 0, Miss = 0, Miss_rate = -nan, Pending_hits = 0, Reservation_fails = 0
	L1D_cache_core[22]: Access = 0, Miss = 0, Miss_rate = -nan, Pending_hits = 0, Reservation_fails = 0
	L1D_cache_core[23]: Access = 0, Miss = 0, Miss_rate = -nan, Pending_hits = 0, Reservation_fails = 0
	L1D_cache_core[24]: Access = 0, Miss = 0, Miss_rate = -nan, Pending_hits = 0, Reservation_fails = 0
	L1D_cache_core[25]: Access = 0, Miss = 0, Miss_rate = -nan, Pending_hits = 0, Reservation_fails = 0
	L1D_cache_core[26]: Access = 0, Miss = 0, Miss_rate = -nan, Pending_hits = 0, Reservation_fails = 0
	L1D_cache_core[27]: Access = 0, Miss = 0, Miss_rate = -nan, Pending_hits = 0, Reservation_fails = 0
	L1D_cache_core[28]: Access = 0, Miss = 0, Miss_rate = -nan, Pending_hits = 0, Reservation_fails = 0
	L1D_cache_core[29]: Access = 0, Miss = 0, Miss_rate = -nan, Pending_hits = 0, Reservation_fails = 0
	L1D_cache_core[30]: Access = 0, Miss = 0, Miss_rate = -nan, Pending_hits = 0, Reservation_fails = 0
	L1D_cache_core[31]: Access = 0, Miss = 0, Miss_rate = -nan, Pending_hits = 0, Reservation_fails = 0
	L1D_cache_core[32]: Access = 0, Miss = 0, Miss_rate = -nan, Pending_hits = 0, Reservation_fails = 0
	L1D_cache_core[33]: Access = 0, Miss = 0, Miss_rate = -nan, Pending_hits = 0, Reservation_fails = 0
	L1D_cache_core[34]: Access = 0, Miss = 0, Miss_rate = -nan, Pending_hits = 0, Reservation_fails = 0
	L1D_cache_core[35]: Access = 0, Miss = 0, Miss_rate = -nan, Pending_hits = 0, Reservation_fails = 0
	L1D_cache_core[36]: Access = 0, Miss = 0, Miss_rate = -nan, Pending_hits = 0, Reservation_fails = 0
	L1D_cache_core[37]: Access = 0, Miss = 0, Miss_rate = -nan, Pending_hits = 0, Reservation_fails = 0
	L1D_cache_core[38]: Access = 0, Miss = 0, Miss_rate = -nan, Pending_hits = 0, Reservation_fails = 0
	L1D_cache_core[39]: Access = 0, Miss = 0, Miss_rate = -nan, Pending_hits = 0, Reservation_fails = 0
	L1D_cache_core[40]: Access = 0, Miss = 0, Miss_rate = -nan, Pending_hits = 0, Reservation_fails = 0
	L1D_cache_core[41]: Access = 0, Miss = 0, Miss_rate = -nan, Pending_hits = 0, Reservation_fails = 0
	L1D_cache_core[42]: Access = 0, Miss = 0, Miss_rate = -nan, Pending_hits = 0, Reservation_fails = 0
	L1D_cache_core[43]: Access = 0, Miss = 0, Miss_rate = -nan, Pending_hits = 0, Reservation_fails = 0
	L1D_cache_core[44]: Access = 0, Miss = 0, Miss_rate = -nan, Pending_hits = 0, Reservation_fails = 0
	L1D_cache_core[45]: Access = 0, Miss = 0, Miss_rate = -nan, Pending_hits = 0, Reservation_fails = 0
	L1D_cache_core[46]: Access = 0, Miss = 0, Miss_rate = -nan, Pending_hits = 0, Reservation_fails = 0
	L1D_cache_core[47]: Access = 0, Miss = 0, Miss_rate = -nan, Pending_hits = 0, Reservation_fails = 0
	L1D_cache_core[48]: Access = 0, Miss = 0, Miss_rate = -nan, Pending_hits = 0, Reservation_fails = 0
	L1D_cache_core[49]: Access = 0, Miss = 0, Miss_rate = -nan, Pending_hits = 0, Reservation_fails = 0
	L1D_cache_core[50]: Access = 0, Miss = 0, Miss_rate = -nan, Pending_hits = 0, Reservation_fails = 0
	L1D_cache_core[51]: Access = 0, Miss = 0, Miss_rate = -nan, Pending_hits = 0, Reservation_fails = 0
	L1D_cache_core[52]: Access = 0, Miss = 0, Miss_rate = -nan, Pending_hits = 0, Reservation_fails = 0
	L1D_cache_core[53]: Access = 0, Miss = 0, Miss_rate = -nan, Pending_hits = 0, Reservation_fails = 0
	L1D_cache_core[54]: Access = 0, Miss = 0, Miss_rate = -nan, Pending_hits = 0, Reservation_fails = 0
	L1D_cache_core[55]: Access = 0, Miss = 0, Miss_rate = -nan, Pending_hits = 0, Reservation_fails = 0
	L1D_cache_core[56]: Access = 0, Miss = 0, Miss_rate = -nan, Pending_hits = 0, Reservation_fails = 0
	L1D_cache_core[57]: Access = 0, Miss = 0, Miss_rate = -nan, Pending_hits = 0, Reservation_fails = 0
	L1D_cache_core[58]: Access = 0, Miss = 0, Miss_rate = -nan, Pending_hits = 0, Reservation_fails = 0
	L1D_cache_core[59]: Access = 0, Miss = 0, Miss_rate = -nan, Pending_hits = 0, Reservation_fails = 0
	L1D_cache_core[60]: Access = 0, Miss = 0, Miss_rate = -nan, Pending_hits = 0, Reservation_fails = 0
	L1D_cache_core[61]: Access = 0, Miss = 0, Miss_rate = -nan, Pending_hits = 0, Reservation_fails = 0
	L1D_cache_core[62]: Access = 0, Miss = 0, Miss_rate = -nan, Pending_hits = 0, Reservation_fails = 0
	L1D_cache_core[63]: Access = 0, Miss = 0, Miss_rate = -nan, Pending_hits = 0, Reservation_fails = 0
	L1D_cache_core[64]: Access = 0, Miss = 0, Miss_rate = -nan, Pending_hits = 0, Reservation_fails = 0
	L1D_cache_core[65]: Access = 0, Miss = 0, Miss_rate = -nan, Pending_hits = 0, Reservation_fails = 0
	L1D_cache_core[66]: Access = 0, Miss = 0, Miss_rate = -nan, Pending_hits = 0, Reservation_fails = 0
	L1D_cache_core[67]: Access = 0, Miss = 0, Miss_rate = -nan, Pending_hits = 0, Reservation_fails = 0
	L1D_cache_core[68]: Access = 0, Miss = 0, Miss_rate = -nan, Pending_hits = 0, Reservation_fails = 0
	L1D_cache_core[69]: Access = 0, Miss = 0, Miss_rate = -nan, Pending_hits = 0, Reservation_fails = 0
	L1D_cache_core[70]: Access = 0, Miss = 0, Miss_rate = -nan, Pending_hits = 0, Reservation_fails = 0
	L1D_cache_core[71]: Access = 0, Miss = 0, Miss_rate = -nan, Pending_hits = 0, Reservation_fails = 0
	L1D_cache_core[72]: Access = 0, Miss = 0, Miss_rate = -nan, Pending_hits = 0, Reservation_fails = 0
	L1D_cache_core[73]: Access = 0, Miss = 0, Miss_rate = -nan, Pending_hits = 0, Reservation_fails = 0
	L1D_cache_core[74]: Access = 0, Miss = 0, Miss_rate = -nan, Pending_hits = 0, Reservation_fails = 0
	L1D_cache_core[75]: Access = 0, Miss = 0, Miss_rate = -nan, Pending_hits = 0, Reservation_fails = 0
	L1D_cache_core[76]: Access = 0, Miss = 0, Miss_rate = -nan, Pending_hits = 0, Reservation_fails = 0
	L1D_cache_core[77]: Access = 0, Miss = 0, Miss_rate = -nan, Pending_hits = 0, Reservation_fails = 0
	L1D_cache_core[78]: Access = 0, Miss = 0, Miss_rate = -nan, Pending_hits = 0, Reservation_fails = 0
	L1D_cache_core[79]: Access = 0, Miss = 0, Miss_rate = -nan, Pending_hits = 0, Reservation_fails = 0
	L1D_cache_core[80]: Access = 0, Miss = 0, Miss_rate = -nan, Pending_hits = 0, Reservation_fails = 0
	L1D_cache_core[81]: Access = 0, Miss = 0, Miss_rate = -nan, Pending_hits = 0, Reservation_fails = 0
	L1D_cache_core[82]: Access = 0, Miss = 0, Miss_rate = -nan, Pending_hits = 0, Reservation_fails = 0
	L1D_cache_core[83]: Access = 0, Miss = 0, Miss_rate = -nan, Pending_hits = 0, Reservation_fails = 0
	L1D_cache_core[84]: Access = 0, Miss = 0, Miss_rate = -nan, Pending_hits = 0, Reservation_fails = 0
	L1D_cache_core[85]: Access = 0, Miss = 0, Miss_rate = -nan, Pending_hits = 0, Reservation_fails = 0
	L1D_cache_core[86]: Access = 0, Miss = 0, Miss_rate = -nan, Pending_hits = 0, Reservation_fails = 0
	L1D_cache_core[87]: Access = 0, Miss = 0, Miss_rate = -nan, Pending_hits = 0, Reservation_fails = 0
	L1D_cache_core[88]: Access = 0, Miss = 0, Miss_rate = -nan, Pending_hits = 0, Reservation_fails = 0
	L1D_cache_core[89]: Access = 0, Miss = 0, Miss_rate = -nan, Pending_hits = 0, Reservation_fails = 0
	L1D_cache_core[90]: Access = 0, Miss = 0, Miss_rate = -nan, Pending_hits = 0, Reservation_fails = 0
	L1D_cache_core[91]: Access = 0, Miss = 0, Miss_rate = -nan, Pending_hits = 0, Reservation_fails = 0
	L1D_cache_core[92]: Access = 0, Miss = 0, Miss_rate = -nan, Pending_hits = 0, Reservation_fails = 0
	L1D_cache_core[93]: Access = 0, Miss = 0, Miss_rate = -nan, Pending_hits = 0, Reservation_fails = 0
	L1D_cache_core[94]: Access = 0, Miss = 0, Miss_rate = -nan, Pending_hits = 0, Reservation_fails = 0
	L1D_cache_core[95]: Access = 0, Miss = 0, Miss_rate = -nan, Pending_hits = 0, Reservation_fails = 0
	L1D_cache_core[96]: Access = 0, Miss = 0, Miss_rate = -nan, Pending_hits = 0, Reservation_fails = 0
	L1D_cache_core[97]: Access = 0, Miss = 0, Miss_rate = -nan, Pending_hits = 0, Reservation_fails = 0
	L1D_cache_core[98]: Access = 0, Miss = 0, Miss_rate = -nan, Pending_hits = 0, Reservation_fails = 0
	L1D_cache_core[99]: Access = 0, Miss = 0, Miss_rate = -nan, Pending_hits = 0, Reservation_fails = 0
	L1D_cache_core[100]: Access = 0, Miss = 0, Miss_rate = -nan, Pending_hits = 0, Reservation_fails = 0
	L1D_cache_core[101]: Access = 0, Miss = 0, Miss_rate = -nan, Pending_hits = 0, Reservation_fails = 0
	L1D_cache_core[102]: Access = 0, Miss = 0, Miss_rate = -nan, Pending_hits = 0, Reservation_fails = 0
	L1D_cache_core[103]: Access = 0, Miss = 0, Miss_rate = -nan, Pending_hits = 0, Reservation_fails = 0
	L1D_cache_core[104]: Access = 0, Miss = 0, Miss_rate = -nan, Pending_hits = 0, Reservation_fails = 0
	L1D_cache_core[105]: Access = 0, Miss = 0, Miss_rate = -nan, Pending_hits = 0, Reservation_fails = 0
	L1D_cache_core[106]: Access = 0, Miss = 0, Miss_rate = -nan, Pending_hits = 0, Reservation_fails = 0
	L1D_cache_core[107]: Access = 0, Miss = 0, Miss_rate = -nan, Pending_hits = 0, Reservation_fails = 0
	L1D_total_cache_accesses = 32768
	L1D_total_cache_misses = 32768
	L1D_total_cache_miss_rate = 1.0000
	L1D_total_cache_pending_hits = 0
	L1D_total_cache_reservation_fails = 46421
	L1D_cache_data_port_util = 0.000
	L1D_cache_fill_port_util = 0.000
L1C_cache:
	L1C_total_cache_accesses = 0
	L1C_total_cache_misses = 0
	L1C_total_cache_pending_hits = 0
	L1C_total_cache_reservation_fails = 0
L1T_cache:
	L1T_total_cache_accesses = 0
	L1T_total_cache_misses = 0
	L1T_total_cache_pending_hits = 0
	L1T_total_cache_reservation_fails = 0

Total_core_cache_stats:
	Total_core_cache_stats_breakdown[GLOBAL_ACC_R][HIT] = 0
	Total_core_cache_stats_breakdown[GLOBAL_ACC_R][HIT_RESERVED] = 0
	Total_core_cache_stats_breakdown[GLOBAL_ACC_R][MISS] = 0
	Total_core_cache_stats_breakdown[GLOBAL_ACC_R][RESERVATION_FAIL] = 0
	Total_core_cache_stats_breakdown[GLOBAL_ACC_R][SECTOR_MISS] = 0
	Total_core_cache_stats_breakdown[GLOBAL_ACC_R][MSHR_HIT] = 0
	Total_core_cache_stats_breakdown[LOCAL_ACC_R][HIT] = 0
	Total_core_cache_stats_breakdown[LOCAL_ACC_R][HIT_RESERVED] = 0
	Total_core_cache_stats_breakdown[LOCAL_ACC_R][MISS] = 0
	Total_core_cache_stats_breakdown[LOCAL_ACC_R][RESERVATION_FAIL] = 0
	Total_core_cache_stats_breakdown[LOCAL_ACC_R][SECTOR_MISS] = 0
	Total_core_cache_stats_breakdown[LOCAL_ACC_R][MSHR_HIT] = 0
	Total_core_cache_stats_breakdown[CONST_ACC_R][HIT] = 0
	Total_core_cache_stats_breakdown[CONST_ACC_R][HIT_RESERVED] = 0
	Total_core_cache_stats_breakdown[CONST_ACC_R][MISS] = 0
	Total_core_cache_stats_breakdown[CONST_ACC_R][RESERVATION_FAIL] = 0
	Total_core_cache_stats_breakdown[CONST_ACC_R][SECTOR_MISS] = 0
	Total_core_cache_stats_breakdown[CONST_ACC_R][MSHR_HIT] = 0
	Total_core_cache_stats_breakdown[TEXTURE_ACC_R][HIT] = 0
	Total_core_cache_stats_breakdown[TEXTURE_ACC_R][HIT_RESERVED] = 0
	Total_core_cache_stats_breakdown[TEXTURE_ACC_R][MISS] = 0
	Total_core_cache_stats_breakdown[TEXTURE_ACC_R][RESERVATION_FAIL] = 0
	Total_core_cache_stats_breakdown[TEXTURE_ACC_R][SECTOR_MISS] = 0
	Total_core_cache_stats_breakdown[TEXTURE_ACC_R][MSHR_HIT] = 0
	Total_core_cache_stats_breakdown[GLOBAL_ACC_W][HIT] = 0
	Total_core_cache_stats_breakdown[GLOBAL_ACC_W][HIT_RESERVED] = 0
	Total_core_cache_stats_breakdown[GLOBAL_ACC_W][MISS] = 8192
	Total_core_cache_stats_breakdown[GLOBAL_ACC_W][RESERVATION_FAIL] = 46421
	Total_core_cache_stats_breakdown[GLOBAL_ACC_W][SECTOR_MISS] = 24576
	Total_core_cache_stats_breakdown[GLOBAL_ACC_W][MSHR_HIT] = 0
	Total_core_cache_stats_breakdown[LOCAL_ACC_W][HIT] = 0
	Total_core_cache_stats_breakdown[LOCAL_ACC_W][HIT_RESERVED] = 0
	Total_core_cache_stats_breakdown[LOCAL_ACC_W][MISS] = 0
	Total_core_cache_stats_breakdown[LOCAL_ACC_W][RESERVATION_FAIL] = 0
	Total_core_cache_stats_breakdown[LOCAL_ACC_W][SECTOR_MISS] = 0
	Total_core_cache_stats_breakdown[LOCAL_ACC_W][MSHR_HIT] = 0
	Total_core_cache_stats_breakdown[L1_WRBK_ACC][HIT] = 0
	Total_core_cache_stats_breakdown[L1_WRBK_ACC][HIT_RESERVED] = 0
	Total_core_cache_stats_breakdown[L1_WRBK_ACC][MISS] = 0
	Total_core_cache_stats_breakdown[L1_WRBK_ACC][RESERVATION_FAIL] = 0
	Total_core_cache_stats_breakdown[L1_WRBK_ACC][SECTOR_MISS] = 0
	Total_core_cache_stats_breakdown[L1_WRBK_ACC][MSHR_HIT] = 0
	Total_core_cache_stats_breakdown[L2_WRBK_ACC][HIT] = 0
	Total_core_cache_stats_breakdown[L2_WRBK_ACC][HIT_RESERVED] = 0
	Total_core_cache_stats_breakdown[L2_WRBK_ACC][MISS] = 0
	Total_core_cache_stats_breakdown[L2_WRBK_ACC][RESERVATION_FAIL] = 0
	Total_core_cache_stats_breakdown[L2_WRBK_ACC][SECTOR_MISS] = 0
	Total_core_cache_stats_breakdown[L2_WRBK_ACC][MSHR_HIT] = 0
	Total_core_cache_stats_breakdown[INST_ACC_R][HIT] = 0
	Total_core_cache_stats_breakdown[INST_ACC_R][HIT_RESERVED] = 0
	Total_core_cache_stats_breakdown[INST_ACC_R][MISS] = 0
	Total_core_cache_stats_breakdown[INST_ACC_R][RESERVATION_FAIL] = 0
	Total_core_cache_stats_breakdown[INST_ACC_R][SECTOR_MISS] = 0
	Total_core_cache_stats_breakdown[INST_ACC_R][MSHR_HIT] = 0
	Total_core_cache_stats_breakdown[L1_WR_ALLOC_R][HIT] = 0
	Total_core_cache_stats_breakdown[L1_WR_ALLOC_R][HIT_RESERVED] = 0
	Total_core_cache_stats_breakdown[L1_WR_ALLOC_R][MISS] = 0
	Total_core_cache_stats_breakdown[L1_WR_ALLOC_R][RESERVATION_FAIL] = 0
	Total_core_cache_stats_breakdown[L1_WR_ALLOC_R][SECTOR_MISS] = 0
	Total_core_cache_stats_breakdown[L1_WR_ALLOC_R][MSHR_HIT] = 0
	Total_core_cache_stats_breakdown[L2_WR_ALLOC_R][HIT] = 0
	Total_core_cache_stats_breakdown[L2_WR_ALLOC_R][HIT_RESERVED] = 0
	Total_core_cache_stats_breakdown[L2_WR_ALLOC_R][MISS] = 0
	Total_core_cache_stats_breakdown[L2_WR_ALLOC_R][RESERVATION_FAIL] = 0
	Total_core_cache_stats_breakdown[L2_WR_ALLOC_R][SECTOR_MISS] = 0
	Total_core_cache_stats_breakdown[L2_WR_ALLOC_R][MSHR_HIT] = 0
	Total_core_cache_stats_breakdown[GLOBAL_ACC_W][TOTAL_ACCESS] = 32768

Total_core_cache_fail_stats:
	Total_core_cache_fail_stats_breakdown[GLOBAL_ACC_W][MISS_QUEUE_FULL] = 46421
ctas_completed 8, Shader 0 warp_id issue ditsribution:
warp_id:
0, 1, 2, 3, 4, 5, 6, 7, 
distro:
3031, 3031, 3031, 3031, 3031, 3031, 3031, 3031, 
gpgpu_n_tot_thrd_icount = 6404096
gpgpu_n_tot_w_icount = 200128
gpgpu_n_stall_shd_mem = 127743
gpgpu_n_mem_read_local = 0
gpgpu_n_mem_write_local = 0
gpgpu_n_mem_read_global = 98304
gpgpu_n_mem_write_global = 32768
gpgpu_n_mem_texture = 0
gpgpu_n_mem_const = 0
gpgpu_n_load_insn  = 196608
gpgpu_n_store_insn = 65536
gpgpu_n_shmem_insn = 737280
gpgpu_n_sstarr_insn = 0
gpgpu_n_tex_insn = 0
gpgpu_n_const_mem_insn = 0
gpgpu_n_param_mem_insn = 0
gpgpu_n_shmem_bkconflict = 60928
gpgpu_n_l1cache_bkconflict = 19405
gpgpu_n_intrawarp_mshr_merge = 0
gpgpu_n_cmem_portconflict = 0
gpgpu_stall_shd_mem[c_mem][resource_stall] = 0
gpgpu_stall_shd_mem[s_mem][bk_conf] = 60928
gpgpu_stall_shd_mem[gl_mem][resource_stall] = 19405
gpgpu_stall_shd_mem[gl_mem][coal_stall] = 20474
gpgpu_stall_shd_mem[gl_mem][data_port_stall] = 0
gpu_reg_bank_conflict_stalls = 0
Warp Occupancy Distribution:
Stall:678255	W0_Idle:43075	W0_Scoreboard:75326	W1:0	W2:0	W3:0	W4:0	W5:0	W6:0	W7:0	W8:0	W9:0	W10:0	W11:0	W12:0	W13:0	W14:0	W15:0	W16:0	W17:0	W18:0	W19:0	W20:0	W21:0	W22:0	W23:0	W24:0	W25:0	W26:0	W27:0	W28:0	W29:0	W30:0	W31:0	W32:186048
single_issue_nums: WS0:48496	WS1:48496	WS2:48496	WS3:48496	
dual_issue_nums: WS0:0	WS1:0	WS2:0	WS3:0	
traffic_breakdown_coretomem[GLOBAL_ACC_R] = 786432 {8:98304,}
traffic_breakdown_coretomem[GLOBAL_ACC_W] = 1310720 {40:32768,}
traffic_breakdown_memtocore[GLOBAL_ACC_R] = 3932160 {40:98304,}
traffic_breakdown_memtocore[GLOBAL_ACC_W] = 262144 {8:32768,}
maxmflatency = 2181 
max_icnt2mem_latency = 881 
maxmrqlatency = 312 
max_icnt2sh_latency = 1054 
averagemflatency = 698 
avg_icnt2mem_latency = 273 
avg_mrq_latency = 12 
avg_icnt2sh_latency = 145 
mrq_lat_table:11549 	4698 	5313 	3622 	4064 	2003 	1129 	383 	7 	0 	0 	0 	0 	0 	0 	0 	0 	0 	0 	0 	0 	0 	0 	0 	0 	0 	0 	0 	0 	0 	0 	0 	
dq_lat_table:0 	0 	0 	0 	0 	0 	0 	0 	0 	0 	0 	0 	0 	0 	0 	0 	0 	0 	0 	0 	0 	0 	0 	0 	0 	0 	0 	0 	0 	0 	0 	0 	
mf_lat_table:0 	0 	0 	0 	0 	0 	0 	1857 	47849 	54979 	26277 	110 	0 	0 	0 	0 	0 	0 	0 	0 	0 	0 	0 	0 	0 	0 	0 	0 	0 	0 	0 	0 	
icnt2mem_lat_table:0 	273 	703 	1787 	3151 	13965 	26973 	31692 	22791 	29737 	0 	0 	0 	0 	0 	0 	0 	0 	0 	0 	0 	0 	0 	0 	
icnt2sh_lat_table:0 	38924 	5075 	6211 	8538 	11467 	14535 	18040 	18043 	10225 	14 	0 	0 	0 	0 	0 	0 	0 	0 	0 	0 	0 	0 	0 	
mf_lat_pw_table:0 	0 	0 	0 	0 	0 	0 	0 	13 	29 	10 	0 	0 	0 	0 	0 	0 	0 	0 	0 	0 	0 	0 	0 	0 	0 	0 	0 	0 	0 	0 	0 	
maximum concurrent accesses to same row:
dram[0]:        64        64        64        64        28        40        40        16        32        24        48        52        64        44        64        56 
dram[1]:        32        64        28        24        20        20        16        16        16        12        40        40        64        64        64        64 
dram[2]:        64        64        64        64        48        64        24        64        24        28        40        40        64        64        64        64 
dram[3]:        64        64        64        64        64        64        64        64        64        64        40        64        64        64        64        64 
dram[4]:        64        64        64        64        32        44        32        24        32        20        48        56        64        44        64        56 
dram[5]:        32        64        24        20        16        20        16        16        16        12        44        44        64        64        64        64 
dram[6]:        64        64        64        64        48        64        20        64        24        28        44        44        64        64        64        64 
dram[7]:        64        64        64        64        64        64        64        64        64        64        44        64        64        64        64        64 
dram[8]:        64        64        64        64        28        44        36        16        24        20        48        52        64        40        64        48 
dram[9]:        32        64        28        24        20        24        24        28        20        16        44        44        64        64        64        64 
dram[10]:        64        64        64        64        48        64        24        64        20        28        44        44        64        64        64        64 
dram[11]:        64        64        64        64        64        64        64        64        64        64        44        64        64        64        64        64 
maximum service time to same row:
dram[0]:      6250      7947      6341      8120      6229      8033      7940      8041     10531      8489     10679      8853     13105     10937     13992     13623 
dram[1]:     10102     10938     10134     10666     10114     12593     10204     12584     10184     12562      7320      7352     10390      8071     13004     10716 
dram[2]:     10173     10244     10280     10312     12664     12739     15135     15209     15271     17564      7904     10350      7948     10326      8861      8989 
dram[3]:     10581     12019     10671     11895     13093     13109     15601     15644     17957     17973     10634     10631     12724     12724     10613     13149 
dram[4]:      6264      7955      6323      8131      6222      8029      7986      8050     10532      8489     10679      8865     13108     10958     14004     13635 
dram[5]:     10098     10946     10130     10674     10122     12589     10198     12580     10180     12558      7328      7360     10402      8084     13019     10728 
dram[6]:     10169     10240     10288     10326     12672     12747     15131     15205     15267     17560      7892     10338      7948     10326      8857      8985 
dram[7]:     10577     12031     10679     11883     13101     13117     15597     15640     17953     17969     10622     10619     12724     12724     10613     13161 
dram[8]:      6257      7951      6310      8125      6236      8025      7967      8045     10509      8495     10679      8842     13084     10961     14004     13623 
dram[9]:     10106     10942     10138     10670     10118     12592     10192     12576     10176     12554      7324      7356     10389      8071     13001     10716 
dram[10]:     10165     10236     10284     10319     12668     12743     15139     15213     15263     17568      7904     10338      7948     10326      8853      8981 
dram[11]:     10573     12031     10675     11895     13097     13113     15593     15636     17961     17977     10622     10619     12724     12724     10625     13161 
average row accesses per activate:
dram[0]: 64.000000 64.000000 64.000000 64.000000 18.500000 21.142857 19.200001 12.800000 21.333334 12.800000 19.200001 32.000000 64.000000 27.428572 64.000000 27.428572 
dram[1]: 21.333334 64.000000 16.000000 10.666667 14.800000  9.866667 16.000000 17.454546 17.454546 11.294118 24.000000 21.333334 64.000000 64.000000 64.000000 64.000000 
dram[2]: 64.000000 64.000000 64.000000 64.000000 10.571428 18.500000 10.105263 14.769231 12.800000  8.727273 24.000000 12.800000 64.000000 64.000000 64.000000 64.000000 
dram[3]: 64.000000 64.000000 64.000000 64.000000 14.800000 14.800000 21.333334 14.769231 21.333334 21.333334 13.714286 24.000000 21.333334 21.333334 64.000000 17.454546 
dram[4]: 64.000000 64.000000 64.000000 64.000000 16.444445 21.142857 21.333334 14.769231 21.333334 12.800000 24.000000 32.000000 64.000000 27.428572 64.000000 27.428572 
dram[5]: 21.333334 64.000000 16.000000 10.666667 14.800000  9.866667 14.769231 17.454546 17.454546 11.294118 24.000000 21.333334 64.000000 64.000000 64.000000 64.000000 
dram[6]: 64.000000 64.000000 64.000000 64.000000 10.571428 18.500000 10.105263 17.454546 12.800000  8.727273 24.000000 12.800000 64.000000 64.000000 64.000000 64.000000 
dram[7]: 64.000000 64.000000 64.000000 64.000000 14.800000 14.800000 21.333334 14.769231 21.333334 21.333334 14.769231 24.000000 21.333334 21.333334 64.000000 17.454546 
dram[8]: 64.000000 64.000000 64.000000 64.000000 19.000000 21.714285 17.454546 12.800000 21.333334 12.800000 24.000000 32.000000 64.000000 27.428572 64.000000 27.428572 
dram[9]: 21.333334 64.000000 16.000000 10.666667 15.200000 10.857142 16.000000 21.333334 17.454546 11.294118 19.200001 21.333334 64.000000 64.000000 64.000000 64.000000 
dram[10]: 64.000000 64.000000 64.000000 64.000000 10.857142 19.000000 10.105263 14.769231 12.800000  9.142858 24.000000 12.800000 64.000000 64.000000 64.000000 64.000000 
dram[11]: 64.000000 64.000000 64.000000 64.000000 15.200000 15.200000 21.333334 14.769231 21.333334 21.333334 14.769231 24.000000 21.333334 21.333334 64.000000 17.454546 
average row locality = 32768/1481 = 22.125591
number of total memory accesses made:
dram[0]:         0         0         0         0         0         0         0         0         0         0         0         0         0         0         0         0 
dram[1]:         0         0         0         0         0         0         0         0         0         0         0         0         0         0         0         0 
dram[2]:         0         0         0         0         0         0         0         0         0         0         0         0         0         0         0         0 
dram[3]:         0         0         0         0         0         0         0         0         0         0         0         0         0         0         0         0 
dram[4]:         0         0         0         0         0         0         0         0         0         0         0         0         0         0         0         0 
dram[5]:         0         0         0         0         0         0         0         0         0         0         0         0         0         0         0         0 
dram[6]:         0         0         0         0         0         0         0         0         0         0         0         0         0         0         0         0 
dram[7]:         0         0         0         0         0         0         0         0         0         0         0         0         0         0         0         0 
dram[8]:         0         0         0         0         0         0         0         0         0         0         0         0         0         0         0         0 
dram[9]:         0         0         0         0         0         0         0         0         0         0         0         0         0         0         0         0 
dram[10]:         0         0         0         0         0         0         0         0         0         0         0         0         0         0         0         0 
dram[11]:         0         0         0         0         0         0         0         0         0         0         0         0         0         0         0         0 
total accesses: 0
min_bank_accesses = 0!
min_chip_accesses = 0!
number of total read accesses:
dram[0]:       256       256       256       256       296       296       384       384       384       384       384       384       384       384       384       384 
dram[1]:       256       256       256       256       296       296       384       384       384       384       384       384       384       384       384       384 
dram[2]:       256       256       256       256       296       296       384       384       384       384       384       384       384       384       384       384 
dram[3]:       256       256       256       256       296       296       384       384       384       384       384       384       384       384       384       384 
dram[4]:       256       256       256       256       296       296       384       384       384       384       384       384       384       384       384       384 
dram[5]:       256       256       256       256       296       296       384       384       384       384       384       384       384       384       384       384 
dram[6]:       256       256       256       256       296       296       384       384       384       384       384       384       384       384       384       384 
dram[7]:       256       256       256       256       296       296       384       384       384       384       384       384       384       384       384       384 
dram[8]:       256       256       256       256       304       304       384       384       384       384       384       384       384       384       384       384 
dram[9]:       256       256       256       256       304       304       384       384       384       384       384       384       384       384       384       384 
dram[10]:       256       256       256       256       304       304       384       384       384       384       384       384       384       384       384       384 
dram[11]:       256       256       256       256       304       304       384       384       384       384       384       384       384       384       384       384 
total dram reads = 65536
bank skew: 384/256 = 1.50
chip skew: 5472/5456 = 1.00
number of total write accesses:
dram[0]:         0         0         0         0         0         0         0         0         0         0         0         0         0         0         0         0 
dram[1]:         0         0         0         0         0         0         0         0         0         0         0         0         0         0         0         0 
dram[2]:         0         0         0         0         0         0         0         0         0         0         0         0         0         0         0         0 
dram[3]:         0         0         0         0         0         0         0         0         0         0         0         0         0         0         0         0 
dram[4]:         0         0         0         0         0         0         0         0         0         0         0         0         0         0         0         0 
dram[5]:         0         0         0         0         0         0         0         0         0         0         0         0         0         0         0         0 
dram[6]:         0         0         0         0         0         0         0         0         0         0         0         0         0         0         0         0 
dram[7]:         0         0         0         0         0         0         0         0         0         0         0         0         0         0         0         0 
dram[8]:         0         0         0         0         0         0         0         0         0         0         0         0         0         0         0         0 
dram[9]:         0         0         0         0         0         0         0         0         0         0         0         0         0         0         0         0 
dram[10]:         0         0         0         0         0         0         0         0         0         0         0         0         0         0         0         0 
dram[11]:         0         0         0         0         0         0         0         0         0         0         0         0         0         0         0         0 
total dram writes = 0
min_bank_accesses = 0!
min_chip_accesses = 0!
average mf latency per bank:
dram[0]:       1263      1617      1181      1584      1084      1491      1143      1453      1113      1711      1311      1536      1442      1955      1421      2202
dram[1]:       2116      1422      1281      1455      1374      1457      1068      1154      1395      1287      1297      1356      1580      1502      1442      1616
dram[2]:       1249      1568      1231      1275      1131      1341      1442      1161      1039      1747      1313      1395      1357      1578      1475      1619
dram[3]:       1328      1327      1226      1277      1083      1134      1144      1202      1049      1013      1410      1334      1420      1418      1453      1737
dram[4]:       1261      1627      1205      1549      1110      1514      1155      1511      1141      1714      1314      1632      1433      1933      1371      2168
dram[5]:       2050      1364      1382      1603      1382      1363      1188      1255      1355      1212      1385      1475      1572      1492      1489      1566
dram[6]:       1217      1592      1218      1260      1065      1278      1441      1236       986      1642      1345      1425      1309      1493      1439      1668
dram[7]:       1403      1360      1227      1258      1212      1203      1159      1184      1221      1084      1459      1361      1583      1409      1376      1735
dram[8]:       1268      1613      1196      1467      1106      1440      1179      1447      1132      1579      1385      1548      1440      1833      1408      2025
dram[9]:       2031      1412      1414      1638      1356      1431      1203      1276      1337      1290      1405      1407      1570      1490      1534      1606
dram[10]:       1248      1595      1224      1078      1149      1325      1455       927      1069      1788      1372      1198      1335      1532      1405      1372
dram[11]:       1312      1438      1289      1286      1160      1188      1191      1200      1126      1128      1512      1328      1514      1486      1414      1639
maximum mf latency per bank:
dram[0]:       1005      1715       974      1942      1135      1769      1491      2161      1301      2072      1501      1891      1288      2071      1371      2103
dram[1]:       1601      1243      1265      1311      1484      1398      1226      1278      1542      1379      1186      1346      1493      1249      1217      1421
dram[2]:       1414      1800      1524      1218      1396      1639      1600      1368      1416      1688      1598      1302      1476      1732      1780      1730
dram[3]:       1141      1144      1303      1331      1072      1104      1374      1360      1154      1028      1485      1444      1266      1364      1360      1562
dram[4]:       1012      1673       969      1934      1200      1787      1390      2141      1422      2181      1439      1802      1376      2151      1267      2131
dram[5]:       1659      1162      1412      1492      1531      1345      1442      1459      1585      1329      1347      1493      1534      1316      1342      1384
dram[6]:       1263      1793      1484      1262      1204      1569      1562      1375      1339      1665      1559      1331      1335      1628      1748      1793
dram[7]:       1307      1182      1281      1369      1249      1215      1396      1406      1402      1105      1446      1400      1456      1315      1229      1539
dram[8]:       1066      1482       977      1751      1350      1504      1419      2030      1371      1837      1694      1491      1354      1843      1272      1965
dram[9]:       1651      1259      1421      1501      1476      1422      1440      1471      1554      1400      1351      1502      1497      1218      1356      1370
dram[10]:       1515      1849      1546       852      1506      1614      1591      1093      1459      1711      1581      1263      1570      1717      1774      1290
dram[11]:       1291      1252      1345      1285      1225      1245      1419      1340      1333      1194      1572      1368      1396      1442      1257      1525
Memory Partition 0: 
Cache L2_bank_000:
MSHR contents

Cache L2_bank_001:
MSHR contents

Cache L2_bank_002:
MSHR contents

Cache L2_bank_003:
MSHR contents

In Dram Latency Queue (total = 0): 
DRAM[0]: 16 bks, busW=8 BL=2 CL=22, tRRD=7 tCCD=1, tRCD=22 tRAS=50 tRP=22 tRC=72
n_cmd=109736 n_nop=104125 n_act=108 n_pre=92 n_ref_event=0 n_req=2728 n_rd=5456 n_rd_L2_A=0 n_write=0 n_wr_bk=0 bw_util=0.04972
n_activity=19206 dram_eff=0.2841
bk0: 256a 108207i bk1: 256a 108568i bk2: 256a 108142i bk3: 256a 108512i bk4: 296a 107055i bk5: 296a 108087i bk6: 384a 106950i bk7: 384a 106888i bk8: 384a 106528i bk9: 384a 106910i bk10: 384a 106792i bk11: 384a 107559i bk12: 384a 107581i bk13: 384a 107485i bk14: 384a 108051i bk15: 384a 107582i 

------------------------------------------------------------------------

Row_Buffer_Locality = 0.960411
Row_Buffer_Locality_read = 0.960411
Row_Buffer_Locality_write = -nan
Bank_Level_Parallism = 2.347357
Bank_Level_Parallism_Col = 2.013073
Bank_Level_Parallism_Ready = 1.405792
write_to_read_ratio_blp_rw_average = 0.000000
GrpLevelPara = 1.419801 

BW Util details:
bwutil = 0.049719 
total_CMD = 109736 
util_bw = 5456 
Wasted_Col = 10174 
Wasted_Row = 391 
Idle = 93715 

BW Util Bottlenecks: 
RCDc_limit = 1750 
RCDWRc_limit = 0 
WTRc_limit = 0 
RTWc_limit = 0 
CCDLc_limit = 17172 
rwq = 0 
CCDLc_limit_alone = 17172 
WTRc_limit_alone = 0 
RTWc_limit_alone = 0 

Commands details: 
total_CMD = 109736 
n_nop = 104125 
Read = 5456 
Write = 0 
L2_Alloc = 0 
L2_WB = 0 
n_act = 108 
n_pre = 92 
n_ref = 0 
n_req = 2728 
total_req = 5456 

Dual Bus Interface Util: 
issued_total_row = 200 
issued_total_col = 5456 
Row_Bus_Util =  0.001823 
CoL_Bus_Util = 0.049719 
Either_Row_CoL_Bus_Util = 0.051132 
Issued_on_Two_Bus_Simul_Util = 0.000410 
issued_two_Eff = 0.008020 
queue_avg = 1.535631 


dram_util_bins: 0 0 0 0 0 0 0 0 0 0
dram_eff_bins: 0 0 0 0 0 0 0 0 0 0
mrqq: max=62 avg=1.53563
Memory Partition 1: 
Cache L2_bank_004:
MSHR contents

Cache L2_bank_005:
MSHR contents

Cache L2_bank_006:
MSHR contents

Cache L2_bank_007:
MSHR contents

In Dram Latency Queue (total = 0): 
DRAM[1]: 16 bks, busW=8 BL=2 CL=22, tRRD=7 tCCD=1, tRCD=22 tRAS=50 tRP=22 tRC=72
n_cmd=109736 n_nop=104085 n_act=133 n_pre=117 n_ref_event=0 n_req=2728 n_rd=5456 n_rd_L2_A=0 n_write=0 n_wr_bk=0 bw_util=0.04972
n_activity=20803 dram_eff=0.2623
bk0: 256a 108374i bk1: 256a 108594i bk2: 256a 108274i bk3: 256a 107797i bk4: 296a 107840i bk5: 296a 107619i bk6: 384a 107413i bk7: 384a 107304i bk8: 384a 107506i bk9: 384a 107093i bk10: 384a 107616i bk11: 384a 107687i bk12: 384a 108211i bk13: 384a 108130i bk14: 384a 108185i bk15: 384a 108018i 

------------------------------------------------------------------------

Row_Buffer_Locality = 0.951246
Row_Buffer_Locality_read = 0.951246
Row_Buffer_Locality_write = -nan
Bank_Level_Parallism = 1.867034
Bank_Level_Parallism_Col = 1.684764
Bank_Level_Parallism_Ready = 1.241202
write_to_read_ratio_blp_rw_average = 0.000000
GrpLevelPara = 1.343785 

BW Util details:
bwutil = 0.049719 
total_CMD = 109736 
util_bw = 5456 
Wasted_Col = 11329 
Wasted_Row = 806 
Idle = 92145 

BW Util Bottlenecks: 
RCDc_limit = 2257 
RCDWRc_limit = 0 
WTRc_limit = 0 
RTWc_limit = 0 
CCDLc_limit = 15784 
rwq = 0 
CCDLc_limit_alone = 15784 
WTRc_limit_alone = 0 
RTWc_limit_alone = 0 

Commands details: 
total_CMD = 109736 
n_nop = 104085 
Read = 5456 
Write = 0 
L2_Alloc = 0 
L2_WB = 0 
n_act = 133 
n_pre = 117 
n_ref = 0 
n_req = 2728 
total_req = 5456 

Dual Bus Interface Util: 
issued_total_row = 250 
issued_total_col = 5456 
Row_Bus_Util =  0.002278 
CoL_Bus_Util = 0.049719 
Either_Row_CoL_Bus_Util = 0.051496 
Issued_on_Two_Bus_Simul_Util = 0.000501 
issued_two_Eff = 0.009733 
queue_avg = 0.772180 


dram_util_bins: 0 0 0 0 0 0 0 0 0 0
dram_eff_bins: 0 0 0 0 0 0 0 0 0 0
mrqq: max=30 avg=0.77218
Memory Partition 2: 
Cache L2_bank_008:
MSHR contents

Cache L2_bank_009:
MSHR contents

Cache L2_bank_010:
MSHR contents

Cache L2_bank_011:
MSHR contents

In Dram Latency Queue (total = 0): 
DRAM[2]: 16 bks, busW=8 BL=2 CL=22, tRRD=7 tCCD=1, tRCD=22 tRAS=50 tRP=22 tRC=72
n_cmd=109736 n_nop=104073 n_act=134 n_pre=118 n_ref_event=0 n_req=2728 n_rd=5456 n_rd_L2_A=0 n_write=0 n_wr_bk=0 bw_util=0.04972
n_activity=22146 dram_eff=0.2464
bk0: 256a 108603i bk1: 256a 108577i bk2: 256a 108603i bk3: 256a 108704i bk4: 296a 107679i bk5: 296a 108003i bk6: 384a 106774i bk7: 384a 107687i bk8: 384a 107310i bk9: 384a 106918i bk10: 384a 107781i bk11: 384a 107579i bk12: 384a 108297i bk13: 384a 108098i bk14: 384a 108120i bk15: 384a 108261i 

------------------------------------------------------------------------

Row_Buffer_Locality = 0.950880
Row_Buffer_Locality_read = 0.950880
Row_Buffer_Locality_write = -nan
Bank_Level_Parallism = 1.698378
Bank_Level_Parallism_Col = 1.558192
Bank_Level_Parallism_Ready = 1.201613
write_to_read_ratio_blp_rw_average = 0.000000
GrpLevelPara = 1.301129 

BW Util details:
bwutil = 0.049719 
total_CMD = 109736 
util_bw = 5456 
Wasted_Col = 12047 
Wasted_Row = 1050 
Idle = 91183 

BW Util Bottlenecks: 
RCDc_limit = 2393 
RCDWRc_limit = 0 
WTRc_limit = 0 
RTWc_limit = 0 
CCDLc_limit = 15298 
rwq = 0 
CCDLc_limit_alone = 15298 
WTRc_limit_alone = 0 
RTWc_limit_alone = 0 

Commands details: 
total_CMD = 109736 
n_nop = 104073 
Read = 5456 
Write = 0 
L2_Alloc = 0 
L2_WB = 0 
n_act = 134 
n_pre = 118 
n_ref = 0 
n_req = 2728 
total_req = 5456 

Dual Bus Interface Util: 
issued_total_row = 252 
issued_total_col = 5456 
Row_Bus_Util =  0.002296 
CoL_Bus_Util = 0.049719 
Either_Row_CoL_Bus_Util = 0.051606 
Issued_on_Two_Bus_Simul_Util = 0.000410 
issued_two_Eff = 0.007946 
queue_avg = 0.797086 


dram_util_bins: 0 0 0 0 0 0 0 0 0 0
dram_eff_bins: 0 0 0 0 0 0 0 0 0 0
mrqq: max=35 avg=0.797086
Memory Partition 3: 
Cache L2_bank_012:
MSHR contents

Cache L2_bank_013:
MSHR contents

Cache L2_bank_014:
MSHR contents

Cache L2_bank_015:
MSHR contents

In Dram Latency Queue (total = 0): 
DRAM[3]: 16 bks, busW=8 BL=2 CL=22, tRRD=7 tCCD=1, tRCD=22 tRAS=50 tRP=22 tRC=72
n_cmd=109736 n_nop=104088 n_act=122 n_pre=106 n_ref_event=0 n_req=2728 n_rd=5456 n_rd_L2_A=0 n_write=0 n_wr_bk=0 bw_util=0.04972
n_activity=22947 dram_eff=0.2378
bk0: 256a 108510i bk1: 256a 108693i bk2: 256a 108686i bk3: 256a 108458i bk4: 296a 108078i bk5: 296a 107731i bk6: 384a 107941i bk7: 384a 107480i bk8: 384a 107678i bk9: 384a 107801i bk10: 384a 107341i bk11: 384a 107971i bk12: 384a 107516i bk13: 384a 107904i bk14: 384a 108197i bk15: 384a 107778i 

------------------------------------------------------------------------

Row_Buffer_Locality = 0.955279
Row_Buffer_Locality_read = 0.955279
Row_Buffer_Locality_write = -nan
Bank_Level_Parallism = 1.649107
Bank_Level_Parallism_Col = 1.515991
Bank_Level_Parallism_Ready = 1.190433
write_to_read_ratio_blp_rw_average = 0.000000
GrpLevelPara = 1.274471 

BW Util details:
bwutil = 0.049719 
total_CMD = 109736 
util_bw = 5456 
Wasted_Col = 12166 
Wasted_Row = 1019 
Idle = 91095 

BW Util Bottlenecks: 
RCDc_limit = 2222 
RCDWRc_limit = 0 
WTRc_limit = 0 
RTWc_limit = 0 
CCDLc_limit = 15173 
rwq = 0 
CCDLc_limit_alone = 15173 
WTRc_limit_alone = 0 
RTWc_limit_alone = 0 

Commands details: 
total_CMD = 109736 
n_nop = 104088 
Read = 5456 
Write = 0 
L2_Alloc = 0 
L2_WB = 0 
n_act = 122 
n_pre = 106 
n_ref = 0 
n_req = 2728 
total_req = 5456 

Dual Bus Interface Util: 
issued_total_row = 228 
issued_total_col = 5456 
Row_Bus_Util =  0.002078 
CoL_Bus_Util = 0.049719 
Either_Row_CoL_Bus_Util = 0.051469 
Issued_on_Two_Bus_Simul_Util = 0.000328 
issued_two_Eff = 0.006374 
queue_avg = 0.573376 


dram_util_bins: 0 0 0 0 0 0 0 0 0 0
dram_eff_bins: 0 0 0 0 0 0 0 0 0 0
mrqq: max=23 avg=0.573376
Memory Partition 4: 
Cache L2_bank_016:
MSHR contents

Cache L2_bank_017:
MSHR contents

Cache L2_bank_018:
MSHR contents

Cache L2_bank_019:
MSHR contents

In Dram Latency Queue (total = 0): 
DRAM[4]: 16 bks, busW=8 BL=2 CL=22, tRRD=7 tCCD=1, tRCD=22 tRAS=50 tRP=22 tRC=72
n_cmd=109736 n_nop=104127 n_act=104 n_pre=88 n_ref_event=0 n_req=2728 n_rd=5456 n_rd_L2_A=0 n_write=0 n_wr_bk=0 bw_util=0.04972
n_activity=19239 dram_eff=0.2836
bk0: 256a 108152i bk1: 256a 108608i bk2: 256a 108350i bk3: 256a 108371i bk4: 296a 107179i bk5: 296a 108034i bk6: 384a 106841i bk7: 384a 106989i bk8: 384a 106468i bk9: 384a 106786i bk10: 384a 106887i bk11: 384a 107513i bk12: 384a 107434i bk13: 384a 107422i bk14: 384a 107868i bk15: 384a 107580i 

------------------------------------------------------------------------

Row_Buffer_Locality = 0.961877
Row_Buffer_Locality_read = 0.961877
Row_Buffer_Locality_write = -nan
Bank_Level_Parallism = 2.364405
Bank_Level_Parallism_Col = 2.080299
Bank_Level_Parallism_Ready = 1.461877
write_to_read_ratio_blp_rw_average = 0.000000
GrpLevelPara = 1.412419 

BW Util details:
bwutil = 0.049719 
total_CMD = 109736 
util_bw = 5456 
Wasted_Col = 10223 
Wasted_Row = 402 
Idle = 93655 

BW Util Bottlenecks: 
RCDc_limit = 1701 
RCDWRc_limit = 0 
WTRc_limit = 0 
RTWc_limit = 0 
CCDLc_limit = 17715 
rwq = 0 
CCDLc_limit_alone = 17715 
WTRc_limit_alone = 0 
RTWc_limit_alone = 0 

Commands details: 
total_CMD = 109736 
n_nop = 104127 
Read = 5456 
Write = 0 
L2_Alloc = 0 
L2_WB = 0 
n_act = 104 
n_pre = 88 
n_ref = 0 
n_req = 2728 
total_req = 5456 

Dual Bus Interface Util: 
issued_total_row = 192 
issued_total_col = 5456 
Row_Bus_Util =  0.001750 
CoL_Bus_Util = 0.049719 
Either_Row_CoL_Bus_Util = 0.051114 
Issued_on_Two_Bus_Simul_Util = 0.000355 
issued_two_Eff = 0.006953 
queue_avg = 1.638487 


dram_util_bins: 0 0 0 0 0 0 0 0 0 0
dram_eff_bins: 0 0 0 0 0 0 0 0 0 0
mrqq: max=61 avg=1.63849
Memory Partition 5: 
Cache L2_bank_020:
MSHR contents

Cache L2_bank_021:
MSHR contents

Cache L2_bank_022:
MSHR contents

Cache L2_bank_023:
MSHR contents

In Dram Latency Queue (total = 0): 
DRAM[5]: 16 bks, busW=8 BL=2 CL=22, tRRD=7 tCCD=1, tRCD=22 tRAS=50 tRP=22 tRC=72
n_cmd=109736 n_nop=104076 n_act=134 n_pre=118 n_ref_event=0 n_req=2728 n_rd=5456 n_rd_L2_A=0 n_write=0 n_wr_bk=0 bw_util=0.04972
n_activity=20873 dram_eff=0.2614
bk0: 256a 108397i bk1: 256a 108656i bk2: 256a 108250i bk3: 256a 107726i bk4: 296a 108020i bk5: 296a 107600i bk6: 384a 107454i bk7: 384a 107161i bk8: 384a 107686i bk9: 384a 107160i bk10: 384a 107657i bk11: 384a 107666i bk12: 384a 108170i bk13: 384a 108044i bk14: 384a 108174i bk15: 384a 107990i 

------------------------------------------------------------------------

Row_Buffer_Locality = 0.950880
Row_Buffer_Locality_read = 0.950880
Row_Buffer_Locality_write = -nan
Bank_Level_Parallism = 1.864017
Bank_Level_Parallism_Col = 1.700885
Bank_Level_Parallism_Ready = 1.247984
write_to_read_ratio_blp_rw_average = 0.000000
GrpLevelPara = 1.351465 

BW Util details:
bwutil = 0.049719 
total_CMD = 109736 
util_bw = 5456 
Wasted_Col = 11208 
Wasted_Row = 875 
Idle = 92197 

BW Util Bottlenecks: 
RCDc_limit = 2309 
RCDWRc_limit = 0 
WTRc_limit = 0 
RTWc_limit = 0 
CCDLc_limit = 15476 
rwq = 0 
CCDLc_limit_alone = 15476 
WTRc_limit_alone = 0 
RTWc_limit_alone = 0 

Commands details: 
total_CMD = 109736 
n_nop = 104076 
Read = 5456 
Write = 0 
L2_Alloc = 0 
L2_WB = 0 
n_act = 134 
n_pre = 118 
n_ref = 0 
n_req = 2728 
total_req = 5456 

Dual Bus Interface Util: 
issued_total_row = 252 
issued_total_col = 5456 
Row_Bus_Util =  0.002296 
CoL_Bus_Util = 0.049719 
Either_Row_CoL_Bus_Util = 0.051578 
Issued_on_Two_Bus_Simul_Util = 0.000437 
issued_two_Eff = 0.008481 
queue_avg = 0.695588 


dram_util_bins: 0 0 0 0 0 0 0 0 0 0
dram_eff_bins: 0 0 0 0 0 0 0 0 0 0
mrqq: max=25 avg=0.695588
Memory Partition 6: 
Cache L2_bank_024:
MSHR contents

Cache L2_bank_025:
MSHR contents

Cache L2_bank_026:
MSHR contents

Cache L2_bank_027:
MSHR contents

In Dram Latency Queue (total = 0): 
DRAM[6]: 16 bks, busW=8 BL=2 CL=22, tRRD=7 tCCD=1, tRCD=22 tRAS=50 tRP=22 tRC=72
n_cmd=109736 n_nop=104077 n_act=132 n_pre=116 n_ref_event=0 n_req=2728 n_rd=5456 n_rd_L2_A=0 n_write=0 n_wr_bk=0 bw_util=0.04972
n_activity=22222 dram_eff=0.2455
bk0: 256a 108607i bk1: 256a 108491i bk2: 256a 108606i bk3: 256a 108599i bk4: 296a 107958i bk5: 296a 108240i bk6: 384a 106961i bk7: 384a 107682i bk8: 384a 107367i bk9: 384a 106953i bk10: 384a 107819i bk11: 384a 107467i bk12: 384a 108309i bk13: 384a 108190i bk14: 384a 108025i bk15: 384a 108325i 

------------------------------------------------------------------------

Row_Buffer_Locality = 0.951613
Row_Buffer_Locality_read = 0.951613
Row_Buffer_Locality_write = -nan
Bank_Level_Parallism = 1.679985
Bank_Level_Parallism_Col = 1.551089
Bank_Level_Parallism_Ready = 1.191532
write_to_read_ratio_blp_rw_average = 0.000000
GrpLevelPara = 1.303594 

BW Util details:
bwutil = 0.049719 
total_CMD = 109736 
util_bw = 5456 
Wasted_Col = 11957 
Wasted_Row = 983 
Idle = 91340 

BW Util Bottlenecks: 
RCDc_limit = 2364 
RCDWRc_limit = 0 
WTRc_limit = 0 
RTWc_limit = 0 
CCDLc_limit = 15052 
rwq = 0 
CCDLc_limit_alone = 15052 
WTRc_limit_alone = 0 
RTWc_limit_alone = 0 

Commands details: 
total_CMD = 109736 
n_nop = 104077 
Read = 5456 
Write = 0 
L2_Alloc = 0 
L2_WB = 0 
n_act = 132 
n_pre = 116 
n_ref = 0 
n_req = 2728 
total_req = 5456 

Dual Bus Interface Util: 
issued_total_row = 248 
issued_total_col = 5456 
Row_Bus_Util =  0.002260 
CoL_Bus_Util = 0.049719 
Either_Row_CoL_Bus_Util = 0.051569 
Issued_on_Two_Bus_Simul_Util = 0.000410 
issued_two_Eff = 0.007952 
queue_avg = 0.825436 


dram_util_bins: 0 0 0 0 0 0 0 0 0 0
dram_eff_bins: 0 0 0 0 0 0 0 0 0 0
mrqq: max=46 avg=0.825436
Memory Partition 7: 
Cache L2_bank_028:
MSHR contents

Cache L2_bank_029:
MSHR contents

Cache L2_bank_030:
MSHR contents

Cache L2_bank_031:
MSHR contents

In Dram Latency Queue (total = 0): 
DRAM[7]: 16 bks, busW=8 BL=2 CL=22, tRRD=7 tCCD=1, tRCD=22 tRAS=50 tRP=22 tRC=72
n_cmd=109736 n_nop=104097 n_act=121 n_pre=105 n_ref_event=0 n_req=2728 n_rd=5456 n_rd_L2_A=0 n_write=0 n_wr_bk=0 bw_util=0.04972
n_activity=22992 dram_eff=0.2373
bk0: 256a 108613i bk1: 256a 108661i bk2: 256a 108724i bk3: 256a 108542i bk4: 296a 107991i bk5: 296a 107952i bk6: 384a 107957i bk7: 384a 107251i bk8: 384a 107640i bk9: 384a 107780i bk10: 384a 107420i bk11: 384a 107713i bk12: 384a 107267i bk13: 384a 107766i bk14: 384a 108331i bk15: 384a 107493i 

------------------------------------------------------------------------

Row_Buffer_Locality = 0.955645
Row_Buffer_Locality_read = 0.955645
Row_Buffer_Locality_write = -nan
Bank_Level_Parallism = 1.682093
Bank_Level_Parallism_Col = 1.543843
Bank_Level_Parallism_Ready = 1.215543
write_to_read_ratio_blp_rw_average = 0.000000
GrpLevelPara = 1.269023 

BW Util details:
bwutil = 0.049719 
total_CMD = 109736 
util_bw = 5456 
Wasted_Col = 12191 
Wasted_Row = 1022 
Idle = 91067 

BW Util Bottlenecks: 
RCDc_limit = 2219 
RCDWRc_limit = 0 
WTRc_limit = 0 
RTWc_limit = 0 
CCDLc_limit = 15342 
rwq = 0 
CCDLc_limit_alone = 15342 
WTRc_limit_alone = 0 
RTWc_limit_alone = 0 

Commands details: 
total_CMD = 109736 
n_nop = 104097 
Read = 5456 
Write = 0 
L2_Alloc = 0 
L2_WB = 0 
n_act = 121 
n_pre = 105 
n_ref = 0 
n_req = 2728 
total_req = 5456 

Dual Bus Interface Util: 
issued_total_row = 226 
issued_total_col = 5456 
Row_Bus_Util =  0.002059 
CoL_Bus_Util = 0.049719 
Either_Row_CoL_Bus_Util = 0.051387 
Issued_on_Two_Bus_Simul_Util = 0.000392 
issued_two_Eff = 0.007625 
queue_avg = 0.624453 


dram_util_bins: 0 0 0 0 0 0 0 0 0 0
dram_eff_bins: 0 0 0 0 0 0 0 0 0 0
mrqq: max=26 avg=0.624453
Memory Partition 8: 
Cache L2_bank_032:
MSHR contents

Cache L2_bank_033:
MSHR contents

Cache L2_bank_034:
MSHR contents

Cache L2_bank_035:
MSHR contents

In Dram Latency Queue (total = 0): 
DRAM[8]: 16 bks, busW=8 BL=2 CL=22, tRRD=7 tCCD=1, tRCD=22 tRAS=50 tRP=22 tRC=72
n_cmd=109736 n_nop=104108 n_act=107 n_pre=91 n_ref_event=0 n_req=2736 n_rd=5472 n_rd_L2_A=0 n_write=0 n_wr_bk=0 bw_util=0.04987
n_activity=19425 dram_eff=0.2817
bk0: 256a 108183i bk1: 256a 108562i bk2: 256a 108437i bk3: 256a 108364i bk4: 304a 106787i bk5: 304a 108119i bk6: 384a 106959i bk7: 384a 106727i bk8: 384a 106440i bk9: 384a 106796i bk10: 384a 107103i bk11: 384a 107537i bk12: 384a 107581i bk13: 384a 107564i bk14: 384a 107843i bk15: 384a 107607i 

------------------------------------------------------------------------

Row_Buffer_Locality = 0.960892
Row_Buffer_Locality_read = 0.960892
Row_Buffer_Locality_write = -nan
Bank_Level_Parallism = 2.333785
Bank_Level_Parallism_Col = 2.036775
Bank_Level_Parallism_Ready = 1.439145
write_to_read_ratio_blp_rw_average = 0.000000
GrpLevelPara = 1.404524 

BW Util details:
bwutil = 0.049865 
total_CMD = 109736 
util_bw = 5472 
Wasted_Col = 10377 
Wasted_Row = 392 
Idle = 93495 

BW Util Bottlenecks: 
RCDc_limit = 1744 
RCDWRc_limit = 0 
WTRc_limit = 0 
RTWc_limit = 0 
CCDLc_limit = 17747 
rwq = 0 
CCDLc_limit_alone = 17747 
WTRc_limit_alone = 0 
RTWc_limit_alone = 0 

Commands details: 
total_CMD = 109736 
n_nop = 104108 
Read = 5472 
Write = 0 
L2_Alloc = 0 
L2_WB = 0 
n_act = 107 
n_pre = 91 
n_ref = 0 
n_req = 2736 
total_req = 5472 

Dual Bus Interface Util: 
issued_total_row = 198 
issued_total_col = 5472 
Row_Bus_Util =  0.001804 
CoL_Bus_Util = 0.049865 
Either_Row_CoL_Bus_Util = 0.051287 
Issued_on_Two_Bus_Simul_Util = 0.000383 
issued_two_Eff = 0.007463 
queue_avg = 1.708391 


dram_util_bins: 0 0 0 0 0 0 0 0 0 0
dram_eff_bins: 0 0 0 0 0 0 0 0 0 0
mrqq: max=59 avg=1.70839
Memory Partition 9: 
Cache L2_bank_036:
MSHR contents

Cache L2_bank_037:
MSHR contents

Cache L2_bank_038:
MSHR contents

Cache L2_bank_039:
MSHR contents

In Dram Latency Queue (total = 0): 
DRAM[9]: 16 bks, busW=8 BL=2 CL=22, tRRD=7 tCCD=1, tRCD=22 tRAS=50 tRP=22 tRC=72
n_cmd=109736 n_nop=104067 n_act=132 n_pre=116 n_ref_event=0 n_req=2736 n_rd=5472 n_rd_L2_A=0 n_write=0 n_wr_bk=0 bw_util=0.04987
n_activity=21047 dram_eff=0.26
bk0: 256a 108136i bk1: 256a 108463i bk2: 256a 107936i bk3: 256a 107653i bk4: 304a 107929i bk5: 304a 107576i bk6: 384a 107432i bk7: 384a 107175i bk8: 384a 107467i bk9: 384a 107113i bk10: 384a 107578i bk11: 384a 107495i bk12: 384a 108146i bk13: 384a 108150i bk14: 384a 108174i bk15: 384a 107906i 

------------------------------------------------------------------------

Row_Buffer_Locality = 0.951754
Row_Buffer_Locality_read = 0.951754
Row_Buffer_Locality_write = -nan
Bank_Level_Parallism = 1.926454
Bank_Level_Parallism_Col = 1.719565
Bank_Level_Parallism_Ready = 1.284174
write_to_read_ratio_blp_rw_average = 0.000000
GrpLevelPara = 1.335127 

BW Util details:
bwutil = 0.049865 
total_CMD = 109736 
util_bw = 5472 
Wasted_Col = 11481 
Wasted_Row = 791 
Idle = 91992 

BW Util Bottlenecks: 
RCDc_limit = 2312 
RCDWRc_limit = 0 
WTRc_limit = 0 
RTWc_limit = 0 
CCDLc_limit = 16192 
rwq = 0 
CCDLc_limit_alone = 16192 
WTRc_limit_alone = 0 
RTWc_limit_alone = 0 

Commands details: 
total_CMD = 109736 
n_nop = 104067 
Read = 5472 
Write = 0 
L2_Alloc = 0 
L2_WB = 0 
n_act = 132 
n_pre = 116 
n_ref = 0 
n_req = 2736 
total_req = 5472 

Dual Bus Interface Util: 
issued_total_row = 248 
issued_total_col = 5472 
Row_Bus_Util =  0.002260 
CoL_Bus_Util = 0.049865 
Either_Row_CoL_Bus_Util = 0.051660 
Issued_on_Two_Bus_Simul_Util = 0.000465 
issued_two_Eff = 0.008996 
queue_avg = 0.792766 


dram_util_bins: 0 0 0 0 0 0 0 0 0 0
dram_eff_bins: 0 0 0 0 0 0 0 0 0 0
mrqq: max=29 avg=0.792766
Memory Partition 10: 
Cache L2_bank_040:
MSHR contents

Cache L2_bank_041:
MSHR contents

Cache L2_bank_042:
MSHR contents

Cache L2_bank_043:
MSHR contents

In Dram Latency Queue (total = 0): 
DRAM[10]: 16 bks, busW=8 BL=2 CL=22, tRRD=7 tCCD=1, tRCD=22 tRAS=50 tRP=22 tRC=72
n_cmd=109736 n_nop=104063 n_act=133 n_pre=117 n_ref_event=0 n_req=2736 n_rd=5472 n_rd_L2_A=0 n_write=0 n_wr_bk=0 bw_util=0.04987
n_activity=22215 dram_eff=0.2463
bk0: 256a 108534i bk1: 256a 108504i bk2: 256a 108646i bk3: 256a 108751i bk4: 304a 107456i bk5: 304a 107972i bk6: 384a 106823i bk7: 384a 107758i bk8: 384a 107225i bk9: 384a 106676i bk10: 384a 107893i bk11: 384a 107633i bk12: 384a 108259i bk13: 384a 108033i bk14: 384a 108169i bk15: 384a 108343i 

------------------------------------------------------------------------

Row_Buffer_Locality = 0.951389
Row_Buffer_Locality_read = 0.951389
Row_Buffer_Locality_write = -nan
Bank_Level_Parallism = 1.706620
Bank_Level_Parallism_Col = 1.564918
Bank_Level_Parallism_Ready = 1.203034
write_to_read_ratio_blp_rw_average = 0.000000
GrpLevelPara = 1.310633 

BW Util details:
bwutil = 0.049865 
total_CMD = 109736 
util_bw = 5472 
Wasted_Col = 12029 
Wasted_Row = 1154 
Idle = 91081 

BW Util Bottlenecks: 
RCDc_limit = 2408 
RCDWRc_limit = 0 
WTRc_limit = 0 
RTWc_limit = 0 
CCDLc_limit = 15018 
rwq = 0 
CCDLc_limit_alone = 15018 
WTRc_limit_alone = 0 
RTWc_limit_alone = 0 

Commands details: 
total_CMD = 109736 
n_nop = 104063 
Read = 5472 
Write = 0 
L2_Alloc = 0 
L2_WB = 0 
n_act = 133 
n_pre = 117 
n_ref = 0 
n_req = 2736 
total_req = 5472 

Dual Bus Interface Util: 
issued_total_row = 250 
issued_total_col = 5472 
Row_Bus_Util =  0.002278 
CoL_Bus_Util = 0.049865 
Either_Row_CoL_Bus_Util = 0.051697 
Issued_on_Two_Bus_Simul_Util = 0.000447 
issued_two_Eff = 0.008637 
queue_avg = 0.911342 


dram_util_bins: 0 0 0 0 0 0 0 0 0 0
dram_eff_bins: 0 0 0 0 0 0 0 0 0 0
mrqq: max=37 avg=0.911342
Memory Partition 11: 
Cache L2_bank_044:
MSHR contents

Cache L2_bank_045:
MSHR contents

Cache L2_bank_046:
MSHR contents

Cache L2_bank_047:
MSHR contents

In Dram Latency Queue (total = 0): 
DRAM[11]: 16 bks, busW=8 BL=2 CL=22, tRRD=7 tCCD=1, tRCD=22 tRAS=50 tRP=22 tRC=72
n_cmd=109736 n_nop=104082 n_act=121 n_pre=105 n_ref_event=0 n_req=2736 n_rd=5472 n_rd_L2_A=0 n_write=0 n_wr_bk=0 bw_util=0.04987
n_activity=23154 dram_eff=0.2363
bk0: 256a 108488i bk1: 256a 108647i bk2: 256a 108789i bk3: 256a 108463i bk4: 304a 107964i bk5: 304a 107603i bk6: 384a 107939i bk7: 384a 107629i bk8: 384a 107741i bk9: 384a 107610i bk10: 384a 107267i bk11: 384a 107926i bk12: 384a 107360i bk13: 384a 107768i bk14: 384a 108118i bk15: 384a 107734i 

------------------------------------------------------------------------

Row_Buffer_Locality = 0.955775
Row_Buffer_Locality_read = 0.955775
Row_Buffer_Locality_write = -nan
Bank_Level_Parallism = 1.670259
Bank_Level_Parallism_Col = 1.520703
Bank_Level_Parallism_Ready = 1.208699
write_to_read_ratio_blp_rw_average = 0.000000
GrpLevelPara = 1.257833 

BW Util details:
bwutil = 0.049865 
total_CMD = 109736 
util_bw = 5472 
Wasted_Col = 12451 
Wasted_Row = 916 
Idle = 90897 

BW Util Bottlenecks: 
RCDc_limit = 2253 
RCDWRc_limit = 0 
WTRc_limit = 0 
RTWc_limit = 0 
CCDLc_limit = 15600 
rwq = 0 
CCDLc_limit_alone = 15600 
WTRc_limit_alone = 0 
RTWc_limit_alone = 0 

Commands details: 
total_CMD = 109736 
n_nop = 104082 
Read = 5472 
Write = 0 
L2_Alloc = 0 
L2_WB = 0 
n_act = 121 
n_pre = 105 
n_ref = 0 
n_req = 2736 
total_req = 5472 

Dual Bus Interface Util: 
issued_total_row = 226 
issued_total_col = 5472 
Row_Bus_Util =  0.002059 
CoL_Bus_Util = 0.049865 
Either_Row_CoL_Bus_Util = 0.051524 
Issued_on_Two_Bus_Simul_Util = 0.000401 
issued_two_Eff = 0.007782 
queue_avg = 0.629155 


dram_util_bins: 0 0 0 0 0 0 0 0 0 0
dram_eff_bins: 0 0 0 0 0 0 0 0 0 0
mrqq: max=29 avg=0.629155

========= L2 cache stats =========
L2_cache_bank[0]: Access = 2664, Miss = 1364, Miss_rate = 0.512, Pending_hits = 871, Reservation_fails = 0
L2_cache_bank[1]: Access = 2664, Miss = 1364, Miss_rate = 0.512, Pending_hits = 772, Reservation_fails = 0
L2_cache_bank[2]: Access = 2792, Miss = 1368, Miss_rate = 0.490, Pending_hits = 831, Reservation_fails = 0
L2_cache_bank[3]: Access = 2792, Miss = 1368, Miss_rate = 0.490, Pending_hits = 788, Reservation_fails = 0
L2_cache_bank[4]: Access = 2664, Miss = 1364, Miss_rate = 0.512, Pending_hits = 754, Reservation_fails = 0
L2_cache_bank[5]: Access = 2664, Miss = 1364, Miss_rate = 0.512, Pending_hits = 671, Reservation_fails = 0
L2_cache_bank[6]: Access = 2792, Miss = 1368, Miss_rate = 0.490, Pending_hits = 739, Reservation_fails = 0
L2_cache_bank[7]: Access = 2792, Miss = 1368, Miss_rate = 0.490, Pending_hits = 653, Reservation_fails = 0
L2_cache_bank[8]: Access = 2664, Miss = 1364, Miss_rate = 0.512, Pending_hits = 399, Reservation_fails = 0
L2_cache_bank[9]: Access = 2664, Miss = 1364, Miss_rate = 0.512, Pending_hits = 414, Reservation_fails = 0
L2_cache_bank[10]: Access = 2792, Miss = 1368, Miss_rate = 0.490, Pending_hits = 419, Reservation_fails = 0
L2_cache_bank[11]: Access = 2792, Miss = 1368, Miss_rate = 0.490, Pending_hits = 354, Reservation_fails = 0
L2_cache_bank[12]: Access = 2664, Miss = 1364, Miss_rate = 0.512, Pending_hits = 358, Reservation_fails = 0
L2_cache_bank[13]: Access = 2664, Miss = 1364, Miss_rate = 0.512, Pending_hits = 349, Reservation_fails = 0
L2_cache_bank[14]: Access = 2792, Miss = 1368, Miss_rate = 0.490, Pending_hits = 331, Reservation_fails = 0
L2_cache_bank[15]: Access = 2792, Miss = 1368, Miss_rate = 0.490, Pending_hits = 342, Reservation_fails = 0
L2_cache_bank[16]: Access = 2664, Miss = 1364, Miss_rate = 0.512, Pending_hits = 834, Reservation_fails = 0
L2_cache_bank[17]: Access = 2664, Miss = 1364, Miss_rate = 0.512, Pending_hits = 766, Reservation_fails = 0
L2_cache_bank[18]: Access = 2796, Miss = 1364, Miss_rate = 0.488, Pending_hits = 854, Reservation_fails = 0
L2_cache_bank[19]: Access = 2796, Miss = 1364, Miss_rate = 0.488, Pending_hits = 802, Reservation_fails = 0
L2_cache_bank[20]: Access = 2664, Miss = 1364, Miss_rate = 0.512, Pending_hits = 734, Reservation_fails = 0
L2_cache_bank[21]: Access = 2664, Miss = 1364, Miss_rate = 0.512, Pending_hits = 676, Reservation_fails = 0
L2_cache_bank[22]: Access = 2796, Miss = 1364, Miss_rate = 0.488, Pending_hits = 710, Reservation_fails = 0
L2_cache_bank[23]: Access = 2796, Miss = 1364, Miss_rate = 0.488, Pending_hits = 651, Reservation_fails = 0
L2_cache_bank[24]: Access = 2664, Miss = 1364, Miss_rate = 0.512, Pending_hits = 399, Reservation_fails = 0
L2_cache_bank[25]: Access = 2664, Miss = 1364, Miss_rate = 0.512, Pending_hits = 409, Reservation_fails = 0
L2_cache_bank[26]: Access = 2796, Miss = 1364, Miss_rate = 0.488, Pending_hits = 392, Reservation_fails = 0
L2_cache_bank[27]: Access = 2796, Miss = 1364, Miss_rate = 0.488, Pending_hits = 363, Reservation_fails = 0
L2_cache_bank[28]: Access = 2664, Miss = 1364, Miss_rate = 0.512, Pending_hits = 334, Reservation_fails = 0
L2_cache_bank[29]: Access = 2664, Miss = 1364, Miss_rate = 0.512, Pending_hits = 312, Reservation_fails = 0
L2_cache_bank[30]: Access = 2796, Miss = 1364, Miss_rate = 0.488, Pending_hits = 357, Reservation_fails = 0
L2_cache_bank[31]: Access = 2796, Miss = 1364, Miss_rate = 0.488, Pending_hits = 361, Reservation_fails = 0
L2_cache_bank[32]: Access = 2672, Miss = 1368, Miss_rate = 0.512, Pending_hits = 884, Reservation_fails = 0
L2_cache_bank[33]: Access = 2672, Miss = 1368, Miss_rate = 0.512, Pending_hits = 781, Reservation_fails = 0
L2_cache_bank[34]: Access = 2796, Miss = 1364, Miss_rate = 0.488, Pending_hits = 851, Reservation_fails = 0
L2_cache_bank[35]: Access = 2796, Miss = 1364, Miss_rate = 0.488, Pending_hits = 826, Reservation_fails = 0
L2_cache_bank[36]: Access = 2672, Miss = 1368, Miss_rate = 0.512, Pending_hits = 754, Reservation_fails = 0
L2_cache_bank[37]: Access = 2672, Miss = 1368, Miss_rate = 0.512, Pending_hits = 668, Reservation_fails = 0
L2_cache_bank[38]: Access = 2796, Miss = 1364, Miss_rate = 0.488, Pending_hits = 746, Reservation_fails = 0
L2_cache_bank[39]: Access = 2796, Miss = 1364, Miss_rate = 0.488, Pending_hits = 653, Reservation_fails = 0
L2_cache_bank[40]: Access = 2672, Miss = 1368, Miss_rate = 0.512, Pending_hits = 387, Reservation_fails = 0
L2_cache_bank[41]: Access = 2672, Miss = 1368, Miss_rate = 0.512, Pending_hits = 382, Reservation_fails = 0
L2_cache_bank[42]: Access = 2796, Miss = 1364, Miss_rate = 0.488, Pending_hits = 406, Reservation_fails = 0
L2_cache_bank[43]: Access = 2796, Miss = 1364, Miss_rate = 0.488, Pending_hits = 379, Reservation_fails = 0
L2_cache_bank[44]: Access = 2672, Miss = 1368, Miss_rate = 0.512, Pending_hits = 309, Reservation_fails = 0
L2_cache_bank[45]: Access = 2672, Miss = 1368, Miss_rate = 0.512, Pending_hits = 319, Reservation_fails = 0
L2_cache_bank[46]: Access = 2796, Miss = 1364, Miss_rate = 0.488, Pending_hits = 319, Reservation_fails = 0
L2_cache_bank[47]: Access = 2796, Miss = 1364, Miss_rate = 0.488, Pending_hits = 339, Reservation_fails = 0
L2_total_cache_accesses = 131072
L2_total_cache_misses = 65536
L2_total_cache_miss_rate = 0.5000
L2_total_cache_pending_hits = 27002
L2_total_cache_reservation_fails = 0
L2_total_cache_breakdown:
	L2_cache_stats_breakdown[GLOBAL_ACC_R][HIT] = 38534
	L2_cache_stats_breakdown[GLOBAL_ACC_R][HIT_RESERVED] = 27002
	L2_cache_stats_breakdown[GLOBAL_ACC_R][MISS] = 8192
	L2_cache_stats_breakdown[GLOBAL_ACC_R][RESERVATION_FAIL] = 0
	L2_cache_stats_breakdown[GLOBAL_ACC_R][SECTOR_MISS] = 24576
	L2_cache_stats_breakdown[GLOBAL_ACC_R][MSHR_HIT] = 27002
	L2_cache_stats_breakdown[LOCAL_ACC_R][HIT] = 0
	L2_cache_stats_breakdown[LOCAL_ACC_R][HIT_RESERVED] = 0
	L2_cache_stats_breakdown[LOCAL_ACC_R][MISS] = 0
	L2_cache_stats_breakdown[LOCAL_ACC_R][RESERVATION_FAIL] = 0
	L2_cache_stats_breakdown[LOCAL_ACC_R][SECTOR_MISS] = 0
	L2_cache_stats_breakdown[LOCAL_ACC_R][MSHR_HIT] = 0
	L2_cache_stats_breakdown[CONST_ACC_R][HIT] = 0
	L2_cache_stats_breakdown[CONST_ACC_R][HIT_RESERVED] = 0
	L2_cache_stats_breakdown[CONST_ACC_R][MISS] = 0
	L2_cache_stats_breakdown[CONST_ACC_R][RESERVATION_FAIL] = 0
	L2_cache_stats_breakdown[CONST_ACC_R][SECTOR_MISS] = 0
	L2_cache_stats_breakdown[CONST_ACC_R][MSHR_HIT] = 0
	L2_cache_stats_breakdown[TEXTURE_ACC_R][HIT] = 0
	L2_cache_stats_breakdown[TEXTURE_ACC_R][HIT_RESERVED] = 0
	L2_cache_stats_breakdown[TEXTURE_ACC_R][MISS] = 0
	L2_cache_stats_breakdown[TEXTURE_ACC_R][RESERVATION_FAIL] = 0
	L2_cache_stats_breakdown[TEXTURE_ACC_R][SECTOR_MISS] = 0
	L2_cache_stats_breakdown[TEXTURE_ACC_R][MSHR_HIT] = 0
	L2_cache_stats_breakdown[GLOBAL_ACC_W][HIT] = 0
	L2_cache_stats_breakdown[GLOBAL_ACC_W][HIT_RESERVED] = 0
	L2_cache_stats_breakdown[GLOBAL_ACC_W][MISS] = 8192
	L2_cache_stats_breakdown[GLOBAL_ACC_W][RESERVATION_FAIL] = 0
	L2_cache_stats_breakdown[GLOBAL_ACC_W][SECTOR_MISS] = 24576
	L2_cache_stats_breakdown[GLOBAL_ACC_W][MSHR_HIT] = 0
	L2_cache_stats_breakdown[LOCAL_ACC_W][HIT] = 0
	L2_cache_stats_breakdown[LOCAL_ACC_W][HIT_RESERVED] = 0
	L2_cache_stats_breakdown[LOCAL_ACC_W][MISS] = 0
	L2_cache_stats_breakdown[LOCAL_ACC_W][RESERVATION_FAIL] = 0
	L2_cache_stats_breakdown[LOCAL_ACC_W][SECTOR_MISS] = 0
	L2_cache_stats_breakdown[LOCAL_ACC_W][MSHR_HIT] = 0
	L2_cache_stats_breakdown[L1_WRBK_ACC][HIT] = 0
	L2_cache_stats_breakdown[L1_WRBK_ACC][HIT_RESERVED] = 0
	L2_cache_stats_breakdown[L1_WRBK_ACC][MISS] = 0
	L2_cache_stats_breakdown[L1_WRBK_ACC][RESERVATION_FAIL] = 0
	L2_cache_stats_breakdown[L1_WRBK_ACC][SECTOR_MISS] = 0
	L2_cache_stats_breakdown[L1_WRBK_ACC][MSHR_HIT] = 0
	L2_cache_stats_breakdown[L2_WRBK_ACC][HIT] = 0
	L2_cache_stats_breakdown[L2_WRBK_ACC][HIT_RESERVED] = 0
	L2_cache_stats_breakdown[L2_WRBK_ACC][MISS] = 0
	L2_cache_stats_breakdown[L2_WRBK_ACC][RESERVATION_FAIL] = 0
	L2_cache_stats_breakdown[L2_WRBK_ACC][SECTOR_MISS] = 0
	L2_cache_stats_breakdown[L2_WRBK_ACC][MSHR_HIT] = 0
	L2_cache_stats_breakdown[INST_ACC_R][HIT] = 0
	L2_cache_stats_breakdown[INST_ACC_R][HIT_RESERVED] = 0
	L2_cache_stats_breakdown[INST_ACC_R][MISS] = 0
	L2_cache_stats_breakdown[INST_ACC_R][RESERVATION_FAIL] = 0
	L2_cache_stats_breakdown[INST_ACC_R][SECTOR_MISS] = 0
	L2_cache_stats_breakdown[INST_ACC_R][MSHR_HIT] = 0
	L2_cache_stats_breakdown[L1_WR_ALLOC_R][HIT] = 0
	L2_cache_stats_breakdown[L1_WR_ALLOC_R][HIT_RESERVED] = 0
	L2_cache_stats_breakdown[L1_WR_ALLOC_R][MISS] = 0
	L2_cache_stats_breakdown[L1_WR_ALLOC_R][RESERVATION_FAIL] = 0
	L2_cache_stats_breakdown[L1_WR_ALLOC_R][SECTOR_MISS] = 0
	L2_cache_stats_breakdown[L1_WR_ALLOC_R][MSHR_HIT] = 0
	L2_cache_stats_breakdown[L2_WR_ALLOC_R][HIT] = 0
	L2_cache_stats_breakdown[L2_WR_ALLOC_R][HIT_RESERVED] = 0
	L2_cache_stats_breakdown[L2_WR_ALLOC_R][MISS] = 0
	L2_cache_stats_breakdown[L2_WR_ALLOC_R][RESERVATION_FAIL] = 0
	L2_cache_stats_breakdown[L2_WR_ALLOC_R][SECTOR_MISS] = 0
	L2_cache_stats_breakdown[L2_WR_ALLOC_R][MSHR_HIT] = 0
	L2_cache_stats_breakdown[GLOBAL_ACC_R][TOTAL_ACCESS] = 98304
	L2_cache_stats_breakdown[GLOBAL_ACC_W][TOTAL_ACCESS] = 32768
L2_total_cache_reservation_fail_breakdown:
L2_cache_data_port_util = 0.022
L2_cache_fill_port_util = 0.019

icnt_total_pkts_mem_to_simt=131072
icnt_total_pkts_simt_to_mem=131072
LD_mem_lat_dist  0 0 0 0 0 0 0 0 0 0 0 0 0 0 0 0 0 0 0 0 0 0 0 0 0 0 0
ST_mem_lat_dist  0 0 0 0 0 0 0 0 0 0 0 0 0 0 0 0 0 0 0 0 0 0 0 0 0 0 0
----------------------------Interconnect-DETAILS--------------------------------
Req_Network_injected_packets_num = 131072
Req_Network_cycles = 36265
Req_Network_injected_packets_per_cycle =       3.6143 
Req_Network_conflicts_per_cycle =       0.6033
Req_Network_conflicts_per_cycle_util =       0.8610
Req_Bank_Level_Parallism =       5.1581
Req_Network_in_buffer_full_per_cycle =       0.7428
Req_Network_in_buffer_avg_util =       8.2903
Req_Network_out_buffer_full_per_cycle =       0.0000
Req_Network_out_buffer_avg_util =       0.0753

Reply_Network_injected_packets_num = 131072
Reply_Network_cycles = 36265
Reply_Network_injected_packets_per_cycle =        3.6143
Reply_Network_conflicts_per_cycle =        7.4941
Reply_Network_conflicts_per_cycle_util =      10.6282
Reply_Bank_Level_Parallism =       5.1258
Reply_Network_in_buffer_full_per_cycle =       0.0000
Reply_Network_in_buffer_avg_util =       9.7268
Reply_Network_out_buffer_full_per_cycle =       0.0000
Reply_Network_out_buffer_avg_util =       0.1765
----------------------------END-of-Interconnect-DETAILS-------------------------


gpgpu_simulation_time = 0 days, 0 hrs, 0 min, 5 sec (5 sec)
gpgpu_simulation_rate = 1230028 (inst/sec)
gpgpu_simulation_rate = 7253 (cycle/sec)
gpgpu_silicon_slowdown = 194402x
GPGPU-Sim: *** simulation thread exiting ***
GPGPU-Sim: *** exit detected ***
