Accel-Sim [build accelsim-commit-f28591a_modified_0.0_26-03-17-09-20-54]

        *** GPGPU-Sim Simulator Version 4.2.0  [build gpgpu-sim_git-commit-6c3cf4ff_modified_0.0] ***


GPGPU-Sim: Configuration options:

-save_embedded_ptx                      0 # saves ptx files embedded in binary as <n>.ptx
-keep                                   0 # keep intermediate files created by GPGPU-Sim when interfacing with external programs
-gpgpu_ptx_save_converted_ptxplus                    0 # Saved converted ptxplus to a file
-gpgpu_occupancy_sm_number                   80 # The SM number to pass to ptxas when getting register usage for computing GPU occupancy. This parameter is required in the config.
-ptx_opcode_latency_int           4,4,4,4,21 # Opcode latencies for integers <ADD,MAX,MUL,MAD,DIV,SHFL>Default 1,1,19,25,145,32
-ptx_opcode_latency_fp           4,4,4,4,39 # Opcode latencies for single precision floating points <ADD,MAX,MUL,MAD,DIV>Default 1,1,1,1,30
-ptx_opcode_latency_dp          6,6,6,6,330 # Opcode latencies for double precision floating points <ADD,MAX,MUL,MAD,DIV>Default 8,8,8,8,335
-ptx_opcode_latency_sfu                   23 # Opcode latencies for SFU instructionsDefault 8
-ptx_opcode_latency_tesnor                   25 # Opcode latencies for Tensor instructionsDefault 64
-ptx_opcode_initiation_int            2,2,2,2,2 # Opcode initiation intervals for integers <ADD,MAX,MUL,MAD,DIV,SHFL>Default 1,1,4,4,32,4
-ptx_opcode_initiation_fp            2,2,2,2,4 # Opcode initiation intervals for single precision floating points <ADD,MAX,MUL,MAD,DIV>Default 1,1,1,1,5
-ptx_opcode_initiation_dp          4,4,4,4,130 # Opcode initiation intervals for double precision floating points <ADD,MAX,MUL,MAD,DIV>Default 8,8,8,8,130
-ptx_opcode_initiation_sfu                    8 # Opcode initiation intervals for sfu instructionsDefault 8
-ptx_opcode_initiation_tensor                   16 # Opcode initiation intervals for tensor instructionsDefault 64
-cdp_latency         7200,8000,100,12000,1600 # CDP API latency <cudaStreamCreateWithFlags, cudaGetParameterBufferV2_init_perWarp, cudaGetParameterBufferV2_perKernel, cudaLaunchDeviceV2_init_perWarp, cudaLaunchDevicV2_perKernel>Default 7200,8000,100,12000,1600
-network_mode                           2 # Interconnection network mode
-inter_config_file                   mesh # Interconnection network config file
-icnt_in_buffer_limit                  512 # in_buffer_limit
-icnt_out_buffer_limit                  512 # out_buffer_limit
-icnt_subnets                           2 # subnets
-icnt_arbiter_algo                      1 # arbiter_algo
-icnt_verbose                           0 # inct_verbose
-icnt_grant_cycles                      1 # grant_cycles
-gpgpu_ptx_use_cuobjdump                    1 # Use cuobjdump to extract ptx and sass from binaries
-gpgpu_experimental_lib_support                    0 # Try to extract code from cuda libraries [Broken because of unknown cudaGetExportTable]
-checkpoint_option                      0 #  checkpointing flag (0 = no checkpoint)
-checkpoint_kernel                      1 #  checkpointing during execution of which kernel (1- 1st kernel)
-checkpoint_CTA                         0 #  checkpointing after # of CTA (< less than total CTA)
-resume_option                          0 #  resume flag (0 = no resume)
-resume_kernel                          0 #  Resume from which kernel (1= 1st kernel)
-resume_CTA                             0 #  resume from which CTA 
-checkpoint_CTA_t                       0 #  resume from which CTA 
-checkpoint_insn_Y                      0 #  resume from which CTA 
-gpgpu_ptx_convert_to_ptxplus                    0 # Convert SASS (native ISA) to ptxplus and run ptxplus
-gpgpu_ptx_force_max_capability                   80 # Force maximum compute capability
-gpgpu_ptx_inst_debug_to_file                    0 # Dump executed instructions' debug information to file
-gpgpu_ptx_inst_debug_file       inst_debug.txt # Executed instructions' debug output file
-gpgpu_ptx_inst_debug_thread_uid                    1 # Thread UID for executed instructions' debug output
-gpgpu_simd_model                       1 # 1 = post-dominator
-gpgpu_shader_core_pipeline              2048:32 # shader core pipeline config, i.e., {<nthread>:<warpsize>}
-gpgpu_tex_cache:l1  N:4:128:256,L:R:m:N:L,T:512:8,128:2 # per-shader L1 texture cache  (READ-ONLY) config  {<nsets>:<bsize>:<assoc>,<rep>:<wr>:<alloc>:<wr_alloc>,<mshr>:<N>:<merge>,<mq>:<rf>}
-gpgpu_const_cache:l1 N:128:64:8,L:R:f:N:L,S:2:64,4 # per-shader L1 constant memory cache  (READ-ONLY) config  {<nsets>:<bsize>:<assoc>,<rep>:<wr>:<alloc>:<wr_alloc>,<mshr>:<N>:<merge>,<mq>} 
-gpgpu_cache:il1     N:64:128:16,L:R:f:N:L,S:2:48,4 # shader L1 instruction cache config  {<sector?>:<nsets>:<bsize>:<assoc>,<rep>:<wr>:<alloc>:<wr_alloc>:<set_index_fn>,<mshr>:<N>:<merge>,<mq>} 
-gpgpu_cache:dl1     S:4:128:64,L:T:m:L:L,A:512:64,16:0,32 # per-shader L1 data cache config  {<sector?>:<nsets>:<bsize>:<assoc>,<rep>:<wr>:<alloc>:<wr_alloc>:<set_index_fn>,<mshr>:<N>:<merge>,<mq>:<fifo_entry>,<data_port_width> | none}
-gpgpu_l1_cache_write_ratio                    0 # L1D write ratio
-gpgpu_l1_banks                         4 # The number of L1 cache banks
-gpgpu_l1_banks_byte_interleaving                   32 # l1 banks byte interleaving granularity
-gpgpu_l1_banks_hashing_function                    0 # l1 banks hashing function
-gpgpu_l1_latency                      34 # L1 Hit Latency
-gpgpu_smem_latency                    28 # smem Latency
-gpgpu_cache:dl1PrefL1                 none # per-shader L1 data cache config  {<sector?>:<nsets>:<bsize>:<assoc>,<rep>:<wr>:<alloc>:<wr_alloc>:<set_index_fn>,<mshr>:<N>:<merge>,<mq>:<fifo_entry>,<data_port_width> | none}
-gpgpu_cache:dl1PrefShared                 none # per-shader L1 data cache config  {<sector?>:<nsets>:<bsize>:<assoc>,<rep>:<wr>:<alloc>:<wr_alloc>:<set_index_fn>,<mshr>:<N>:<merge>,<mq>:<fifo_entry>,<data_port_width> | none}
-gpgpu_gmem_skip_L1D                    0 # global memory access skip L1D cache (implements -Xptxas -dlcm=cg, default=no skip)
-gpgpu_perfect_mem                      0 # enable perfect memory mode (no cache miss)
-n_regfile_gating_group                    4 # group of lanes that should be read/written together)
-gpgpu_clock_gated_reg_file                    0 # enable clock gated reg file for power calculations
-gpgpu_clock_gated_lanes                    0 # enable clock gated lanes for power calculations
-gpgpu_shader_registers                65536 # Number of registers per shader core. Limits number of concurrent CTAs. (default 8192)
-gpgpu_registers_per_block                65536 # Maximum number of registers per CTA. (default 8192)
-gpgpu_ignore_resources_limitation                    0 # gpgpu_ignore_resources_limitation (default 0)
-gpgpu_shader_cta                      32 # Maximum number of concurrent CTAs in shader (default 32)
-gpgpu_num_cta_barriers                   16 # Maximum number of named barriers per CTA (default 16)
-gpgpu_n_clusters                     108 # number of processing clusters
-gpgpu_n_cores_per_cluster                    1 # number of simd cores per cluster
-gpgpu_n_cluster_ejection_buffer_size                   32 # number of packets in ejection buffer
-gpgpu_n_ldst_response_buffer_size                    2 # number of response packets in ld/st unit ejection buffer
-gpgpu_shmem_per_block                49152 # Size of shared memory per thread block or CTA (default 48kB)
-gpgpu_shmem_size                  167936 # Size of shared memory per shader core (default 16kB)
-gpgpu_shmem_option      0,8,16,32,64,164 # Option list of shared memory sizes
-gpgpu_unified_l1d_size                  192 # Size of unified data cache(L1D + shared memory) in KB
-gpgpu_adaptive_cache_config                    1 # adaptive_cache_config
-gpgpu_shmem_sizeDefault               167936 # Size of shared memory per shader core (default 16kB)
-gpgpu_shmem_size_PrefL1                16384 # Size of shared memory per shader core (default 16kB)
-gpgpu_shmem_size_PrefShared                16384 # Size of shared memory per shader core (default 16kB)
-gpgpu_shmem_num_banks                   32 # Number of banks in the shared memory in each shader core (default 16)
-gpgpu_shmem_limited_broadcast                    0 # Limit shared memory to do one broadcast per cycle (default on)
-gpgpu_shmem_warp_parts                    1 # Number of portions a warp is divided into for shared memory bank conflict check 
-gpgpu_mem_unit_ports                    1 # The number of memory transactions allowed per core cycle
-gpgpu_shmem_warp_parts                    1 # Number of portions a warp is divided into for shared memory bank conflict check 
-gpgpu_warpdistro_shader                   -1 # Specify which shader core to collect the warp size distribution from
-gpgpu_warp_issue_shader                    0 # Specify which shader core to collect the warp issue distribution from
-gpgpu_local_mem_map                    1 # Mapping from local memory space address to simulated GPU physical address space (default = enabled)
-gpgpu_num_reg_banks                   32 # Number of register banks (default = 8)
-gpgpu_reg_bank_use_warp_id                    0 # Use warp ID in mapping registers to banks (default = off)
-gpgpu_sub_core_model                    1 # Sub Core Volta/Pascal model (default = off)
-gpgpu_enable_specialized_operand_collector                    0 # enable_specialized_operand_collector
-gpgpu_operand_collector_num_units_sp                    4 # number of collector units (default = 4)
-gpgpu_operand_collector_num_units_dp                    0 # number of collector units (default = 0)
-gpgpu_operand_collector_num_units_sfu                    4 # number of collector units (default = 4)
-gpgpu_operand_collector_num_units_int                    0 # number of collector units (default = 0)
-gpgpu_operand_collector_num_units_tensor_core                    4 # number of collector units (default = 4)
-gpgpu_operand_collector_num_units_mem                    2 # number of collector units (default = 2)
-gpgpu_operand_collector_num_units_gen                    8 # number of collector units (default = 0)
-gpgpu_operand_collector_num_in_ports_sp                    1 # number of collector unit in ports (default = 1)
-gpgpu_operand_collector_num_in_ports_dp                    0 # number of collector unit in ports (default = 0)
-gpgpu_operand_collector_num_in_ports_sfu                    1 # number of collector unit in ports (default = 1)
-gpgpu_operand_collector_num_in_ports_int                    0 # number of collector unit in ports (default = 0)
-gpgpu_operand_collector_num_in_ports_tensor_core                    1 # number of collector unit in ports (default = 1)
-gpgpu_operand_collector_num_in_ports_mem                    1 # number of collector unit in ports (default = 1)
-gpgpu_operand_collector_num_in_ports_gen                    8 # number of collector unit in ports (default = 0)
-gpgpu_operand_collector_num_out_ports_sp                    1 # number of collector unit in ports (default = 1)
-gpgpu_operand_collector_num_out_ports_dp                    0 # number of collector unit in ports (default = 0)
-gpgpu_operand_collector_num_out_ports_sfu                    1 # number of collector unit in ports (default = 1)
-gpgpu_operand_collector_num_out_ports_int                    0 # number of collector unit in ports (default = 0)
-gpgpu_operand_collector_num_out_ports_tensor_core                    1 # number of collector unit in ports (default = 1)
-gpgpu_operand_collector_num_out_ports_mem                    1 # number of collector unit in ports (default = 1)
-gpgpu_operand_collector_num_out_ports_gen                    8 # number of collector unit in ports (default = 0)
-gpgpu_coalesce_arch                   80 # Coalescing arch (GT200 = 13, Fermi = 20)
-gpgpu_num_sched_per_core                    4 # Number of warp schedulers per core
-gpgpu_max_insn_issue_per_warp                    1 # Max number of instructions that can be issued per warp in one cycle by scheduler (either 1 or 2)
-gpgpu_dual_issue_diff_exec_units                    1 # should dual issue use two different execution unit resources (Default = 1)
-gpgpu_simt_core_sim_order                    1 # Select the simulation order of cores in a cluster (0=Fix, 1=Round-Robin)
-gpgpu_pipeline_widths 4,4,4,4,4,4,4,4,4,4,8,4,4 # Pipeline widths ID_OC_SP,ID_OC_DP,ID_OC_INT,ID_OC_SFU,ID_OC_MEM,OC_EX_SP,OC_EX_DP,OC_EX_INT,OC_EX_SFU,OC_EX_MEM,EX_WB,ID_OC_TENSOR_CORE,OC_EX_TENSOR_CORE
-gpgpu_tensor_core_avail                    1 # Tensor Core Available (default=0)
-gpgpu_num_sp_units                     4 # Number of SP units (default=1)
-gpgpu_num_dp_units                     4 # Number of DP units (default=0)
-gpgpu_num_int_units                    4 # Number of INT units (default=0)
-gpgpu_num_sfu_units                    4 # Number of SF units (default=1)
-gpgpu_num_tensor_core_units                    4 # Number of tensor_core units (default=1)
-gpgpu_num_mem_units                    1 # Number if ldst units (default=1) WARNING: not hooked up to anything
-gpgpu_scheduler                      lrr # Scheduler configuration: < lrr | gto | two_level_active > If two_level_active:<num_active_warps>:<inner_prioritization>:<outer_prioritization>For complete list of prioritization values see shader.h enum scheduler_prioritization_typeDefault: gto
-gpgpu_concurrent_kernel_sm                    0 # Support concurrent kernels on a SM (default = disabled)
-gpgpu_perfect_inst_const_cache                    1 # perfect inst and const cache mode, so all inst and const hits in the cache(default = disabled)
-gpgpu_inst_fetch_throughput                    4 # the number of fetched intruction per warp each cycle
-gpgpu_reg_file_port_throughput                    2 # the number ports of the register file
-specialized_unit_1         1,4,4,4,4,BRA # specialized unit config {<enabled>,<num_units>:<latency>:<initiation>,<ID_OC_SPEC>:<OC_EX_SPEC>,<NAME>}
-specialized_unit_2       1,4,200,4,4,TEX # specialized unit config {<enabled>,<num_units>:<latency>:<initiation>,<ID_OC_SPEC>:<OC_EX_SPEC>,<NAME>}
-specialized_unit_3     1,4,12,4,4,TENSOR # specialized unit config {<enabled>,<num_units>:<latency>:<initiation>,<ID_OC_SPEC>:<OC_EX_SPEC>,<NAME>}
-specialized_unit_4         1,4,4,4,4,UDP # specialized unit config {<enabled>,<num_units>:<latency>:<initiation>,<ID_OC_SPEC>:<OC_EX_SPEC>,<NAME>}
-specialized_unit_5         0,4,4,4,4,BRA # specialized unit config {<enabled>,<num_units>:<latency>:<initiation>,<ID_OC_SPEC>:<OC_EX_SPEC>,<NAME>}
-specialized_unit_6         0,4,4,4,4,BRA # specialized unit config {<enabled>,<num_units>:<latency>:<initiation>,<ID_OC_SPEC>:<OC_EX_SPEC>,<NAME>}
-specialized_unit_7         0,4,4,4,4,BRA # specialized unit config {<enabled>,<num_units>:<latency>:<initiation>,<ID_OC_SPEC>:<OC_EX_SPEC>,<NAME>}
-specialized_unit_8         0,4,4,4,4,BRA # specialized unit config {<enabled>,<num_units>:<latency>:<initiation>,<ID_OC_SPEC>:<OC_EX_SPEC>,<NAME>}
-gpgpu_perf_sim_memcpy                    1 # Fill the L2 cache on memcpy
-gpgpu_simple_dram_model                    0 # simple_dram_model with fixed latency and BW
-gpgpu_dram_scheduler                    1 # 0 = fifo, 1 = FR-FCFS (defaul)
-gpgpu_dram_partition_queues          64:64:64:64 # i2$:$2d:d2$:$2i
-l2_ideal                               0 # Use a ideal L2 cache that always hit
-gpgpu_cache:dl2     S:128:128:16,L:B:m:L:X,A:192:4,32:0,32 # unified banked L2 data cache config  {<sector?>:<nsets>:<bsize>:<assoc>,<rep>:<wr>:<alloc>:<wr_alloc>:<set_index_fn>,<mshr>:<N>:<merge>,<mq>:<fifo_entry>,<data_port_width>
-gpgpu_cache:dl2_texture_only                    0 # L2 cache used for texture only
-gpgpu_n_mem                           40 # number of memory modules (e.g. memory controllers) in gpu
-gpgpu_n_sub_partition_per_mchannel                    4 # number of memory subpartition in each memory module
-gpgpu_n_mem_per_ctrlr                    1 # number of memory chips per memory controller
-gpgpu_memlatency_stat                   14 # track and display latency statistics 0x2 enables MC, 0x4 enables queue logs
-gpgpu_frfcfs_dram_sched_queue_size                   64 # 0 = unlimited (default); # entries per chip
-gpgpu_dram_return_queue_size                  192 # 0 = unlimited (default); # entries per chip
-gpgpu_dram_buswidth                   16 # default = 4 bytes (8 bytes per cycle at DDR)
-gpgpu_dram_burst_length                    2 # Burst length of each DRAM request (default = 4 data bus cycle)
-dram_data_command_freq_ratio                    2 # Frequency ratio between DRAM data bus and command bus (default = 2 times, i.e. DDR)
-gpgpu_dram_timing_opt nbk=16:CCD=1:RRD=7:RCD=22:RAS=50:RP=22:RC=72:CL=22:WL=4:CDLR=5:WR=19:nbkgrp=4:CCDL=4:RTPL=7 # DRAM timing parameters = {nbk:tCCD:tRRD:tRCD:tRAS:tRP:tRC:CL:WL:tCDLR:tWR:nbkgrp:tCCDL:tRTPL}
-gpgpu_l2_rop_latency                  200 # ROP queue latency (default 85)
-dram_latency                         190 # DRAM latency (default 30)
-dram_dual_bus_interface                    1 # dual_bus_interface (default = 0) 
-dram_bnk_indexing_policy                    0 # dram_bnk_indexing_policy (0 = normal indexing, 1 = Xoring with the higher bits) (Default = 0)
-dram_bnkgrp_indexing_policy                    1 # dram_bnkgrp_indexing_policy (0 = take higher bits, 1 = take lower bits) (Default = 0)
-dram_seperate_write_queue_enable                    0 # Seperate_Write_Queue_Enable
-dram_write_queue_size             32:28:16 # Write_Queue_Size
-dram_elimnate_rw_turnaround                    0 # elimnate_rw_turnaround i.e set tWTR and tRTW = 0
-icnt_flit_size                        40 # icnt_flit_size
-SST_mode                               0 # SST mode
-gpgpu_mem_addr_mapping dramid@8;00000000.00000000.00000000.00000000.0000RRRR.RRRRRRRR.RBBBCCCC.BCCSSSSS # mapping memory address to dram model {dramid@<start bit>;<memory address map>}
-gpgpu_mem_addr_test                    0 # run sweep test to check address mapping for aliased address
-gpgpu_mem_address_mask                    1 # 0 = old addressing mask, 1 = new addressing mask, 2 = new add. mask + flipped bank sel and chip sel bits
-gpgpu_memory_partition_indexing                    0 # 0 = no indexing, 1 = bitwise xoring, 2 = IPoly, 3 = custom indexing
-accelwattch_xml_file accelwattch_sass_sim.xml # AccelWattch XML file
-power_simulation_enabled                    0 # Turn on power simulator (1=On, 0=Off)
-power_per_cycle_dump                    0 # Dump detailed power output each cycle
-hw_perf_file_name            hw_perf.csv # Hardware Performance Statistics file
-hw_perf_bench_name                       # Kernel Name in Hardware Performance Statistics file
-power_simulation_mode                    0 # Switch performance counter input for power simulation (0=Sim, 1=HW, 2=HW-Sim Hybrid)
-dvfs_enabled                           0 # Turn on DVFS for power model
-aggregate_power_stats                    0 # Accumulate power across all kernels
-accelwattch_hybrid_perfsim_L1_RH                    0 # Get L1 Read Hits for Accelwattch-Hybrid from Accel-Sim
-accelwattch_hybrid_perfsim_L1_RM                    0 # Get L1 Read Misses for Accelwattch-Hybrid from Accel-Sim
-accelwattch_hybrid_perfsim_L1_WH                    0 # Get L1 Write Hits for Accelwattch-Hybrid from Accel-Sim
-accelwattch_hybrid_perfsim_L1_WM                    0 # Get L1 Write Misses for Accelwattch-Hybrid from Accel-Sim
-accelwattch_hybrid_perfsim_L2_RH                    0 # Get L2 Read Hits for Accelwattch-Hybrid from Accel-Sim
-accelwattch_hybrid_perfsim_L2_RM                    0 # Get L2 Read Misses for Accelwattch-Hybrid from Accel-Sim
-accelwattch_hybrid_perfsim_L2_WH                    0 # Get L2 Write Hits for Accelwattch-Hybrid from Accel-Sim
-accelwattch_hybrid_perfsim_L2_WM                    0 # Get L2 Write Misses for Accelwattch-Hybrid from Accel-Sim
-accelwattch_hybrid_perfsim_CC_ACC                    0 # Get Constant Cache Acesses for Accelwattch-Hybrid from Accel-Sim
-accelwattch_hybrid_perfsim_SHARED_ACC                    0 # Get Shared Memory Acesses for Accelwattch-Hybrid from Accel-Sim
-accelwattch_hybrid_perfsim_DRAM_RD                    0 # Get DRAM Reads for Accelwattch-Hybrid from Accel-Sim
-accelwattch_hybrid_perfsim_DRAM_WR                    0 # Get DRAM Writes for Accelwattch-Hybrid from Accel-Sim
-accelwattch_hybrid_perfsim_NOC                    0 # Get Interconnect Acesses for Accelwattch-Hybrid from Accel-Sim
-accelwattch_hybrid_perfsim_PIPE_DUTY                    0 # Get Pipeline Duty Cycle Acesses for Accelwattch-Hybrid from Accel-Sim
-accelwattch_hybrid_perfsim_NUM_SM_IDLE                    0 # Get Number of Idle SMs for Accelwattch-Hybrid from Accel-Sim
-accelwattch_hybrid_perfsim_CYCLES                    0 # Get Executed Cycles for Accelwattch-Hybrid from Accel-Sim
-accelwattch_hybrid_perfsim_VOLTAGE                    0 # Get Chip Voltage for Accelwattch-Hybrid from Accel-Sim
-power_trace_enabled                    0 # produce a file for the power trace (1=On, 0=Off)
-power_trace_zlevel                     6 # Compression level of the power trace output log (0=no comp, 9=highest)
-steady_power_levels_enabled                    0 # produce a file for the steady power levels (1=On, 0=Off)
-steady_state_definition                  8:4 # allowed deviation:number of samples
-gpgpu_max_cycle                        0 # terminates gpu simulation early (0 = no limit)
-gpgpu_max_insn                         0 # terminates gpu simulation early (0 = no limit)
-gpgpu_max_cta                          0 # terminates gpu simulation early (0 = no limit)
-gpgpu_max_completed_cta                    0 # terminates gpu simulation early (0 = no limit)
-gpgpu_runtime_stat                   500 # display runtime statistics such as dram utilization {<freq>:<flag>}
-liveness_message_freq                    1 # Minimum number of seconds between simulation liveness messages (0 = always print)
-gpgpu_compute_capability_major                    8 # Major compute capability version number
-gpgpu_compute_capability_minor                    0 # Minor compute capability version number
-gpgpu_flush_l1_cache                    1 # Flush L1 cache at the end of each kernel call
-gpgpu_flush_l2_cache                    0 # Flush L2 cache at the end of each kernel call
-gpgpu_deadlock_detect                    1 # Stop the simulation at deadlock (1=on (default), 0=off)
-gpgpu_ptx_instruction_classification                    0 # if enabled will classify ptx instruction types per kernel (Max 255 kernels now)
-gpgpu_ptx_sim_mode                     0 # Select between Performance (default) or Functional simulation (1)
-gpgpu_clock_domains  1410:1410:1410:1512 # Clock Domain Frequencies in MhZ {<Core Clock>:<ICNT Clock>:<L2 Clock>:<DRAM Clock>}
-gpgpu_max_concurrent_kernel                  128 # maximum kernels that can run concurrently on GPU, set this value according to max resident grids for your compute capability
-gpgpu_cflog_interval                    0 # Interval between each snapshot in control flow logger
-visualizer_enabled                     0 # Turn on visualizer output (1=On, 0=Off)
-visualizer_outputfile                 NULL # Specifies the output log file for visualizer
-visualizer_zlevel                      6 # Compression level of the visualizer output log (0=no comp, 9=highest)
-gpgpu_stack_size_limit                 1024 # GPU thread stack size
-gpgpu_heap_size_limit              8388608 # GPU malloc heap size 
-gpgpu_runtime_sync_depth_limit                    2 # GPU device runtime synchronize depth
-gpgpu_runtime_pending_launch_count_limit                 2048 # GPU device runtime pending launch count
-trace_enabled                          0 # Turn on traces
-trace_components                    none # comma seperated list of traces to enable. Complete list found in trace_streams.tup. Default none
-trace_sampling_core                    0 # The core which is printed using CORE_DPRINTF. Default 0
-trace_sampling_memory_partition                   -1 # The memory partition which is printed using MEMPART_DPRINTF. Default -1 (i.e. all)
-enable_ptx_file_line_stats                    1 # Turn on PTX source line statistic profiling. (1 = On)
-ptx_line_stats_filename gpgpu_inst_stats.txt # Output file for PTX source line statistics.
-gpgpu_kernel_launch_latency                 5000 # Kernel launch latency in cycles. Default: 0
-gpgpu_cdp_enabled                      0 # Turn on CDP
-gpgpu_TB_launch_latency                    0 # thread block launch latency in cycles. Default: 0
-trace               /work/accel-sim-framework/.worktrees/modal-a100-cutlass-trace/modal/artifacts/bf16-512x512x512/traces/kernelslist.g # traces kernel filetraces kernel file directory
-trace_opcode_latency_initiation_int                  2,2 # Opcode latencies and initiation for integers in trace driven mode <latency,initiation>
-trace_opcode_latency_initiation_sp                  2,2 # Opcode latencies and initiation for sp in trace driven mode <latency,initiation>
-trace_opcode_latency_initiation_dp                  4,4 # Opcode latencies and initiation for dp in trace driven mode <latency,initiation>
-trace_opcode_latency_initiation_sfu                 20,8 # Opcode latencies and initiation for sfu in trace driven mode <latency,initiation>
-trace_opcode_latency_initiation_tensor                 14,6 # Opcode latencies and initiation for tensor in trace driven mode <latency,initiation>
-trace_opcode_latency_initiation_spec_op_1                  4,4 # specialized unit config <latency,initiation>
-trace_opcode_latency_initiation_spec_op_2                200,4 # specialized unit config <latency,initiation>
-trace_opcode_latency_initiation_spec_op_3                 12,8 # specialized unit config <latency,initiation>
-trace_opcode_latency_initiation_spec_op_4                  4,1 # specialized unit config <latency,initiation>
-trace_opcode_latency_initiation_spec_op_5                  4,4 # specialized unit config <latency,initiation>
-trace_opcode_latency_initiation_spec_op_6                  4,4 # specialized unit config <latency,initiation>
-trace_opcode_latency_initiation_spec_op_7                  4,4 # specialized unit config <latency,initiation>
-trace_opcode_latency_initiation_spec_op_8                  4,4 # specialized unit config <latency,initiation>
DRAM Timing Options:
nbk                                    16 # number of banks
CCD                                     1 # column to column delay
RRD                                     7 # minimal delay between activation of rows in different banks
RCD                                    22 # row to column delay
RAS                                    50 # time needed to activate row
RP                                     22 # time needed to precharge (deactivate) row
RC                                     72 # row cycle time
CDLR                                    5 # switching from write to read (changes tWTR)
WR                                     19 # last data-in to row precharge
CL                                     22 # CAS latency
WL                                      4 # Write latency
nbkgrp                                  4 # number of bank groups
CCDL                                    4 # column to column delay between accesses to different bank groups
RTPL                                    7 # read to precharge delay between accesses to different bank groups
Total number of memory sub partition = 160
addr_dec_mask[CHIP]  = 0000000000000000 	high:64 low:0
addr_dec_mask[BK]    = 0000000000007080 	high:15 low:7
addr_dec_mask[ROW]   = 000000000fff8000 	high:28 low:15
addr_dec_mask[COL]   = 0000000000000f7f 	high:12 low:0
addr_dec_mask[BURST] = 000000000000001f 	high:5 low:0
sub_partition_id_mask = 0000000000001080
GPGPU-Sim uArch: clock freqs: 1410000000.000000:1410000000.000000:1410000000.000000:1512000000.000000
GPGPU-Sim uArch: clock periods: 0.00000000070921985816:0.00000000070921985816:0.00000000070921985816:0.00000000066137566138
*** Initializing Memory Statistics ***
GPGPU-Sim uArch: performance model initialization complete.
launching memcpy command : MemcpyHtoD,0x00002b7adc400000,524288
launching memcpy command : MemcpyHtoD,0x00002b7adc480000,524288
Processing kernel /work/accel-sim-framework/.worktrees/modal-a100-cutlass-trace/modal/artifacts/bf16-512x512x512/traces/kernel-1-ctx_0x56431e79dc80.traceg
-kernel name = _ZN7cutlass6KernelINS_4gemm6kernel4GemmINS1_11threadblock13MmaMultistageINS1_9GemmShapeILi128ELi256ELi64EEENS_9transform11threadblock28PredicatedTileAccessIteratorINS_11MatrixShapeILi128ELi64EEENS_10bfloat16_tENS_6layout8RowMajorELi1ENS8_29PitchLinearWarpRakedThreadMapINS_16PitchLinearShapeILi64ELi128EEELi256ENSH_ILi8ELi4EEELi8EEENS_5ArrayISD_Li8ELb0EEELb0ENSE_9NoPermuteEEENS9_25RegularTileAccessIteratorISC_SD_NSE_37RowMajorTensorOpMultiplicandCrosswiseILi16ELi64EEELi0ESK_Li16EEELNS_4arch14CacheOperation4KindE1ENSA_INSB_ILi64ELi256EEESD_SF_Li0ENSG_INSH_ILi256ELi64EEELi256ESJ_Li8EEESM_Lb0ESN_EENSP_ISW_SD_NSE_37RowMajorTensorOpMultiplicandCongruousILi16ELi64EEELi0ESY_Li16EEELSV_1EfSF_NS4_9MmaPolicyINS1_4warp11MmaTensorOpINS6_ILi64ELi64ELi64EEESD_SR_SD_S11_fSF_NS14_17MmaTensorOpPolicyINST_3MmaINS6_ILi16ELi8ELi16EEELi32ESD_SF_SD_NSE_11ColumnMajorEfSF_NST_13OpMultiplyAddEEENSB_ILi1ELi1EEEEELi1ELb0EbEENSB_ILi0ELi0EEES1G_Li1EEELi3ELNS1_23SharedMemoryClearOptionE0EbEENS_8epilogue11threadblock8EpilogueIS7_S1F_Li1ENS1L_22PredicatedTileIteratorINS1L_26OutputTileOptimalThreadMapINS1L_15OutputTileShapeILi256ELi8ELi2ELi1ELi1EEENS1P_ILi1ELi8ELi1ELi1ELi8EEELi256ELi4ELi32EEEfLb0ESN_Lb0EEENS1K_4warp24FragmentIteratorTensorOpIS16_S19_fNSL_IfLi4ELb1EEESF_EENS1U_20TileIteratorTensorOpIS16_S19_fSF_EENS1L_18SharedLoadIteratorINS1S_18CompactedThreadMapEfLi16EEENS1K_6thread17LinearCombinationIfLi4EffLNS23_9ScaleType4KindE0ELNS_15FloatRoundStyleE2EfEENSB_ILi0ELi8EEELi2ELi1EEENS4_30GemmIdentityThreadblockSwizzleILi1EEELb0EEEEEvNT_6ParamsE
-kernel id = 1
-grid dim = (4,2,1)
-block dim = (256,1,1)
-shmem = 147456
-nregs = 228
-binary version = 80
-cuda stream id = 0
-shmem base_addr = 0x00002b7a9b000000
-local mem base_addr = 0x00002b7a99000000
-nvbit version = 1.7.6
-accelsim tracer version = 5
-enable lineinfo = 0
Header info loaded for kernel command : /work/accel-sim-framework/.worktrees/modal-a100-cutlass-trace/modal/artifacts/bf16-512x512x512/traces/kernel-1-ctx_0x56431e79dc80.traceg
launching kernel name: _ZN7cutlass6KernelINS_4gemm6kernel4GemmINS1_11threadblock13MmaMultistageINS1_9GemmShapeILi128ELi256ELi64EEENS_9transform11threadblock28PredicatedTileAccessIteratorINS_11MatrixShapeILi128ELi64EEENS_10bfloat16_tENS_6layout8RowMajorELi1ENS8_29PitchLinearWarpRakedThreadMapINS_16PitchLinearShapeILi64ELi128EEELi256ENSH_ILi8ELi4EEELi8EEENS_5ArrayISD_Li8ELb0EEELb0ENSE_9NoPermuteEEENS9_25RegularTileAccessIteratorISC_SD_NSE_37RowMajorTensorOpMultiplicandCrosswiseILi16ELi64EEELi0ESK_Li16EEELNS_4arch14CacheOperation4KindE1ENSA_INSB_ILi64ELi256EEESD_SF_Li0ENSG_INSH_ILi256ELi64EEELi256ESJ_Li8EEESM_Lb0ESN_EENSP_ISW_SD_NSE_37RowMajorTensorOpMultiplicandCongruousILi16ELi64EEELi0ESY_Li16EEELSV_1EfSF_NS4_9MmaPolicyINS1_4warp11MmaTensorOpINS6_ILi64ELi64ELi64EEESD_SR_SD_S11_fSF_NS14_17MmaTensorOpPolicyINST_3MmaINS6_ILi16ELi8ELi16EEELi32ESD_SF_SD_NSE_11ColumnMajorEfSF_NST_13OpMultiplyAddEEENSB_ILi1ELi1EEEEELi1ELb0EbEENSB_ILi0ELi0EEES1G_Li1EEELi3ELNS1_23SharedMemoryClearOptionE0EbEENS_8epilogue11threadblock8EpilogueIS7_S1F_Li1ENS1L_22PredicatedTileIteratorINS1L_26OutputTileOptimalThreadMapINS1L_15OutputTileShapeILi256ELi8ELi2ELi1ELi1EEENS1P_ILi1ELi8ELi1ELi1ELi8EEELi256ELi4ELi32EEEfLb0ESN_Lb0EEENS1K_4warp24FragmentIteratorTensorOpIS16_S19_fNSL_IfLi4ELb1EEESF_EENS1U_20TileIteratorTensorOpIS16_S19_fSF_EENS1L_18SharedLoadIteratorINS1S_18CompactedThreadMapEfLi16EEENS1K_6thread17LinearCombinationIfLi4EffLNS23_9ScaleType4KindE0ELNS_15FloatRoundStyleE2EfEENSB_ILi0ELi8EEELi2ELi1EEENS4_30GemmIdentityThreadblockSwizzleILi1EEELb0EEEEEvNT_6ParamsE uid: 1 cuda_stream_id: 0
GPGPU-Sim uArch: Shader 0 bind to kernel 1 '_ZN7cutlass6KernelINS_4gemm6kernel4GemmINS1_11threadblock13MmaMultistageINS1_9GemmShapeILi128ELi256ELi64EEENS_9transform11threadblock28PredicatedTileAccessIteratorINS_11MatrixShapeILi128ELi64EEENS_10bfloat16_tENS_6layout8RowMajorELi1ENS8_29PitchLinearWarpRakedThreadMapINS_16PitchLinearShapeILi64ELi128EEELi256ENSH_ILi8ELi4EEELi8EEENS_5ArrayISD_Li8ELb0EEELb0ENSE_9NoPermuteEEENS9_25RegularTileAccessIteratorISC_SD_NSE_37RowMajorTensorOpMultiplicandCrosswiseILi16ELi64EEELi0ESK_Li16EEELNS_4arch14CacheOperation4KindE1ENSA_INSB_ILi64ELi256EEESD_SF_Li0ENSG_INSH_ILi256ELi64EEELi256ESJ_Li8EEESM_Lb0ESN_EENSP_ISW_SD_NSE_37RowMajorTensorOpMultiplicandCongruousILi16ELi64EEELi0ESY_Li16EEELSV_1EfSF_NS4_9MmaPolicyINS1_4warp11MmaTensorOpINS6_ILi64ELi64ELi64EEESD_SR_SD_S11_fSF_NS14_17MmaTensorOpPolicyINST_3MmaINS6_ILi16ELi8ELi16EEELi32ESD_SF_SD_NSE_11ColumnMajorEfSF_NST_13OpMultiplyAddEEENSB_ILi1ELi1EEEEELi1ELb0EbEENSB_ILi0ELi0EEES1G_Li1EEELi3ELNS1_23SharedMemoryClearOptionE0EbEENS_8epilogue11threadblock8EpilogueIS7_S1F_Li1ENS1L_22PredicatedTileIteratorINS1L_26OutputTileOptimalThreadMapINS1L_15OutputTileShapeILi256ELi8ELi2ELi1ELi1EEENS1P_ILi1ELi8ELi1ELi1ELi8EEELi256ELi4ELi32EEEfLb0ESN_Lb0EEENS1K_4warp24FragmentIteratorTensorOpIS16_S19_fNSL_IfLi4ELb1EEESF_EENS1U_20TileIteratorTensorOpIS16_S19_fSF_EENS1L_18SharedLoadIteratorINS1S_18CompactedThreadMapEfLi16EEENS1K_6thread17LinearCombinationIfLi4EffLNS23_9ScaleType4KindE0ELNS_15FloatRoundStyleE2EfEENSB_ILi0ELi8EEELi2ELi1EEENS4_30GemmIdentityThreadblockSwizzleILi1EEELb0EEEEEvNT_6ParamsE'
GPGPU-Sim uArch: CTA/core = 1, limited by: shmem regs
GPGPU-Sim: Reconfigure L1 cache to 28KB
thread block = 0,0,0
GPGPU-Sim uArch: Shader 1 bind to kernel 1 '_ZN7cutlass6KernelINS_4gemm6kernel4GemmINS1_11threadblock13MmaMultistageINS1_9GemmShapeILi128ELi256ELi64EEENS_9transform11threadblock28PredicatedTileAccessIteratorINS_11MatrixShapeILi128ELi64EEENS_10bfloat16_tENS_6layout8RowMajorELi1ENS8_29PitchLinearWarpRakedThreadMapINS_16PitchLinearShapeILi64ELi128EEELi256ENSH_ILi8ELi4EEELi8EEENS_5ArrayISD_Li8ELb0EEELb0ENSE_9NoPermuteEEENS9_25RegularTileAccessIteratorISC_SD_NSE_37RowMajorTensorOpMultiplicandCrosswiseILi16ELi64EEELi0ESK_Li16EEELNS_4arch14CacheOperation4KindE1ENSA_INSB_ILi64ELi256EEESD_SF_Li0ENSG_INSH_ILi256ELi64EEELi256ESJ_Li8EEESM_Lb0ESN_EENSP_ISW_SD_NSE_37RowMajorTensorOpMultiplicandCongruousILi16ELi64EEELi0ESY_Li16EEELSV_1EfSF_NS4_9MmaPolicyINS1_4warp11MmaTensorOpINS6_ILi64ELi64ELi64EEESD_SR_SD_S11_fSF_NS14_17MmaTensorOpPolicyINST_3MmaINS6_ILi16ELi8ELi16EEELi32ESD_SF_SD_NSE_11ColumnMajorEfSF_NST_13OpMultiplyAddEEENSB_ILi1ELi1EEEEELi1ELb0EbEENSB_ILi0ELi0EEES1G_Li1EEELi3ELNS1_23SharedMemoryClearOptionE0EbEENS_8epilogue11threadblock8EpilogueIS7_S1F_Li1ENS1L_22PredicatedTileIteratorINS1L_26OutputTileOptimalThreadMapINS1L_15OutputTileShapeILi256ELi8ELi2ELi1ELi1EEENS1P_ILi1ELi8ELi1ELi1ELi8EEELi256ELi4ELi32EEEfLb0ESN_Lb0EEENS1K_4warp24FragmentIteratorTensorOpIS16_S19_fNSL_IfLi4ELb1EEESF_EENS1U_20TileIteratorTensorOpIS16_S19_fSF_EENS1L_18SharedLoadIteratorINS1S_18CompactedThreadMapEfLi16EEENS1K_6thread17LinearCombinationIfLi4EffLNS23_9ScaleType4KindE0ELNS_15FloatRoundStyleE2EfEENSB_ILi0ELi8EEELi2ELi1EEENS4_30GemmIdentityThreadblockSwizzleILi1EEELb0EEEEEvNT_6ParamsE'
thread block = 1,0,0
GPGPU-Sim uArch: Shader 2 bind to kernel 1 '_ZN7cutlass6KernelINS_4gemm6kernel4GemmINS1_11threadblock13MmaMultistageINS1_9GemmShapeILi128ELi256ELi64EEENS_9transform11threadblock28PredicatedTileAccessIteratorINS_11MatrixShapeILi128ELi64EEENS_10bfloat16_tENS_6layout8RowMajorELi1ENS8_29PitchLinearWarpRakedThreadMapINS_16PitchLinearShapeILi64ELi128EEELi256ENSH_ILi8ELi4EEELi8EEENS_5ArrayISD_Li8ELb0EEELb0ENSE_9NoPermuteEEENS9_25RegularTileAccessIteratorISC_SD_NSE_37RowMajorTensorOpMultiplicandCrosswiseILi16ELi64EEELi0ESK_Li16EEELNS_4arch14CacheOperation4KindE1ENSA_INSB_ILi64ELi256EEESD_SF_Li0ENSG_INSH_ILi256ELi64EEELi256ESJ_Li8EEESM_Lb0ESN_EENSP_ISW_SD_NSE_37RowMajorTensorOpMultiplicandCongruousILi16ELi64EEELi0ESY_Li16EEELSV_1EfSF_NS4_9MmaPolicyINS1_4warp11MmaTensorOpINS6_ILi64ELi64ELi64EEESD_SR_SD_S11_fSF_NS14_17MmaTensorOpPolicyINST_3MmaINS6_ILi16ELi8ELi16EEELi32ESD_SF_SD_NSE_11ColumnMajorEfSF_NST_13OpMultiplyAddEEENSB_ILi1ELi1EEEEELi1ELb0EbEENSB_ILi0ELi0EEES1G_Li1EEELi3ELNS1_23SharedMemoryClearOptionE0EbEENS_8epilogue11threadblock8EpilogueIS7_S1F_Li1ENS1L_22PredicatedTileIteratorINS1L_26OutputTileOptimalThreadMapINS1L_15OutputTileShapeILi256ELi8ELi2ELi1ELi1EEENS1P_ILi1ELi8ELi1ELi1ELi8EEELi256ELi4ELi32EEEfLb0ESN_Lb0EEENS1K_4warp24FragmentIteratorTensorOpIS16_S19_fNSL_IfLi4ELb1EEESF_EENS1U_20TileIteratorTensorOpIS16_S19_fSF_EENS1L_18SharedLoadIteratorINS1S_18CompactedThreadMapEfLi16EEENS1K_6thread17LinearCombinationIfLi4EffLNS23_9ScaleType4KindE0ELNS_15FloatRoundStyleE2EfEENSB_ILi0ELi8EEELi2ELi1EEENS4_30GemmIdentityThreadblockSwizzleILi1EEELb0EEEEEvNT_6ParamsE'
thread block = 2,0,0
GPGPU-Sim uArch: Shader 3 bind to kernel 1 '_ZN7cutlass6KernelINS_4gemm6kernel4GemmINS1_11threadblock13MmaMultistageINS1_9GemmShapeILi128ELi256ELi64EEENS_9transform11threadblock28PredicatedTileAccessIteratorINS_11MatrixShapeILi128ELi64EEENS_10bfloat16_tENS_6layout8RowMajorELi1ENS8_29PitchLinearWarpRakedThreadMapINS_16PitchLinearShapeILi64ELi128EEELi256ENSH_ILi8ELi4EEELi8EEENS_5ArrayISD_Li8ELb0EEELb0ENSE_9NoPermuteEEENS9_25RegularTileAccessIteratorISC_SD_NSE_37RowMajorTensorOpMultiplicandCrosswiseILi16ELi64EEELi0ESK_Li16EEELNS_4arch14CacheOperation4KindE1ENSA_INSB_ILi64ELi256EEESD_SF_Li0ENSG_INSH_ILi256ELi64EEELi256ESJ_Li8EEESM_Lb0ESN_EENSP_ISW_SD_NSE_37RowMajorTensorOpMultiplicandCongruousILi16ELi64EEELi0ESY_Li16EEELSV_1EfSF_NS4_9MmaPolicyINS1_4warp11MmaTensorOpINS6_ILi64ELi64ELi64EEESD_SR_SD_S11_fSF_NS14_17MmaTensorOpPolicyINST_3MmaINS6_ILi16ELi8ELi16EEELi32ESD_SF_SD_NSE_11ColumnMajorEfSF_NST_13OpMultiplyAddEEENSB_ILi1ELi1EEEEELi1ELb0EbEENSB_ILi0ELi0EEES1G_Li1EEELi3ELNS1_23SharedMemoryClearOptionE0EbEENS_8epilogue11threadblock8EpilogueIS7_S1F_Li1ENS1L_22PredicatedTileIteratorINS1L_26OutputTileOptimalThreadMapINS1L_15OutputTileShapeILi256ELi8ELi2ELi1ELi1EEENS1P_ILi1ELi8ELi1ELi1ELi8EEELi256ELi4ELi32EEEfLb0ESN_Lb0EEENS1K_4warp24FragmentIteratorTensorOpIS16_S19_fNSL_IfLi4ELb1EEESF_EENS1U_20TileIteratorTensorOpIS16_S19_fSF_EENS1L_18SharedLoadIteratorINS1S_18CompactedThreadMapEfLi16EEENS1K_6thread17LinearCombinationIfLi4EffLNS23_9ScaleType4KindE0ELNS_15FloatRoundStyleE2EfEENSB_ILi0ELi8EEELi2ELi1EEENS4_30GemmIdentityThreadblockSwizzleILi1EEELb0EEEEEvNT_6ParamsE'
thread block = 3,0,0
GPGPU-Sim uArch: Shader 4 bind to kernel 1 '_ZN7cutlass6KernelINS_4gemm6kernel4GemmINS1_11threadblock13MmaMultistageINS1_9GemmShapeILi128ELi256ELi64EEENS_9transform11threadblock28PredicatedTileAccessIteratorINS_11MatrixShapeILi128ELi64EEENS_10bfloat16_tENS_6layout8RowMajorELi1ENS8_29PitchLinearWarpRakedThreadMapINS_16PitchLinearShapeILi64ELi128EEELi256ENSH_ILi8ELi4EEELi8EEENS_5ArrayISD_Li8ELb0EEELb0ENSE_9NoPermuteEEENS9_25RegularTileAccessIteratorISC_SD_NSE_37RowMajorTensorOpMultiplicandCrosswiseILi16ELi64EEELi0ESK_Li16EEELNS_4arch14CacheOperation4KindE1ENSA_INSB_ILi64ELi256EEESD_SF_Li0ENSG_INSH_ILi256ELi64EEELi256ESJ_Li8EEESM_Lb0ESN_EENSP_ISW_SD_NSE_37RowMajorTensorOpMultiplicandCongruousILi16ELi64EEELi0ESY_Li16EEELSV_1EfSF_NS4_9MmaPolicyINS1_4warp11MmaTensorOpINS6_ILi64ELi64ELi64EEESD_SR_SD_S11_fSF_NS14_17MmaTensorOpPolicyINST_3MmaINS6_ILi16ELi8ELi16EEELi32ESD_SF_SD_NSE_11ColumnMajorEfSF_NST_13OpMultiplyAddEEENSB_ILi1ELi1EEEEELi1ELb0EbEENSB_ILi0ELi0EEES1G_Li1EEELi3ELNS1_23SharedMemoryClearOptionE0EbEENS_8epilogue11threadblock8EpilogueIS7_S1F_Li1ENS1L_22PredicatedTileIteratorINS1L_26OutputTileOptimalThreadMapINS1L_15OutputTileShapeILi256ELi8ELi2ELi1ELi1EEENS1P_ILi1ELi8ELi1ELi1ELi8EEELi256ELi4ELi32EEEfLb0ESN_Lb0EEENS1K_4warp24FragmentIteratorTensorOpIS16_S19_fNSL_IfLi4ELb1EEESF_EENS1U_20TileIteratorTensorOpIS16_S19_fSF_EENS1L_18SharedLoadIteratorINS1S_18CompactedThreadMapEfLi16EEENS1K_6thread17LinearCombinationIfLi4EffLNS23_9ScaleType4KindE0ELNS_15FloatRoundStyleE2EfEENSB_ILi0ELi8EEELi2ELi1EEENS4_30GemmIdentityThreadblockSwizzleILi1EEELb0EEEEEvNT_6ParamsE'
thread block = 0,1,0
GPGPU-Sim uArch: Shader 5 bind to kernel 1 '_ZN7cutlass6KernelINS_4gemm6kernel4GemmINS1_11threadblock13MmaMultistageINS1_9GemmShapeILi128ELi256ELi64EEENS_9transform11threadblock28PredicatedTileAccessIteratorINS_11MatrixShapeILi128ELi64EEENS_10bfloat16_tENS_6layout8RowMajorELi1ENS8_29PitchLinearWarpRakedThreadMapINS_16PitchLinearShapeILi64ELi128EEELi256ENSH_ILi8ELi4EEELi8EEENS_5ArrayISD_Li8ELb0EEELb0ENSE_9NoPermuteEEENS9_25RegularTileAccessIteratorISC_SD_NSE_37RowMajorTensorOpMultiplicandCrosswiseILi16ELi64EEELi0ESK_Li16EEELNS_4arch14CacheOperation4KindE1ENSA_INSB_ILi64ELi256EEESD_SF_Li0ENSG_INSH_ILi256ELi64EEELi256ESJ_Li8EEESM_Lb0ESN_EENSP_ISW_SD_NSE_37RowMajorTensorOpMultiplicandCongruousILi16ELi64EEELi0ESY_Li16EEELSV_1EfSF_NS4_9MmaPolicyINS1_4warp11MmaTensorOpINS6_ILi64ELi64ELi64EEESD_SR_SD_S11_fSF_NS14_17MmaTensorOpPolicyINST_3MmaINS6_ILi16ELi8ELi16EEELi32ESD_SF_SD_NSE_11ColumnMajorEfSF_NST_13OpMultiplyAddEEENSB_ILi1ELi1EEEEELi1ELb0EbEENSB_ILi0ELi0EEES1G_Li1EEELi3ELNS1_23SharedMemoryClearOptionE0EbEENS_8epilogue11threadblock8EpilogueIS7_S1F_Li1ENS1L_22PredicatedTileIteratorINS1L_26OutputTileOptimalThreadMapINS1L_15OutputTileShapeILi256ELi8ELi2ELi1ELi1EEENS1P_ILi1ELi8ELi1ELi1ELi8EEELi256ELi4ELi32EEEfLb0ESN_Lb0EEENS1K_4warp24FragmentIteratorTensorOpIS16_S19_fNSL_IfLi4ELb1EEESF_EENS1U_20TileIteratorTensorOpIS16_S19_fSF_EENS1L_18SharedLoadIteratorINS1S_18CompactedThreadMapEfLi16EEENS1K_6thread17LinearCombinationIfLi4EffLNS23_9ScaleType4KindE0ELNS_15FloatRoundStyleE2EfEENSB_ILi0ELi8EEELi2ELi1EEENS4_30GemmIdentityThreadblockSwizzleILi1EEELb0EEEEEvNT_6ParamsE'
thread block = 1,1,0
GPGPU-Sim uArch: Shader 6 bind to kernel 1 '_ZN7cutlass6KernelINS_4gemm6kernel4GemmINS1_11threadblock13MmaMultistageINS1_9GemmShapeILi128ELi256ELi64EEENS_9transform11threadblock28PredicatedTileAccessIteratorINS_11MatrixShapeILi128ELi64EEENS_10bfloat16_tENS_6layout8RowMajorELi1ENS8_29PitchLinearWarpRakedThreadMapINS_16PitchLinearShapeILi64ELi128EEELi256ENSH_ILi8ELi4EEELi8EEENS_5ArrayISD_Li8ELb0EEELb0ENSE_9NoPermuteEEENS9_25RegularTileAccessIteratorISC_SD_NSE_37RowMajorTensorOpMultiplicandCrosswiseILi16ELi64EEELi0ESK_Li16EEELNS_4arch14CacheOperation4KindE1ENSA_INSB_ILi64ELi256EEESD_SF_Li0ENSG_INSH_ILi256ELi64EEELi256ESJ_Li8EEESM_Lb0ESN_EENSP_ISW_SD_NSE_37RowMajorTensorOpMultiplicandCongruousILi16ELi64EEELi0ESY_Li16EEELSV_1EfSF_NS4_9MmaPolicyINS1_4warp11MmaTensorOpINS6_ILi64ELi64ELi64EEESD_SR_SD_S11_fSF_NS14_17MmaTensorOpPolicyINST_3MmaINS6_ILi16ELi8ELi16EEELi32ESD_SF_SD_NSE_11ColumnMajorEfSF_NST_13OpMultiplyAddEEENSB_ILi1ELi1EEEEELi1ELb0EbEENSB_ILi0ELi0EEES1G_Li1EEELi3ELNS1_23SharedMemoryClearOptionE0EbEENS_8epilogue11threadblock8EpilogueIS7_S1F_Li1ENS1L_22PredicatedTileIteratorINS1L_26OutputTileOptimalThreadMapINS1L_15OutputTileShapeILi256ELi8ELi2ELi1ELi1EEENS1P_ILi1ELi8ELi1ELi1ELi8EEELi256ELi4ELi32EEEfLb0ESN_Lb0EEENS1K_4warp24FragmentIteratorTensorOpIS16_S19_fNSL_IfLi4ELb1EEESF_EENS1U_20TileIteratorTensorOpIS16_S19_fSF_EENS1L_18SharedLoadIteratorINS1S_18CompactedThreadMapEfLi16EEENS1K_6thread17LinearCombinationIfLi4EffLNS23_9ScaleType4KindE0ELNS_15FloatRoundStyleE2EfEENSB_ILi0ELi8EEELi2ELi1EEENS4_30GemmIdentityThreadblockSwizzleILi1EEELb0EEEEEvNT_6ParamsE'
thread block = 2,1,0
GPGPU-Sim uArch: Shader 7 bind to kernel 1 '_ZN7cutlass6KernelINS_4gemm6kernel4GemmINS1_11threadblock13MmaMultistageINS1_9GemmShapeILi128ELi256ELi64EEENS_9transform11threadblock28PredicatedTileAccessIteratorINS_11MatrixShapeILi128ELi64EEENS_10bfloat16_tENS_6layout8RowMajorELi1ENS8_29PitchLinearWarpRakedThreadMapINS_16PitchLinearShapeILi64ELi128EEELi256ENSH_ILi8ELi4EEELi8EEENS_5ArrayISD_Li8ELb0EEELb0ENSE_9NoPermuteEEENS9_25RegularTileAccessIteratorISC_SD_NSE_37RowMajorTensorOpMultiplicandCrosswiseILi16ELi64EEELi0ESK_Li16EEELNS_4arch14CacheOperation4KindE1ENSA_INSB_ILi64ELi256EEESD_SF_Li0ENSG_INSH_ILi256ELi64EEELi256ESJ_Li8EEESM_Lb0ESN_EENSP_ISW_SD_NSE_37RowMajorTensorOpMultiplicandCongruousILi16ELi64EEELi0ESY_Li16EEELSV_1EfSF_NS4_9MmaPolicyINS1_4warp11MmaTensorOpINS6_ILi64ELi64ELi64EEESD_SR_SD_S11_fSF_NS14_17MmaTensorOpPolicyINST_3MmaINS6_ILi16ELi8ELi16EEELi32ESD_SF_SD_NSE_11ColumnMajorEfSF_NST_13OpMultiplyAddEEENSB_ILi1ELi1EEEEELi1ELb0EbEENSB_ILi0ELi0EEES1G_Li1EEELi3ELNS1_23SharedMemoryClearOptionE0EbEENS_8epilogue11threadblock8EpilogueIS7_S1F_Li1ENS1L_22PredicatedTileIteratorINS1L_26OutputTileOptimalThreadMapINS1L_15OutputTileShapeILi256ELi8ELi2ELi1ELi1EEENS1P_ILi1ELi8ELi1ELi1ELi8EEELi256ELi4ELi32EEEfLb0ESN_Lb0EEENS1K_4warp24FragmentIteratorTensorOpIS16_S19_fNSL_IfLi4ELb1EEESF_EENS1U_20TileIteratorTensorOpIS16_S19_fSF_EENS1L_18SharedLoadIteratorINS1S_18CompactedThreadMapEfLi16EEENS1K_6thread17LinearCombinationIfLi4EffLNS23_9ScaleType4KindE0ELNS_15FloatRoundStyleE2EfEENSB_ILi0ELi8EEELi2ELi1EEENS4_30GemmIdentityThreadblockSwizzleILi1EEELb0EEEEEvNT_6ParamsE'
thread block = 3,1,0
Destroy streams for kernel 1: size 0
kernel_name = _ZN7cutlass6KernelINS_4gemm6kernel4GemmINS1_11threadblock13MmaMultistageINS1_9GemmShapeILi128ELi256ELi64EEENS_9transform11threadblock28PredicatedTileAccessIteratorINS_11MatrixShapeILi128ELi64EEENS_10bfloat16_tENS_6layout8RowMajorELi1ENS8_29PitchLinearWarpRakedThreadMapINS_16PitchLinearShapeILi64ELi128EEELi256ENSH_ILi8ELi4EEELi8EEENS_5ArrayISD_Li8ELb0EEELb0ENSE_9NoPermuteEEENS9_25RegularTileAccessIteratorISC_SD_NSE_37RowMajorTensorOpMultiplicandCrosswiseILi16ELi64EEELi0ESK_Li16EEELNS_4arch14CacheOperation4KindE1ENSA_INSB_ILi64ELi256EEESD_SF_Li0ENSG_INSH_ILi256ELi64EEELi256ESJ_Li8EEESM_Lb0ESN_EENSP_ISW_SD_NSE_37RowMajorTensorOpMultiplicandCongruousILi16ELi64EEELi0ESY_Li16EEELSV_1EfSF_NS4_9MmaPolicyINS1_4warp11MmaTensorOpINS6_ILi64ELi64ELi64EEESD_SR_SD_S11_fSF_NS14_17MmaTensorOpPolicyINST_3MmaINS6_ILi16ELi8ELi16EEELi32ESD_SF_SD_NSE_11ColumnMajorEfSF_NST_13OpMultiplyAddEEENSB_ILi1ELi1EEEEELi1ELb0EbEENSB_ILi0ELi0EEES1G_Li1EEELi3ELNS1_23SharedMemoryClearOptionE0EbEENS_8epilogue11threadblock8EpilogueIS7_S1F_Li1ENS1L_22PredicatedTileIteratorINS1L_26OutputTileOptimalThreadMapINS1L_15OutputTileShapeILi256ELi8ELi2ELi1ELi1EEENS1P_ILi1ELi8ELi1ELi1ELi8EEELi256ELi4ELi32EEEfLb0ESN_Lb0EEENS1K_4warp24FragmentIteratorTensorOpIS16_S19_fNSL_IfLi4ELb1EEESF_EENS1U_20TileIteratorTensorOpIS16_S19_fSF_EENS1L_18SharedLoadIteratorINS1S_18CompactedThreadMapEfLi16EEENS1K_6thread17LinearCombinationIfLi4EffLNS23_9ScaleType4KindE0ELNS_15FloatRoundStyleE2EfEENSB_ILi0ELi8EEELi2ELi1EEENS4_30GemmIdentityThreadblockSwizzleILi1EEELb0EEEEEvNT_6ParamsE 
kernel_launch_uid = 1 
kernel_stream_id = 0
gpu_sim_cycle = 35895
gpu_sim_insn = 6150144
gpu_ipc =     171.3371
gpu_tot_sim_cycle = 35895
gpu_tot_sim_insn = 6150144
gpu_tot_ipc =     171.3371
gpu_tot_issued_cta = 8
gpu_occupancy = 12.4694% 
gpu_tot_occupancy = 12.4694% 
max_total_param_size = 0
gpu_stall_dramfull = 0
gpu_stall_icnt2sh    = 0
partiton_level_parallism =       3.6515
partiton_level_parallism_total  =       3.6515
partiton_level_parallism_util =       5.6203
partiton_level_parallism_util_total  =       5.6203
L2_BW  =     164.7574 GB/Sec
L2_BW_total  =     164.7574 GB/Sec
gpu_total_sim_rate=1230028

========= Core cache stats =========
L1I_cache:
	L1I_total_cache_accesses = 0
	L1I_total_cache_misses = 0
	L1I_total_cache_pending_hits = 0
	L1I_total_cache_reservation_fails = 0
L1D_cache:
	L1D_cache_core[0]: Access = 4096, Miss = 4096, Miss_rate = 1.000, Pending_hits = 0, Reservation_fails = 5803
	L1D_cache_core[1]: Access = 4096, Miss = 4096, Miss_rate = 1.000, Pending_hits = 0, Reservation_fails = 5778
	L1D_cache_core[2]: Access = 4096, Miss = 4096, Miss_rate = 1.000, Pending_hits = 0, Reservation_fails = 5793
	L1D_cache_core[3]: Access = 4096, Miss = 4096, Miss_rate = 1.000, Pending_hits = 0, Reservation_fails = 5803
	L1D_cache_core[4]: Access = 4096, Miss = 4096, Miss_rate = 1.000, Pending_hits = 0, Reservation_fails = 5853
	L1D_cache_core[5]: Access = 4096, Miss = 4096, Miss_rate = 1.000, Pending_hits = 0, Reservation_fails = 5859
	L1D_cache_core[6]: Access = 4096, Miss = 4096, Miss_rate = 1.000, Pending_hits = 0, Reservation_fails = 5770
	L1D_cache_core[7]: Access = 4096, Miss = 4096, Miss_rate = 1.000, Pending_hits = 0, Reservation_fails = 5782
	L1D_cache_core[8]: Access = 0, Miss = 0, Miss_rate = -nan, Pending_hits = 0, Reservation_fails = 0
	L1D_cache_core[9]: Access = 0, Miss = 0, Miss_rate = -nan, Pending_hits = 0, Reservation_fails = 0
	L1D_cache_core[10]: Access = 0, Miss = 0, Miss_rate = -nan, Pending_hits = 0, Reservation_fails = 0
	L1D_cache_core[11]: Access = 0, Miss = 0, Miss_rate = -nan, Pending_hits = 0, Reservation_fails = 0
	L1D_cache_core[12]: Access = 0, Miss = 0, Miss_rate = -nan, Pending_hits = 0, Reservation_fails = 0
	L1D_cache_core[13]: Access = 0, Miss = 0, Miss_rate = -nan, Pending_hits = 0, Reservation_fails = 0
	L1D_cache_core[14]: Access = 0, Miss = 0, Miss_rate = -nan, Pending_hits = 0, Reservation_fails = 0
	L1D_cache_core[15]: Access = 0, Miss = 0, Miss_rate = -nan, Pending_hits = 0, Reservation_fails = 0
	L1D_cache_core[16]: Access = 0, Miss = 0, Miss_rate = -nan, Pending_hits = 0, Reservation_fails = 0
	L1D_cache_core[17]: Access = 0, Miss = 0, Miss_rate = -nan, Pending_hits = 0, Reservation_fails = 0
	L1D_cache_core[18]: Access = 0, Miss = 0, Miss_rate = -nan, Pending_hits = 0, Reservation_fails = 0
	L1D_cache_core[19]: Access = 0, Miss = 0, Miss_rate = -nan, Pending_hits = 0, Reservation_fails = 0
	L1D_cache_core[20]: Access = 0, Miss = 0, Miss_rate = -nan, Pending_hits = 0, Reservation_fails = 0
	L1D_cache_core[21]: Access = 0, Miss = 0, Miss_rate = -nan, Pending_hits = 0, Reservation_fails = 0
	L1D_cache_core[22]: Access = 0, Miss = 0, Miss_rate = -nan, Pending_hits = 0, Reservation_fails = 0
	L1D_cache_core[23]: Access = 0, Miss = 0, Miss_rate = -nan, Pending_hits = 0, Reservation_fails = 0
	L1D_cache_core[24]: Access = 0, Miss = 0, Miss_rate = -nan, Pending_hits = 0, Reservation_fails = 0
	L1D_cache_core[25]: Access = 0, Miss = 0, Miss_rate = -nan, Pending_hits = 0, Reservation_fails = 0
	L1D_cache_core[26]: Access = 0, Miss = 0, Miss_rate = -nan, Pending_hits = 0, Reservation_fails = 0
	L1D_cache_core[27]: Access = 0, Miss = 0, Miss_rate = -nan, Pending_hits = 0, Reservation_fails = 0
	L1D_cache_core[28]: Access = 0, Miss = 0, Miss_rate = -nan, Pending_hits = 0, Reservation_fails = 0
	L1D_cache_core[29]: Access = 0, Miss = 0, Miss_rate = -nan, Pending_hits = 0, Reservation_fails = 0
	L1D_cache_core[30]: Access = 0, Miss = 0, Miss_rate = -nan, Pending_hits = 0, Reservation_fails = 0
	L1D_cache_core[31]: Access = 0, Miss = 0, Miss_rate = -nan, Pending_hits = 0, Reservation_fails = 0
	L1D_cache_core[32]: Access = 0, Miss = 0, Miss_rate = -nan, Pending_hits = 0, Reservation_fails = 0
	L1D_cache_core[33]: Access = 0, Miss = 0, Miss_rate = -nan, Pending_hits = 0, Reservation_fails = 0
	L1D_cache_core[34]: Access = 0, Miss = 0, Miss_rate = -nan, Pending_hits = 0, Reservation_fails = 0
	L1D_cache_core[35]: Access = 0, Miss = 0, Miss_rate = -nan, Pending_hits = 0, Reservation_fails = 0
	L1D_cache_core[36]: Access = 0, Miss = 0, Miss_rate = -nan, Pending_hits = 0, Reservation_fails = 0
	L1D_cache_core[37]: Access = 0, Miss = 0, Miss_rate = -nan, Pending_hits = 0, Reservation_fails = 0
	L1D_cache_core[38]: Access = 0, Miss = 0, Miss_rate = -nan, Pending_hits = 0, Reservation_fails = 0
	L1D_cache_core[39]: Access = 0, Miss = 0, Miss_rate = -nan, Pending_hits = 0, Reservation_fails = 0
	L1D_cache_core[40]: Access = 0, Miss = 0, Miss_rate = -nan, Pending_hits = 0, Reservation_fails = 0
	L1D_cache_core[41]: Access = 0, Miss = 0, Miss_rate = -nan, Pending_hits = 0, Reservation_fails = 0
	L1D_cache_core[42]: Access = 0, Miss = 0, Miss_rate = -nan, Pending_hits = 0, Reservation_fails = 0
	L1D_cache_core[43]: Access = 0, Miss = 0, Miss_rate = -nan, Pending_hits = 0, Reservation_fails = 0
	L1D_cache_core[44]: Access = 0, Miss = 0, Miss_rate = -nan, Pending_hits = 0, Reservation_fails = 0
	L1D_cache_core[45]: Access = 0, Miss = 0, Miss_rate = -nan, Pending_hits = 0, Reservation_fails = 0
	L1D_cache_core[46]: Access = 0, Miss = 0, Miss_rate = -nan, Pending_hits = 0, Reservation_fails = 0
	L1D_cache_core[47]: Access = 0, Miss = 0, Miss_rate = -nan, Pending_hits = 0, Reservation_fails = 0
	L1D_cache_core[48]: Access = 0, Miss = 0, Miss_rate = -nan, Pending_hits = 0, Reservation_fails = 0
	L1D_cache_core[49]: Access = 0, Miss = 0, Miss_rate = -nan, Pending_hits = 0, Reservation_fails = 0
	L1D_cache_core[50]: Access = 0, Miss = 0, Miss_rate = -nan, Pending_hits = 0, Reservation_fails = 0
	L1D_cache_core[51]: Access = 0, Miss = 0, Miss_rate = -nan, Pending_hits = 0, Reservation_fails = 0
	L1D_cache_core[52]: Access = 0, Miss = 0, Miss_rate = -nan, Pending_hits = 0, Reservation_fails = 0
	L1D_cache_core[53]: Access = 0, Miss = 0, Miss_rate = -nan, Pending_hits = 0, Reservation_fails = 0
	L1D_cache_core[54]: Access = 0, Miss = 0, Miss_rate = -nan, Pending_hits = 0, Reservation_fails = 0
	L1D_cache_core[55]: Access = 0, Miss = 0, Miss_rate = -nan, Pending_hits = 0, Reservation_fails = 0
	L1D_cache_core[56]: Access = 0, Miss = 0, Miss_rate = -nan, Pending_hits = 0, Reservation_fails = 0
	L1D_cache_core[57]: Access = 0, Miss = 0, Miss_rate = -nan, Pending_hits = 0, Reservation_fails = 0
	L1D_cache_core[58]: Access = 0, Miss = 0, Miss_rate = -nan, Pending_hits = 0, Reservation_fails = 0
	L1D_cache_core[59]: Access = 0, Miss = 0, Miss_rate = -nan, Pending_hits = 0, Reservation_fails = 0
	L1D_cache_core[60]: Access = 0, Miss = 0, Miss_rate = -nan, Pending_hits = 0, Reservation_fails = 0
	L1D_cache_core[61]: Access = 0, Miss = 0, Miss_rate = -nan, Pending_hits = 0, Reservation_fails = 0
	L1D_cache_core[62]: Access = 0, Miss = 0, Miss_rate = -nan, Pending_hits = 0, Reservation_fails = 0
	L1D_cache_core[63]: Access = 0, Miss = 0, Miss_rate = -nan, Pending_hits = 0, Reservation_fails = 0
	L1D_cache_core[64]: Access = 0, Miss = 0, Miss_rate = -nan, Pending_hits = 0, Reservation_fails = 0
	L1D_cache_core[65]: Access = 0, Miss = 0, Miss_rate = -nan, Pending_hits = 0, Reservation_fails = 0
	L1D_cache_core[66]: Access = 0, Miss = 0, Miss_rate = -nan, Pending_hits = 0, Reservation_fails = 0
	L1D_cache_core[67]: Access = 0, Miss = 0, Miss_rate = -nan, Pending_hits = 0, Reservation_fails = 0
	L1D_cache_core[68]: Access = 0, Miss = 0, Miss_rate = -nan, Pending_hits = 0, Reservation_fails = 0
	L1D_cache_core[69]: Access = 0, Miss = 0, Miss_rate = -nan, Pending_hits = 0, Reservation_fails = 0
	L1D_cache_core[70]: Access = 0, Miss = 0, Miss_rate = -nan, Pending_hits = 0, Reservation_fails = 0
	L1D_cache_core[71]: Access = 0, Miss = 0, Miss_rate = -nan, Pending_hits = 0, Reservation_fails = 0
	L1D_cache_core[72]: Access = 0, Miss = 0, Miss_rate = -nan, Pending_hits = 0, Reservation_fails = 0
	L1D_cache_core[73]: Access = 0, Miss = 0, Miss_rate = -nan, Pending_hits = 0, Reservation_fails = 0
	L1D_cache_core[74]: Access = 0, Miss = 0, Miss_rate = -nan, Pending_hits = 0, Reservation_fails = 0
	L1D_cache_core[75]: Access = 0, Miss = 0, Miss_rate = -nan, Pending_hits = 0, Reservation_fails = 0
	L1D_cache_core[76]: Access = 0, Miss = 0, Miss_rate = -nan, Pending_hits = 0, Reservation_fails = 0
	L1D_cache_core[77]: Access = 0, Miss = 0, Miss_rate = -nan, Pending_hits = 0, Reservation_fails = 0
	L1D_cache_core[78]: Access = 0, Miss = 0, Miss_rate = -nan, Pending_hits = 0, Reservation_fails = 0
	L1D_cache_core[79]: Access = 0, Miss = 0, Miss_rate = -nan, Pending_hits = 0, Reservation_fails = 0
	L1D_cache_core[80]: Access = 0, Miss = 0, Miss_rate = -nan, Pending_hits = 0, Reservation_fails = 0
	L1D_cache_core[81]: Access = 0, Miss = 0, Miss_rate = -nan, Pending_hits = 0, Reservation_fails = 0
	L1D_cache_core[82]: Access = 0, Miss = 0, Miss_rate = -nan, Pending_hits = 0, Reservation_fails = 0
	L1D_cache_core[83]: Access = 0, Miss = 0, Miss_rate = -nan, Pending_hits = 0, Reservation_fails = 0
	L1D_cache_core[84]: Access = 0, Miss = 0, Miss_rate = -nan, Pending_hits = 0, Reservation_fails = 0
	L1D_cache_core[85]: Access = 0, Miss = 0, Miss_rate = -nan, Pending_hits = 0, Reservation_fails = 0
	L1D_cache_core[86]: Access = 0, Miss = 0, Miss_rate = -nan, Pending_hits = 0, Reservation_fails = 0
	L1D_cache_core[87]: Access = 0, Miss = 0, Miss_rate = -nan, Pending_hits = 0, Reservation_fails = 0
	L1D_cache_core[88]: Access = 0, Miss = 0, Miss_rate = -nan, Pending_hits = 0, Reservation_fails = 0
	L1D_cache_core[89]: Access = 0, Miss = 0, Miss_rate = -nan, Pending_hits = 0, Reservation_fails = 0
	L1D_cache_core[90]: Access = 0, Miss = 0, Miss_rate = -nan, Pending_hits = 0, Reservation_fails = 0
	L1D_cache_core[91]: Access = 0, Miss = 0, Miss_rate = -nan, Pending_hits = 0, Reservation_fails = 0
	L1D_cache_core[92]: Access = 0, Miss = 0, Miss_rate = -nan, Pending_hits = 0, Reservation_fails = 0
	L1D_cache_core[93]: Access = 0, Miss = 0, Miss_rate = -nan, Pending_hits = 0, Reservation_fails = 0
	L1D_cache_core[94]: Access = 0, Miss = 0, Miss_rate = -nan, Pending_hits = 0, Reservation_fails = 0
	L1D_cache_core[95]: Access = 0, Miss = 0, Miss_rate = -nan, Pending_hits = 0, Reservation_fails = 0
	L1D_cache_core[96]: Access = 0, Miss = 0, Miss_rate = -nan, Pending_hits = 0, Reservation_fails = 0
	L1D_cache_core[97]: Access = 0, Miss = 0, Miss_rate = -nan, Pending_hits = 0, Reservation_fails = 0
	L1D_cache_core[98]: Access = 0, Miss = 0, Miss_rate = -nan, Pending_hits = 0, Reservation_fails = 0
	L1D_cache_core[99]: Access = 0, Miss = 0, Miss_rate = -nan, Pending_hits = 0, Reservation_fails = 0
	L1D_cache_core[100]: Access = 0, Miss = 0, Miss_rate = -nan, Pending_hits = 0, Reservation_fails = 0
	L1D_cache_core[101]: Access = 0, Miss = 0, Miss_rate = -nan, Pending_hits = 0, Reservation_fails = 0
	L1D_cache_core[102]: Access = 0, Miss = 0, Miss_rate = -nan, Pending_hits = 0, Reservation_fails = 0
	L1D_cache_core[103]: Access = 0, Miss = 0, Miss_rate = -nan, Pending_hits = 0, Reservation_fails = 0
	L1D_cache_core[104]: Access = 0, Miss = 0, Miss_rate = -nan, Pending_hits = 0, Reservation_fails = 0
	L1D_cache_core[105]: Access = 0, Miss = 0, Miss_rate = -nan, Pending_hits = 0, Reservation_fails = 0
	L1D_cache_core[106]: Access = 0, Miss = 0, Miss_rate = -nan, Pending_hits = 0, Reservation_fails = 0
	L1D_cache_core[107]: Access = 0, Miss = 0, Miss_rate = -nan, Pending_hits = 0, Reservation_fails = 0
	L1D_total_cache_accesses = 32768
	L1D_total_cache_misses = 32768
	L1D_total_cache_miss_rate = 1.0000
	L1D_total_cache_pending_hits = 0
	L1D_total_cache_reservation_fails = 46441
	L1D_cache_data_port_util = 0.000
	L1D_cache_fill_port_util = 0.000
L1C_cache:
	L1C_total_cache_accesses = 0
	L1C_total_cache_misses = 0
	L1C_total_cache_pending_hits = 0
	L1C_total_cache_reservation_fails = 0
L1T_cache:
	L1T_total_cache_accesses = 0
	L1T_total_cache_misses = 0
	L1T_total_cache_pending_hits = 0
	L1T_total_cache_reservation_fails = 0

Total_core_cache_stats:
	Total_core_cache_stats_breakdown[GLOBAL_ACC_R][HIT] = 0
	Total_core_cache_stats_breakdown[GLOBAL_ACC_R][HIT_RESERVED] = 0
	Total_core_cache_stats_breakdown[GLOBAL_ACC_R][MISS] = 0
	Total_core_cache_stats_breakdown[GLOBAL_ACC_R][RESERVATION_FAIL] = 0
	Total_core_cache_stats_breakdown[GLOBAL_ACC_R][SECTOR_MISS] = 0
	Total_core_cache_stats_breakdown[GLOBAL_ACC_R][MSHR_HIT] = 0
	Total_core_cache_stats_breakdown[LOCAL_ACC_R][HIT] = 0
	Total_core_cache_stats_breakdown[LOCAL_ACC_R][HIT_RESERVED] = 0
	Total_core_cache_stats_breakdown[LOCAL_ACC_R][MISS] = 0
	Total_core_cache_stats_breakdown[LOCAL_ACC_R][RESERVATION_FAIL] = 0
	Total_core_cache_stats_breakdown[LOCAL_ACC_R][SECTOR_MISS] = 0
	Total_core_cache_stats_breakdown[LOCAL_ACC_R][MSHR_HIT] = 0
	Total_core_cache_stats_breakdown[CONST_ACC_R][HIT] = 0
	Total_core_cache_stats_breakdown[CONST_ACC_R][HIT_RESERVED] = 0
	Total_core_cache_stats_breakdown[CONST_ACC_R][MISS] = 0
	Total_core_cache_stats_breakdown[CONST_ACC_R][RESERVATION_FAIL] = 0
	Total_core_cache_stats_breakdown[CONST_ACC_R][SECTOR_MISS] = 0
	Total_core_cache_stats_breakdown[CONST_ACC_R][MSHR_HIT] = 0
	Total_core_cache_stats_breakdown[TEXTURE_ACC_R][HIT] = 0
	Total_core_cache_stats_breakdown[TEXTURE_ACC_R][HIT_RESERVED] = 0
	Total_core_cache_stats_breakdown[TEXTURE_ACC_R][MISS] = 0
	Total_core_cache_stats_breakdown[TEXTURE_ACC_R][RESERVATION_FAIL] = 0
	Total_core_cache_stats_breakdown[TEXTURE_ACC_R][SECTOR_MISS] = 0
	Total_core_cache_stats_breakdown[TEXTURE_ACC_R][MSHR_HIT] = 0
	Total_core_cache_stats_breakdown[GLOBAL_ACC_W][HIT] = 0
	Total_core_cache_stats_breakdown[GLOBAL_ACC_W][HIT_RESERVED] = 0
	Total_core_cache_stats_breakdown[GLOBAL_ACC_W][MISS] = 8192
	Total_core_cache_stats_breakdown[GLOBAL_ACC_W][RESERVATION_FAIL] = 46441
	Total_core_cache_stats_breakdown[GLOBAL_ACC_W][SECTOR_MISS] = 24576
	Total_core_cache_stats_breakdown[GLOBAL_ACC_W][MSHR_HIT] = 0
	Total_core_cache_stats_breakdown[LOCAL_ACC_W][HIT] = 0
	Total_core_cache_stats_breakdown[LOCAL_ACC_W][HIT_RESERVED] = 0
	Total_core_cache_stats_breakdown[LOCAL_ACC_W][MISS] = 0
	Total_core_cache_stats_breakdown[LOCAL_ACC_W][RESERVATION_FAIL] = 0
	Total_core_cache_stats_breakdown[LOCAL_ACC_W][SECTOR_MISS] = 0
	Total_core_cache_stats_breakdown[LOCAL_ACC_W][MSHR_HIT] = 0
	Total_core_cache_stats_breakdown[L1_WRBK_ACC][HIT] = 0
	Total_core_cache_stats_breakdown[L1_WRBK_ACC][HIT_RESERVED] = 0
	Total_core_cache_stats_breakdown[L1_WRBK_ACC][MISS] = 0
	Total_core_cache_stats_breakdown[L1_WRBK_ACC][RESERVATION_FAIL] = 0
	Total_core_cache_stats_breakdown[L1_WRBK_ACC][SECTOR_MISS] = 0
	Total_core_cache_stats_breakdown[L1_WRBK_ACC][MSHR_HIT] = 0
	Total_core_cache_stats_breakdown[L2_WRBK_ACC][HIT] = 0
	Total_core_cache_stats_breakdown[L2_WRBK_ACC][HIT_RESERVED] = 0
	Total_core_cache_stats_breakdown[L2_WRBK_ACC][MISS] = 0
	Total_core_cache_stats_breakdown[L2_WRBK_ACC][RESERVATION_FAIL] = 0
	Total_core_cache_stats_breakdown[L2_WRBK_ACC][SECTOR_MISS] = 0
	Total_core_cache_stats_breakdown[L2_WRBK_ACC][MSHR_HIT] = 0
	Total_core_cache_stats_breakdown[INST_ACC_R][HIT] = 0
	Total_core_cache_stats_breakdown[INST_ACC_R][HIT_RESERVED] = 0
	Total_core_cache_stats_breakdown[INST_ACC_R][MISS] = 0
	Total_core_cache_stats_breakdown[INST_ACC_R][RESERVATION_FAIL] = 0
	Total_core_cache_stats_breakdown[INST_ACC_R][SECTOR_MISS] = 0
	Total_core_cache_stats_breakdown[INST_ACC_R][MSHR_HIT] = 0
	Total_core_cache_stats_breakdown[L1_WR_ALLOC_R][HIT] = 0
	Total_core_cache_stats_breakdown[L1_WR_ALLOC_R][HIT_RESERVED] = 0
	Total_core_cache_stats_breakdown[L1_WR_ALLOC_R][MISS] = 0
	Total_core_cache_stats_breakdown[L1_WR_ALLOC_R][RESERVATION_FAIL] = 0
	Total_core_cache_stats_breakdown[L1_WR_ALLOC_R][SECTOR_MISS] = 0
	Total_core_cache_stats_breakdown[L1_WR_ALLOC_R][MSHR_HIT] = 0
	Total_core_cache_stats_breakdown[L2_WR_ALLOC_R][HIT] = 0
	Total_core_cache_stats_breakdown[L2_WR_ALLOC_R][HIT_RESERVED] = 0
	Total_core_cache_stats_breakdown[L2_WR_ALLOC_R][MISS] = 0
	Total_core_cache_stats_breakdown[L2_WR_ALLOC_R][RESERVATION_FAIL] = 0
	Total_core_cache_stats_breakdown[L2_WR_ALLOC_R][SECTOR_MISS] = 0
	Total_core_cache_stats_breakdown[L2_WR_ALLOC_R][MSHR_HIT] = 0
	Total_core_cache_stats_breakdown[GLOBAL_ACC_W][TOTAL_ACCESS] = 32768

Total_core_cache_fail_stats:
	Total_core_cache_fail_stats_breakdown[GLOBAL_ACC_W][MISS_QUEUE_FULL] = 46441
ctas_completed 8, Shader 0 warp_id issue ditsribution:
warp_id:
0, 1, 2, 3, 4, 5, 6, 7, 
distro:
3031, 3031, 3031, 3031, 3031, 3031, 3031, 3031, 
gpgpu_n_tot_thrd_icount = 6404096
gpgpu_n_tot_w_icount = 200128
gpgpu_n_stall_shd_mem = 126035
gpgpu_n_mem_read_local = 0
gpgpu_n_mem_write_local = 0
gpgpu_n_mem_read_global = 98304
gpgpu_n_mem_write_global = 32768
gpgpu_n_mem_texture = 0
gpgpu_n_mem_const = 0
gpgpu_n_load_insn  = 196608
gpgpu_n_store_insn = 65536
gpgpu_n_shmem_insn = 737280
gpgpu_n_sstarr_insn = 0
gpgpu_n_tex_insn = 0
gpgpu_n_const_mem_insn = 0
gpgpu_n_param_mem_insn = 0
gpgpu_n_shmem_bkconflict = 60928
gpgpu_n_l1cache_bkconflict = 19416
gpgpu_n_intrawarp_mshr_merge = 0
gpgpu_n_cmem_portconflict = 0
gpgpu_stall_shd_mem[c_mem][resource_stall] = 0
gpgpu_stall_shd_mem[s_mem][bk_conf] = 60928
gpgpu_stall_shd_mem[gl_mem][resource_stall] = 19416
gpgpu_stall_shd_mem[gl_mem][coal_stall] = 20767
gpgpu_stall_shd_mem[gl_mem][data_port_stall] = 0
gpu_reg_bank_conflict_stalls = 0
Warp Occupancy Distribution:
Stall:677852	W0_Idle:43151	W0_Scoreboard:74477	W1:0	W2:0	W3:0	W4:0	W5:0	W6:0	W7:0	W8:0	W9:0	W10:0	W11:0	W12:0	W13:0	W14:0	W15:0	W16:0	W17:0	W18:0	W19:0	W20:0	W21:0	W22:0	W23:0	W24:0	W25:0	W26:0	W27:0	W28:0	W29:0	W30:0	W31:0	W32:186048
single_issue_nums: WS0:48496	WS1:48496	WS2:48496	WS3:48496	
dual_issue_nums: WS0:0	WS1:0	WS2:0	WS3:0	
traffic_breakdown_coretomem[GLOBAL_ACC_R] = 786432 {8:98304,}
traffic_breakdown_coretomem[GLOBAL_ACC_W] = 1310720 {40:32768,}
traffic_breakdown_memtocore[GLOBAL_ACC_R] = 3932160 {40:98304,}
traffic_breakdown_memtocore[GLOBAL_ACC_W] = 262144 {8:32768,}
maxmflatency = 1688 
max_icnt2mem_latency = 913 
maxmrqlatency = 67 
max_icnt2sh_latency = 805 
averagemflatency = 640 
avg_icnt2mem_latency = 246 
avg_mrq_latency = 5 
avg_icnt2sh_latency = 94 
mrq_lat_table:14065 	4255 	9683 	1849 	2723 	190 	3 	0 	0 	0 	0 	0 	0 	0 	0 	0 	0 	0 	0 	0 	0 	0 	0 	0 	0 	0 	0 	0 	0 	0 	0 	0 	
dq_lat_table:0 	0 	0 	0 	0 	0 	0 	0 	0 	0 	0 	0 	0 	0 	0 	0 	0 	0 	0 	0 	0 	0 	0 	0 	0 	0 	0 	0 	0 	0 	0 	0 	
mf_lat_table:0 	0 	0 	0 	0 	0 	0 	2186 	51090 	59476 	18320 	0 	0 	0 	0 	0 	0 	0 	0 	0 	0 	0 	0 	0 	0 	0 	0 	0 	0 	0 	0 	0 	
icnt2mem_lat_table:0 	456 	1229 	3067 	4357 	17333 	29692 	31360 	19658 	23920 	0 	0 	0 	0 	0 	0 	0 	0 	0 	0 	0 	0 	0 	0 	
icnt2sh_lat_table:0 	43041 	3951 	5147 	8483 	13570 	17773 	24388 	14033 	686 	0 	0 	0 	0 	0 	0 	0 	0 	0 	0 	0 	0 	0 	0 	
mf_lat_pw_table:0 	0 	0 	0 	0 	0 	0 	0 	16 	28 	5 	0 	0 	0 	0 	0 	0 	0 	0 	0 	0 	0 	0 	0 	0 	0 	0 	0 	0 	0 	0 	0 	
maximum concurrent accesses to same row:
dram[0]:         0         0         0         0         0         0         0         0         0         0         0         0         0         0         0         0 
dram[1]:         0         0         0         0         0         0         0         0         0         0         0         0         0         0         0         0 
dram[2]:         0         0         0         0         0         0         0         0         0         0         0         0         0         0         0         0 
dram[3]:         0         0         0         0         0         0         0         0         0         0         0         0         0         0         0         0 
dram[4]:         0         0         0         0         0         0         0         0         0         0         0         0         0         0         0         0 
dram[5]:         0         0         0         0         0         0         0         0         0         0         0         0         0         0         0         0 
dram[6]:         0         0         0         0         0         0         0         0         0         0         0         0         0         0         0         0 
dram[7]:         0         0         0         0         0         0         0         0         0         0         0         0         0         0         0         0 
dram[8]:         0         0         0         0         0         0         0         0         0         0         0         0         0         0         0         0 
dram[9]:         0         0         0         0         0         0         0         0         0         0         0         0         0         0         0         0 
dram[10]:         0         0         0         0         0         0         0         0         0         0         0         0         0         0         0         0 
dram[11]:         0         0         0         0         0         0         0         0         0         0         0         0         0         0         0         0 
dram[12]:         0         0         0         0         0         0         0         0         0         0         0         0         0         0         0         0 
dram[13]:         0         0         0         0         0         0         0         0         0         0         0         0         0         0         0         0 
dram[14]:         0         0         0         0         0         0         0         0         0         0         0         0         0         0         0         0 
dram[15]:         0         0         0         0         0         0         0         0         0         0         0         0         0         0         0         0 
dram[16]:         0         0         0         0         0         0         0         0         0         0         0         0         0         0         0         0 
dram[17]:         0         0         0         0         0         0         0         0         0         0         0         0         0         0         0         0 
dram[18]:         0         0         0         0         0         0         0         0         0         0         0         0         0         0         0         0 
dram[19]:         0         0         0         0         0         0         0         0         0         0         0         0         0         0         0         0 
dram[20]:         0         0         0         0         0         0         0         0         0         0         0         0         0         0         0         0 
dram[21]:         0         0         0         0         0         0         0         0         0         0         0         0         0         0         0         0 
dram[22]:         0         0         0         0         0         0         0         0         0         0         0         0         0         0         0         0 
dram[23]:         0         0         0         0         0         0         0         0         0         0         0         0         0         0         0         0 
dram[24]:         0         0         0         0         0         0         0         0         0         0         0         0         0         0         0         0 
dram[25]:         0         0         0         0         0         0         0         0         0         0         0         0         0         0         0         0 
dram[26]:         0         0         0         0         0         0         0         0         0         0         0         0         0         0         0         0 
dram[27]:         0         0         0         0         0         0         0         0         0         0         0         0         0         0         0         0 
dram[28]:         0         0         0         0         0         0         0         0         0         0         0         0         0         0         0         0 
dram[29]:         0         0         0         0         0         0         0         0         0         0         0         0         0         0         0         0 
dram[30]:         0         0         0         0         0         0         0         0         0         0         0         0         0         0         0         0 
dram[31]:         0         0         0         0         0         0         0         0         0         0         0         0         0         0         0         0 
dram[32]:         0         0         0         0         0         0         0         0         0         0         0         0         0         0         0         0 
dram[33]:         0         0         0         0         0         0         0         0         0         0         0         0         0         0         0         0 
dram[34]:         0         0         0         0         0         0         0         0         0         0         0         0         0         0         0         0 
dram[35]:         0         0         0         0         0         0         0         0         0         0         0         0         0         0         0         0 
dram[36]:         0         0         0         0         0         0         0         0         0         0         0         0         0         0         0         0 
dram[37]:         0         0         0         0         0         0         0         0         0         0         0         0         0         0         0         0 
dram[38]:         0         0         0         0         0         0         0         0         0         0         0         0         0         0         0         0 
dram[39]:         0         0         0         0         0         0         0         0         0         0         0         0         0         0         0         0 
maximum service time to same row:
dram[0]:         0         0      6356      8447      6230      8341      6286      8281      6272      7240      7631      7744     12869     12884     17911     18023 
dram[1]:         0         0     10304     12769     10288     12677     10228     12624      7380      7436      7932      8062     13269     13306     18399     18415 
dram[2]:         0         0     15414     17926     15193     17653     15090     17612      7182      7238      7630      7742     12690     12706     17854     17870 
dram[3]:         0         0     20302     22887     20272     22786     19756     22605      7378      7434      7929      8045     13111     13127     18293     18309 
dram[4]:         0         0      6349      8444      6223      8336      6279      8272      6265      7233      7625      7737     12865     12881     17907     18019 
dram[5]:         0         0     10299     12765     10284     12674     10224     12620      7373      7429      7925      8058     13265     13298     18395     18411 
dram[6]:         0         0     15410     17922     15190     17650     15082     17608      7175      7230      7623      7735     12686     12702     17850     17866 
dram[7]:         0         0     20298     22883     20268     22782     19752     22601      7371      7427      7921      8041     13107     13123     18289     18305 
dram[8]:         0         0      6342      8362      6300      8333      6272      8340      6244      7338      7659      7772     12909     12957     17902     18015 
dram[9]:         0         0     10280     12793     10258     12670     10220     12666      7590      7702      7958      8094     13386     13420     18392     18407 
dram[10]:         0         0     14935     17950     15146     17646     15106     17636      7308      7336      7658      7769     12806     12856     17846     17862 
dram[11]:         0         0     20396     22804     20251     22754     19748     22593      7588      7700      7955      8085     13202     13219     18285     18301 
dram[12]:         0         0      6335      8355      6293      8329      6265      8336      6237      7331      7653      7765     12905     12953     17899     18011 
dram[13]:         0         0     10276     12789     10254     12666     10216     12662      7583      7695      7954      8090     13382     13415     18386     18403 
dram[14]:         0         0     14930     17946     15142     17642     15102     17632      7301      7329      7651      7763     12801     12852     17842     17858 
dram[15]:         0         0     20392     22800     20247     22751     19744     22588      7581      7693      7951      8081     13199     13215     18280     18297 
dram[16]:         0         0      6398      8348      6272      8362      6244      8332      6230      7324      7478      7534     12901     12949     17783     17847 
dram[17]:         0         0     10248     12743     10250     12751     10212     12658      7576      7688      7814      7877     13378     13430     18191     18223 
dram[18]:         0         0     14927     17918     15137     17662     15139     17652      7294      7322      7476      7532     12809     12875     17838     17854 
dram[19]:         0         0     20293     22795     20242     22747     20133     22573      7574      7686      7811      7876     13195     13211     18212     18227 
dram[20]:         0         0      6391      8341      6265      8358      6237      8328      6223      7317      7471      7527     12897     12946     17778     17843 
dram[21]:         0         0     10244     12739     10246     12746     10208     12654      7569      7681      7807      7873     13374     13423     18187     18219 
dram[22]:         0         0     14923     17914     15134     17658     15135     17648      7286      7316      7469      7525     12805     12870     17833     17850 
dram[23]:         0         0     20290     22792     20237     22743     20128     22568      7567      7679      7805      7872     13191     13207     18206     18223 
dram[24]:         0         0      6272      8322      6258      8351      6230      8534      6300      7226      7142      7282     12804     12870     17775     17839 
dram[25]:         0         0     10240     12735     10321     12741     10336     12674      7366      7422      7617      7730     13227     13252     18183     18215 
dram[26]:         0         0     15319     17902     15178     17698     15086     17651      7168      7224      7140      7280     12801     12867     17676     17720 
dram[27]:         0         0     20278     22927     20256     22827     20125     22563      7364      7420      7616      7728     13213     13229     18048     18064 
dram[28]:         0         0      6265      8318      6251      8345      6223      8528      6293      7219      7135      7275     12800     12867     17771     17835 
dram[29]:         0         0     10236     12731     10317     12737     10330     12670      7359      7415      7611      7723     13223     13247     18178     18211 
dram[30]:         0         0     15315     17898     15174     17692     15082     17647      7161      7216      7133      7272     12797     12863     17672     17716 
dram[31]:         0         0     20274     22923     20252     22823     20121     22558      7357      7413      7609      7721     13209     13225     18044     18060 
dram[32]:         0         0      6258      8314      6244      8557      6230      8302      6286      7212      7128      7268     12796     12863     17855     17887 
dram[33]:         0         0     10269     12777     10296     12721     10236     12632      7352      7408      7603      7716     13219     13239     18263     18279 
dram[34]:         0         0     15311     17894     15170     17687     15078     17620      7154      7210      7126      7266     12698     12714     17667     17713 
dram[35]:         0         0     20270     22895     20280     22807     19993     22613      7350      7406      7602      7714     13119     13135     18040     18056 
dram[36]:         0         0      6251      8308      6237      8553      6223      8292      6279      7205      7119      7261     12792     12859     17851     17883 
dram[37]:         0         0     10262     12773     10292     12717     10232     12628      7345      7401      7597      7709     13215     13232     18259     18275 
dram[38]:         0         0     15307     17890     15165     17681     15074     17616      7147      7203      7119      7258     12694     12710     17664     17708 
dram[39]:         0         0     20266     22891     20276     22803     19989     22609      7343      7399      7595      7707     13115     13131     18036     18052 
average row accesses per activate:
dram[0]:      -nan      -nan 24.000000 24.000000 64.000000 64.000000 64.000000 64.000000 64.000000 64.000000 64.000000 64.000000 64.000000 64.000000 64.000000 64.000000 
dram[1]:      -nan      -nan 24.000000 24.000000 64.000000 64.000000 64.000000 64.000000 64.000000 64.000000 64.000000 64.000000 64.000000 64.000000 64.000000 64.000000 
dram[2]:      -nan      -nan 24.000000 24.000000 64.000000 64.000000 64.000000 64.000000 64.000000 64.000000 64.000000 64.000000 64.000000 64.000000 64.000000 64.000000 
dram[3]:      -nan      -nan 24.000000 24.000000 64.000000 64.000000 64.000000 64.000000 64.000000 64.000000 64.000000 64.000000 64.000000 64.000000 64.000000 64.000000 
dram[4]:      -nan      -nan 24.000000 24.000000 64.000000 64.000000 64.000000 64.000000 64.000000 64.000000 64.000000 64.000000 64.000000 64.000000 64.000000 64.000000 
dram[5]:      -nan      -nan 24.000000 24.000000 64.000000 64.000000 64.000000 64.000000 64.000000 64.000000 64.000000 64.000000 64.000000 64.000000 64.000000 64.000000 
dram[6]:      -nan      -nan 24.000000 24.000000 64.000000 64.000000 64.000000 64.000000 64.000000 64.000000 64.000000 64.000000 64.000000 64.000000 64.000000 64.000000 
dram[7]:      -nan      -nan 24.000000 24.000000 64.000000 64.000000 64.000000 64.000000 64.000000 64.000000 64.000000 64.000000 64.000000 64.000000 64.000000 64.000000 
dram[8]:      -nan      -nan 24.000000 24.000000 64.000000 64.000000 64.000000 64.000000 64.000000 64.000000 64.000000 64.000000 64.000000 64.000000 64.000000 64.000000 
dram[9]:      -nan      -nan 24.000000 24.000000 64.000000 64.000000 64.000000 64.000000 64.000000 64.000000 64.000000 64.000000 64.000000 64.000000 64.000000 64.000000 
dram[10]:      -nan      -nan 24.000000 24.000000 64.000000 64.000000 64.000000 64.000000 64.000000 64.000000 64.000000 64.000000 64.000000 64.000000 64.000000 64.000000 
dram[11]:      -nan      -nan 24.000000 24.000000 64.000000 64.000000 64.000000 64.000000 64.000000 64.000000 64.000000 64.000000 64.000000 64.000000 64.000000 64.000000 
dram[12]:      -nan      -nan 24.000000 24.000000 64.000000 64.000000 64.000000 64.000000 64.000000 64.000000 64.000000 64.000000 64.000000 64.000000 64.000000 64.000000 
dram[13]:      -nan      -nan 24.000000 24.000000 64.000000 64.000000 64.000000 64.000000 64.000000 64.000000 64.000000 64.000000 64.000000 64.000000 64.000000 64.000000 
dram[14]:      -nan      -nan 24.000000 24.000000 64.000000 64.000000 64.000000 64.000000 64.000000 64.000000 64.000000 64.000000 64.000000 64.000000 64.000000 64.000000 
dram[15]:      -nan      -nan 24.000000 24.000000 64.000000 64.000000 64.000000 64.000000 64.000000 64.000000 64.000000 64.000000 64.000000 64.000000 64.000000 64.000000 
dram[16]:      -nan      -nan 24.000000 24.000000 64.000000 64.000000 64.000000 64.000000 64.000000 64.000000 64.000000 64.000000 64.000000 64.000000 64.000000 64.000000 
dram[17]:      -nan      -nan 24.000000 24.000000 64.000000 64.000000 64.000000 64.000000 64.000000 64.000000 64.000000 64.000000 64.000000 64.000000 64.000000 64.000000 
dram[18]:      -nan      -nan 24.000000 24.000000 64.000000 64.000000 64.000000 64.000000 64.000000 64.000000 64.000000 64.000000 64.000000 64.000000 64.000000 64.000000 
dram[19]:      -nan      -nan 24.000000 24.000000 64.000000 64.000000 64.000000 64.000000 64.000000 64.000000 64.000000 64.000000 64.000000 64.000000 64.000000 64.000000 
dram[20]:      -nan      -nan 24.000000 24.000000 64.000000 64.000000 64.000000 64.000000 64.000000 64.000000 64.000000 64.000000 64.000000 64.000000 64.000000 64.000000 
dram[21]:      -nan      -nan 24.000000 24.000000 64.000000 64.000000 64.000000 64.000000 64.000000 64.000000 64.000000 64.000000 64.000000 64.000000 64.000000 64.000000 
dram[22]:      -nan      -nan 24.000000 24.000000 64.000000 64.000000 64.000000 64.000000 64.000000 64.000000 64.000000 64.000000 64.000000 64.000000 64.000000 64.000000 
dram[23]:      -nan      -nan 24.000000 24.000000 64.000000 64.000000 64.000000 64.000000 64.000000 64.000000 64.000000 64.000000 64.000000 64.000000 64.000000 64.000000 
dram[24]:      -nan      -nan 28.000000 28.000000 64.000000 64.000000 64.000000 64.000000 64.000000 64.000000 64.000000 64.000000 64.000000 64.000000 64.000000 64.000000 
dram[25]:      -nan      -nan 28.000000 28.000000 64.000000 64.000000 64.000000 64.000000 64.000000 64.000000 64.000000 64.000000 64.000000 64.000000 64.000000 64.000000 
dram[26]:      -nan      -nan 28.000000 28.000000 64.000000 64.000000 64.000000 64.000000 64.000000 64.000000 64.000000 64.000000 64.000000 64.000000 64.000000 64.000000 
dram[27]:      -nan      -nan 28.000000 28.000000 64.000000 64.000000 64.000000 64.000000 64.000000 64.000000 64.000000 64.000000 64.000000 64.000000 64.000000 64.000000 
dram[28]:      -nan      -nan 28.000000 28.000000 64.000000 64.000000 64.000000 64.000000 64.000000 64.000000 64.000000 64.000000 64.000000 64.000000 64.000000 64.000000 
dram[29]:      -nan      -nan 28.000000 28.000000 64.000000 64.000000 64.000000 64.000000 64.000000 64.000000 64.000000 64.000000 64.000000 64.000000 64.000000 64.000000 
dram[30]:      -nan      -nan 28.000000 28.000000 64.000000 64.000000 64.000000 64.000000 64.000000 64.000000 64.000000 64.000000 64.000000 64.000000 64.000000 64.000000 
dram[31]:      -nan      -nan 28.000000 28.000000 64.000000 64.000000 64.000000 64.000000 64.000000 64.000000 64.000000 64.000000 64.000000 64.000000 64.000000 64.000000 
dram[32]:      -nan      -nan 28.000000 28.000000 64.000000 64.000000 64.000000 64.000000 64.000000 64.000000 64.000000 64.000000 64.000000 64.000000 64.000000 64.000000 
dram[33]:      -nan      -nan 28.000000 28.000000 64.000000 64.000000 64.000000 64.000000 64.000000 64.000000 64.000000 64.000000 64.000000 64.000000 64.000000 64.000000 
dram[34]:      -nan      -nan 28.000000 28.000000 64.000000 64.000000 64.000000 64.000000 64.000000 64.000000 64.000000 64.000000 64.000000 64.000000 64.000000 64.000000 
dram[35]:      -nan      -nan 28.000000 28.000000 64.000000 64.000000 64.000000 64.000000 64.000000 64.000000 64.000000 64.000000 64.000000 64.000000 64.000000 64.000000 
dram[36]:      -nan      -nan 28.000000 28.000000 64.000000 64.000000 64.000000 64.000000 64.000000 64.000000 64.000000 64.000000 64.000000 64.000000 64.000000 64.000000 
dram[37]:      -nan      -nan 28.000000 28.000000 64.000000 64.000000 64.000000 64.000000 64.000000 64.000000 64.000000 64.000000 64.000000 64.000000 64.000000 64.000000 
dram[38]:      -nan      -nan 28.000000 28.000000 64.000000 64.000000 64.000000 64.000000 64.000000 64.000000 64.000000 64.000000 64.000000 64.000000 64.000000 64.000000 
dram[39]:      -nan      -nan 28.000000 28.000000 64.000000 64.000000 64.000000 64.000000 64.000000 64.000000 64.000000 64.000000 64.000000 64.000000 64.000000 64.000000 
average row locality = 32768/560 = 58.514286
number of total memory accesses made:
dram[0]:         0         0         0         0         0         0         0         0         0         0         0         0         0         0         0         0 
dram[1]:         0         0         0         0         0         0         0         0         0         0         0         0         0         0         0         0 
dram[2]:         0         0         0         0         0         0         0         0         0         0         0         0         0         0         0         0 
dram[3]:         0         0         0         0         0         0         0         0         0         0         0         0         0         0         0         0 
dram[4]:         0         0         0         0         0         0         0         0         0         0         0         0         0         0         0         0 
dram[5]:         0         0         0         0         0         0         0         0         0         0         0         0         0         0         0         0 
dram[6]:         0         0         0         0         0         0         0         0         0         0         0         0         0         0         0         0 
dram[7]:         0         0         0         0         0         0         0         0         0         0         0         0         0         0         0         0 
dram[8]:         0         0         0         0         0         0         0         0         0         0         0         0         0         0         0         0 
dram[9]:         0         0         0         0         0         0         0         0         0         0         0         0         0         0         0         0 
dram[10]:         0         0         0         0         0         0         0         0         0         0         0         0         0         0         0         0 
dram[11]:         0         0         0         0         0         0         0         0         0         0         0         0         0         0         0         0 
dram[12]:         0         0         0         0         0         0         0         0         0         0         0         0         0         0         0         0 
dram[13]:         0         0         0         0         0         0         0         0         0         0         0         0         0         0         0         0 
dram[14]:         0         0         0         0         0         0         0         0         0         0         0         0         0         0         0         0 
dram[15]:         0         0         0         0         0         0         0         0         0         0         0         0         0         0         0         0 
dram[16]:         0         0         0         0         0         0         0         0         0         0         0         0         0         0         0         0 
dram[17]:         0         0         0         0         0         0         0         0         0         0         0         0         0         0         0         0 
dram[18]:         0         0         0         0         0         0         0         0         0         0         0         0         0         0         0         0 
dram[19]:         0         0         0         0         0         0         0         0         0         0         0         0         0         0         0         0 
dram[20]:         0         0         0         0         0         0         0         0         0         0         0         0         0         0         0         0 
dram[21]:         0         0         0         0         0         0         0         0         0         0         0         0         0         0         0         0 
dram[22]:         0         0         0         0         0         0         0         0         0         0         0         0         0         0         0         0 
dram[23]:         0         0         0         0         0         0         0         0         0         0         0         0         0         0         0         0 
dram[24]:         0         0         0         0         0         0         0         0         0         0         0         0         0         0         0         0 
dram[25]:         0         0         0         0         0         0         0         0         0         0         0         0         0         0         0         0 
dram[26]:         0         0         0         0         0         0         0         0         0         0         0         0         0         0         0         0 
dram[27]:         0         0         0         0         0         0         0         0         0         0         0         0         0         0         0         0 
dram[28]:         0         0         0         0         0         0         0         0         0         0         0         0         0         0         0         0 
dram[29]:         0         0         0         0         0         0         0         0         0         0         0         0         0         0         0         0 
dram[30]:         0         0         0         0         0         0         0         0         0         0         0         0         0         0         0         0 
dram[31]:         0         0         0         0         0         0         0         0         0         0         0         0         0         0         0         0 
dram[32]:         0         0         0         0         0         0         0         0         0         0         0         0         0         0         0         0 
dram[33]:         0         0         0         0         0         0         0         0         0         0         0         0         0         0         0         0 
dram[34]:         0         0         0         0         0         0         0         0         0         0         0         0         0         0         0         0 
dram[35]:         0         0         0         0         0         0         0         0         0         0         0         0         0         0         0         0 
dram[36]:         0         0         0         0         0         0         0         0         0         0         0         0         0         0         0         0 
dram[37]:         0         0         0         0         0         0         0         0         0         0         0         0         0         0         0         0 
dram[38]:         0         0         0         0         0         0         0         0         0         0         0         0         0         0         0         0 
dram[39]:         0         0         0         0         0         0         0         0         0         0         0         0         0         0         0         0 
total accesses: 0
min_bank_accesses = 0!
min_chip_accesses = 0!
number of total read accesses:
dram[0]:         0         0        24        24        64        64        64        64        64        64        64        64        64        64        64        64 
dram[1]:         0         0        24        24        64        64        64        64        64        64        64        64        64        64        64        64 
dram[2]:         0         0        24        24        64        64        64        64        64        64        64        64        64        64        64        64 
dram[3]:         0         0        24        24        64        64        64        64        64        64        64        64        64        64        64        64 
dram[4]:         0         0        24        24        64        64        64        64        64        64        64        64        64        64        64        64 
dram[5]:         0         0        24        24        64        64        64        64        64        64        64        64        64        64        64        64 
dram[6]:         0         0        24        24        64        64        64        64        64        64        64        64        64        64        64        64 
dram[7]:         0         0        24        24        64        64        64        64        64        64        64        64        64        64        64        64 
dram[8]:         0         0        24        24        64        64        64        64        64        64        64        64        64        64        64        64 
dram[9]:         0         0        24        24        64        64        64        64        64        64        64        64        64        64        64        64 
dram[10]:         0         0        24        24        64        64        64        64        64        64        64        64        64        64        64        64 
dram[11]:         0         0        24        24        64        64        64        64        64        64        64        64        64        64        64        64 
dram[12]:         0         0        24        24        64        64        64        64        64        64        64        64        64        64        64        64 
dram[13]:         0         0        24        24        64        64        64        64        64        64        64        64        64        64        64        64 
dram[14]:         0         0        24        24        64        64        64        64        64        64        64        64        64        64        64        64 
dram[15]:         0         0        24        24        64        64        64        64        64        64        64        64        64        64        64        64 
dram[16]:         0         0        24        24        64        64        64        64        64        64        64        64        64        64        64        64 
dram[17]:         0         0        24        24        64        64        64        64        64        64        64        64        64        64        64        64 
dram[18]:         0         0        24        24        64        64        64        64        64        64        64        64        64        64        64        64 
dram[19]:         0         0        24        24        64        64        64        64        64        64        64        64        64        64        64        64 
dram[20]:         0         0        24        24        64        64        64        64        64        64        64        64        64        64        64        64 
dram[21]:         0         0        24        24        64        64        64        64        64        64        64        64        64        64        64        64 
dram[22]:         0         0        24        24        64        64        64        64        64        64        64        64        64        64        64        64 
dram[23]:         0         0        24        24        64        64        64        64        64        64        64        64        64        64        64        64 
dram[24]:         0         0        28        28        64        64        64        64        64        64        64        64        64        64        64        64 
dram[25]:         0         0        28        28        64        64        64        64        64        64        64        64        64        64        64        64 
dram[26]:         0         0        28        28        64        64        64        64        64        64        64        64        64        64        64        64 
dram[27]:         0         0        28        28        64        64        64        64        64        64        64        64        64        64        64        64 
dram[28]:         0         0        28        28        64        64        64        64        64        64        64        64        64        64        64        64 
dram[29]:         0         0        28        28        64        64        64        64        64        64        64        64        64        64        64        64 
dram[30]:         0         0        28        28        64        64        64        64        64        64        64        64        64        64        64        64 
dram[31]:         0         0        28        28        64        64        64        64        64        64        64        64        64        64        64        64 
dram[32]:         0         0        28        28        64        64        64        64        64        64        64        64        64        64        64        64 
dram[33]:         0         0        28        28        64        64        64        64        64        64        64        64        64        64        64        64 
dram[34]:         0         0        28        28        64        64        64        64        64        64        64        64        64        64        64        64 
dram[35]:         0         0        28        28        64        64        64        64        64        64        64        64        64        64        64        64 
dram[36]:         0         0        28        28        64        64        64        64        64        64        64        64        64        64        64        64 
dram[37]:         0         0        28        28        64        64        64        64        64        64        64        64        64        64        64        64 
dram[38]:         0         0        28        28        64        64        64        64        64        64        64        64        64        64        64        64 
dram[39]:         0         0        28        28        64        64        64        64        64        64        64        64        64        64        64        64 
total dram reads = 32768
min_bank_accesses = 0!
chip skew: 824/816 = 1.01
number of total write accesses:
dram[0]:         0         0         0         0         0         0         0         0         0         0         0         0         0         0         0         0 
dram[1]:         0         0         0         0         0         0         0         0         0         0         0         0         0         0         0         0 
dram[2]:         0         0         0         0         0         0         0         0         0         0         0         0         0         0         0         0 
dram[3]:         0         0         0         0         0         0         0         0         0         0         0         0         0         0         0         0 
dram[4]:         0         0         0         0         0         0         0         0         0         0         0         0         0         0         0         0 
dram[5]:         0         0         0         0         0         0         0         0         0         0         0         0         0         0         0         0 
dram[6]:         0         0         0         0         0         0         0         0         0         0         0         0         0         0         0         0 
dram[7]:         0         0         0         0         0         0         0         0         0         0         0         0         0         0         0         0 
dram[8]:         0         0         0         0         0         0         0         0         0         0         0         0         0         0         0         0 
dram[9]:         0         0         0         0         0         0         0         0         0         0         0         0         0         0         0         0 
dram[10]:         0         0         0         0         0         0         0         0         0         0         0         0         0         0         0         0 
dram[11]:         0         0         0         0         0         0         0         0         0         0         0         0         0         0         0         0 
dram[12]:         0         0         0         0         0         0         0         0         0         0         0         0         0         0         0         0 
dram[13]:         0         0         0         0         0         0         0         0         0         0         0         0         0         0         0         0 
dram[14]:         0         0         0         0         0         0         0         0         0         0         0         0         0         0         0         0 
dram[15]:         0         0         0         0         0         0         0         0         0         0         0         0         0         0         0         0 
dram[16]:         0         0         0         0         0         0         0         0         0         0         0         0         0         0         0         0 
dram[17]:         0         0         0         0         0         0         0         0         0         0         0         0         0         0         0         0 
dram[18]:         0         0         0         0         0         0         0         0         0         0         0         0         0         0         0         0 
dram[19]:         0         0         0         0         0         0         0         0         0         0         0         0         0         0         0         0 
dram[20]:         0         0         0         0         0         0         0         0         0         0         0         0         0         0         0         0 
dram[21]:         0         0         0         0         0         0         0         0         0         0         0         0         0         0         0         0 
dram[22]:         0         0         0         0         0         0         0         0         0         0         0         0         0         0         0         0 
dram[23]:         0         0         0         0         0         0         0         0         0         0         0         0         0         0         0         0 
dram[24]:         0         0         0         0         0         0         0         0         0         0         0         0         0         0         0         0 
dram[25]:         0         0         0         0         0         0         0         0         0         0         0         0         0         0         0         0 
dram[26]:         0         0         0         0         0         0         0         0         0         0         0         0         0         0         0         0 
dram[27]:         0         0         0         0         0         0         0         0         0         0         0         0         0         0         0         0 
dram[28]:         0         0         0         0         0         0         0         0         0         0         0         0         0         0         0         0 
dram[29]:         0         0         0         0         0         0         0         0         0         0         0         0         0         0         0         0 
dram[30]:         0         0         0         0         0         0         0         0         0         0         0         0         0         0         0         0 
dram[31]:         0         0         0         0         0         0         0         0         0         0         0         0         0         0         0         0 
dram[32]:         0         0         0         0         0         0         0         0         0         0         0         0         0         0         0         0 
dram[33]:         0         0         0         0         0         0         0         0         0         0         0         0         0         0         0         0 
dram[34]:         0         0         0         0         0         0         0         0         0         0         0         0         0         0         0         0 
dram[35]:         0         0         0         0         0         0         0         0         0         0         0         0         0         0         0         0 
dram[36]:         0         0         0         0         0         0         0         0         0         0         0         0         0         0         0         0 
dram[37]:         0         0         0         0         0         0         0         0         0         0         0         0         0         0         0         0 
dram[38]:         0         0         0         0         0         0         0         0         0         0         0         0         0         0         0         0 
dram[39]:         0         0         0         0         0         0         0         0         0         0         0         0         0         0         0         0 
total dram writes = 0
min_bank_accesses = 0!
min_chip_accesses = 0!
average mf latency per bank:
dram[0]:     none      none        2369      2840      1834      2690      1783      2320      2324      3003      4138      4260      2293      2812      2148      2476
dram[1]:     none      none        2236      2128      1772      1551      1772      1544      2281      2231      4255      4253      2490      3238      2588      2963
dram[2]:     none      none        1888      2151      1529      1686      1406      1540      2169      2426      3999      4231      2594      2692      2154      2631
dram[3]:     none      none        1837      2219      1675      1445      1322      1662      2087      2085      4094      4446      2699      3077      2498      3008
dram[4]:     none      none        2390      2842      1826      2688      1785      2311      2311      3003      4125      4182      2267      2784      2118      2468
dram[5]:     none      none        2175      2091      1772      1501      1725      1518      2278      2171      4167      4371      2454      3141      2552      2958
dram[6]:     none      none        1890      2135      1598      1627      1393      1508      2235      2393      3993      4166      2620      2563      2168      2577
dram[7]:     none      none        1981      2205      1511      1438      1422      1598      2020      2078      4099      4432      2703      3069      2572      2997
dram[8]:     none      none        2345      2994      1834      2378      1759      2465      2360      2925      4033      4386      2229      2817      2021      2341
dram[9]:     none      none        2104      2001      1775      1410      1685      1542      2406      2125      4179      4302      2605      3181      2342      2846
dram[10]:     none      none        1874      1970      1518      1617      1490      1447      2255      2495      3979      4350      2384      2642      2176      2482
dram[11]:     none      none        1800      2237      1593      1404      1291      1697      2125      2055      4062      4205      2595      3055      2366      2805
dram[12]:     none      none        2357      3009      1816      2325      1747      2459      2367      2924      4002      4486      2202      2807      1999      2322
dram[13]:     none      none        2084      1944      1741      1378      1684      1469      2387      2067      4188      4231      2576      3134      2324      2789
dram[14]:     none      none        1783      1951      1458      1598      1414      1431      2177      2468      3988      4370      2485      2614      2152      2418
dram[15]:     none      none        1791      2237      1546      1368      1288      1685      2116      2043      4047      4174      2571      3003      2347      2813
dram[16]:     none      none        2337      3037      1812      2375      1762      2516      2440      2910      4072      4656      2271      2679      2103      2605
dram[17]:     none      none        2081      2000      1679      1458      1721      1554      2366      2264      4161      4503      2638      3182      2512      3045
dram[18]:     none      none        1947      2022      1570      1690      1531      1531      2404      2559      3942      4439      2439      2578      2288      2737
dram[19]:     none      none        1962      1974      1604      1523      1406      1454      2228      2206      3991      4450      2527      3029      2705      2823
dram[20]:     none      none        2319      3068      1808      2399      1746      2540      2428      2918      4034      4724      2236      2634      2104      2592
dram[21]:     none      none        2084      1987      1666      1443      1725      1546      2340      2242      4160      4514      2619      3174      2451      3024
dram[22]:     none      none        1952      1994      1588      1622      1530      1516      2411      2442      3918      4367      2431      2539      2271      2715
dram[23]:     none      none        1966      1970      1693      1526      1403      1454      2282      2220      3967      4373      2496      2993      2653      2832
dram[24]:     none      none        2221      2762      1818      2582      1773      2297      2399      3052      4149      4267      2286      2681      2177      2558
dram[25]:     none      none        2076      1907      1697      1470      1877      1560      2385      2232      4262      4322      2473      3121      2457      2961
dram[26]:     none      none        1837      1859      1525      1571      1527      1479      2337      2292      3829      4110      2533      2829      2138      2676
dram[27]:     none      none        1969      2036      1683      1632      1370      1493      2201      2145      4013      4373      2619      3119      2691      2873
dram[28]:     none      none        2194      2715      1813      2503      1760      2267      2381      2968      3954      4312      2270      2654      2174      2531
dram[29]:     none      none        2071      1898      1724      1487      1868      1561      2398      2240      4268      4332      2460      3068      2507      3000
dram[30]:     none      none        1799      1880      1449      1637      1480      1457      2293      2370      3845      4169      2463      2752      2114      2588
dram[31]:     none      none        1974      2027      1630      1634      1371      1494      2169      2159      4023      4394      2565      3073      2687      2850
dram[32]:     none      none        2247      2764      1793      2308      1772      2498      2526      2963      3940      4487      2147      2555      2095      2490
dram[33]:     none      none        2154      1792      1764      1598      1860      1478      2523      2509      4318      4516      2352      2984      2471      2989
dram[34]:     none      none        1892      1878      1398      1676      1449      1561      2254      2539      3846      4218      2299      2619      2161      2611
dram[35]:     none      none        1866      2011      1524      1446      1387      1614      2199      2292      4091      4557      2491      2885      2495      2741
dram[36]:     none      none        2249      2788      1786      2338      1775      2487      2514      2959      3885      4332      2137      2547      2041      2447
dram[37]:     none      none        2107      1777      1742      1591      1803      1465      2517      2475      4241      4511      2319      2976      2448      2998
dram[38]:     none      none        1845      1820      1331      1650      1427      1516      2214      2515      3866      4250      2225      2538      2123      2549
dram[39]:     none      none        1840      1985      1551      1394      1369      1571      2211      2257      4110      4629      2466      2868      2502      2699
maximum mf latency per bank:
dram[0]:        360       360       974      1146       963      1606       946      1231      1328      1612      1459      1370       926      1111       901      1037
dram[1]:        360       360      1160      1016      1153      1216      1090      1039      1251      1236      1315      1331      1022      1167      1166      1184
dram[2]:        360       360       744      1059      1098      1292      1028      1196      1245      1375      1346      1344      1057       937       842      1020
dram[3]:        360       360       864      1053      1105       958       901      1259      1247      1234      1315      1466      1042      1125       953      1112
dram[4]:        360       360       968      1142       957      1611       940      1166      1326      1618      1464      1356       928      1107       908      1040
dram[5]:        360       360      1090       988      1179      1118      1049      1014      1251      1232      1312      1371      1027      1135      1133      1182
dram[6]:        360       360       747      1015      1145      1267      1031      1151      1246      1355      1346      1348      1040       902       844       968
dram[7]:        361       361       941      1012      1053       961       980      1237      1255      1227      1308      1483      1088      1113       970      1090
dram[8]:        360       360       962      1348       955      1235       935      1342      1334      1338      1348      1419       955      1148       913       883
dram[9]:        360       360       847       979      1182      1190       995      1073      1348      1348      1326      1355      1090      1218       915      1125
dram[10]:        360       360       848       836       992      1316      1018       985      1246      1406      1345      1353       978       906      1050       961
dram[11]:        359       359       871      1060      1059       945       846      1220      1345      1345      1330      1273       994      1105       990      1119
dram[12]:        360       360       956      1353       949      1168       929      1351      1328      1337      1348      1459       957      1152       920       887
dram[13]:        360       360       850       899      1170      1184       998       993      1348      1348      1339      1360      1075      1217       919      1105
dram[14]:        360       360       707       777       924      1319       858       956      1254      1408      1345      1359      1091       927      1054       938
dram[15]:        361       361       873      1062       998       914       845      1219      1345      1345      1329      1265       985      1107       975      1125
dram[16]:        360       360       946      1302       941      1214       929      1282      1274      1322      1291      1498       854      1122       921      1075
dram[17]:        360       360       788       991      1123      1151       953      1030      1348      1348      1349      1670      1062      1191      1037      1149
dram[18]:        360       360       854       914      1203      1195      1134      1029      1272      1320      1269      1440      1146      1000      1022      1044
dram[19]:        360       360       966       831      1083      1106       998       931      1345      1345      1346      1504       932      1118      1049      1040
dram[20]:        360       360       940      1373       935      1220       923      1322      1269      1317      1265      1536       857      1100       924      1080
dram[21]:        360       360       791       993      1093      1161       956      1048      1348      1348      1349      1675      1075      1200      1001      1146
dram[22]:        360       360       857       882      1205       978      1137      1000      1267      1315      1263      1386      1148      1004       973      1004
dram[23]:        361       361      1006       824      1165      1108      1001       962      1345      1345      1346      1463       917      1119      1067      1050
dram[24]:        360       360       935      1142       930      1484       974      1167      1284      1453      1562      1407       924      1120       924      1065
dram[25]:        360       360       865       990      1066       950      1160      1135      1329      1326      1351      1352      1012      1158      1025      1083
dram[26]:        360       360      1001       768      1163      1065      1159       913      1283      1309      1235      1283      1063       927       822      1050
dram[27]:        360       360      1054       978      1148      1089      1000      1136      1326      1332      1345      1434       979      1092      1186      1109
dram[28]:        360       360       929      1152       923      1406       968      1293      1292      1351      1332      1388       883      1107       929      1070
dram[29]:        361       361       869       992      1070       987      1162      1159      1328      1326      1348      1349      1002      1177      1043      1165
dram[30]:        363       363       864       781      1090      1113      1075       926      1284      1302      1233      1290      1030       931       810      1037
dram[31]:        363       363      1059       906      1133      1091       981      1141      1325      1327      1345      1439       939      1080      1196      1107
dram[32]:        360       360       929      1204       974      1155       963      1506      1292      1251      1403      1688       864      1132       948      1070
dram[33]:        360       360      1191       817      1137      1049      1169      1058      1202      1229      1348      1555       973      1127      1136      1166
dram[34]:        360       360      1043       882       996      1352      1024      1014      1286      1342      1326      1325       942      1039       756      1009
dram[35]:        360       360      1060      1015      1038       881       935      1247      1201      1227      1345      1495      1036      1038      1111      1065
dram[36]:        360       360       922      1210       968      1161       957      1373      1295      1255      1366      1436       871      1141       912      1032
dram[37]:        361       361      1115       774      1141      1052      1154      1060      1210      1221      1348      1539       978      1129      1138      1171
dram[38]:        363       363       991       793       971      1363       974       969      1294      1346      1326      1357       947      1001       754       976
dram[39]:        363       363      1037      1021      1065       866       912      1252      1210      1219      1345      1615      1051      1041      1102      1070
Memory Partition 0: 
Cache L2_bank_000:
MSHR contents

Cache L2_bank_001:
MSHR contents

Cache L2_bank_002:
MSHR contents

Cache L2_bank_003:
MSHR contents

In Dram Latency Queue (total = 0): 
DRAM[0]: 16 bks, busW=16 BL=2 CL=22, tRRD=7 tCCD=1, tRCD=22 tRAS=50 tRP=22 tRC=72
n_cmd=38491 n_nop=37661 n_act=14 n_pre=0 n_ref_event=0 n_req=816 n_rd=816 n_rd_L2_A=0 n_write=0 n_wr_bk=0 bw_util=0.0212
n_activity=4618 dram_eff=0.1767
bk0: 0a 38491i bk1: 0a 38491i bk2: 24a 38411i bk3: 24a 38394i bk4: 64a 38333i bk5: 64a 38285i bk6: 64a 38314i bk7: 64a 38273i bk8: 64a 38335i bk9: 64a 38256i bk10: 64a 38325i bk11: 64a 38288i bk12: 64a 38318i bk13: 64a 38317i bk14: 64a 38321i bk15: 64a 38326i 

------------------------------------------------------------------------

Row_Buffer_Locality = 0.982843
Row_Buffer_Locality_read = 0.982843
Row_Buffer_Locality_write = -nan
Bank_Level_Parallism = 1.137464
Bank_Level_Parallism_Col = 1.137339
Bank_Level_Parallism_Ready = 1.066176
write_to_read_ratio_blp_rw_average = 0.000000
GrpLevelPara = 1.066524 

BW Util details:
bwutil = 0.021200 
total_CMD = 38491 
util_bw = 816 
Wasted_Col = 1992 
Wasted_Row = 0 
Idle = 35683 

BW Util Bottlenecks: 
RCDc_limit = 290 
RCDWRc_limit = 0 
WTRc_limit = 0 
RTWc_limit = 0 
CCDLc_limit = 1951 
rwq = 0 
CCDLc_limit_alone = 1951 
WTRc_limit_alone = 0 
RTWc_limit_alone = 0 

Commands details: 
total_CMD = 38491 
n_nop = 37661 
Read = 816 
Write = 0 
L2_Alloc = 0 
L2_WB = 0 
n_act = 14 
n_pre = 0 
n_ref = 0 
n_req = 816 
total_req = 816 

Dual Bus Interface Util: 
issued_total_row = 14 
issued_total_col = 816 
Row_Bus_Util =  0.000364 
CoL_Bus_Util = 0.021200 
Either_Row_CoL_Bus_Util = 0.021563 
Issued_on_Two_Bus_Simul_Util = 0.000000 
issued_two_Eff = 0.000000 
queue_avg = 0.092879 


dram_util_bins: 0 0 0 0 0 0 0 0 0 0
dram_eff_bins: 0 0 0 0 0 0 0 0 0 0
mrqq: max=9 avg=0.0928789
Memory Partition 1: 
Cache L2_bank_004:
MSHR contents

Cache L2_bank_005:
MSHR contents

Cache L2_bank_006:
MSHR contents

Cache L2_bank_007:
MSHR contents

In Dram Latency Queue (total = 0): 
DRAM[1]: 16 bks, busW=16 BL=2 CL=22, tRRD=7 tCCD=1, tRCD=22 tRAS=50 tRP=22 tRC=72
n_cmd=38491 n_nop=37661 n_act=14 n_pre=0 n_ref_event=0 n_req=816 n_rd=816 n_rd_L2_A=0 n_write=0 n_wr_bk=0 bw_util=0.0212
n_activity=4629 dram_eff=0.1763
bk0: 0a 38491i bk1: 0a 38491i bk2: 24a 38412i bk3: 24a 38416i bk4: 64a 38307i bk5: 64a 38276i bk6: 64a 38291i bk7: 64a 38325i bk8: 64a 38266i bk9: 64a 38280i bk10: 64a 38288i bk11: 64a 38327i bk12: 64a 38325i bk13: 64a 38254i bk14: 64a 38328i bk15: 64a 38325i 

------------------------------------------------------------------------

Row_Buffer_Locality = 0.982843
Row_Buffer_Locality_read = 0.982843
Row_Buffer_Locality_write = -nan
Bank_Level_Parallism = 1.233032
Bank_Level_Parallism_Col = 1.231933
Bank_Level_Parallism_Ready = 1.095588
write_to_read_ratio_blp_rw_average = 0.000000
GrpLevelPara = 1.130533 

BW Util details:
bwutil = 0.021200 
total_CMD = 38491 
util_bw = 816 
Wasted_Col = 1836 
Wasted_Row = 0 
Idle = 35839 

BW Util Bottlenecks: 
RCDc_limit = 280 
RCDWRc_limit = 0 
WTRc_limit = 0 
RTWc_limit = 0 
CCDLc_limit = 1915 
rwq = 0 
CCDLc_limit_alone = 1915 
WTRc_limit_alone = 0 
RTWc_limit_alone = 0 

Commands details: 
total_CMD = 38491 
n_nop = 37661 
Read = 816 
Write = 0 
L2_Alloc = 0 
L2_WB = 0 
n_act = 14 
n_pre = 0 
n_ref = 0 
n_req = 816 
total_req = 816 

Dual Bus Interface Util: 
issued_total_row = 14 
issued_total_col = 816 
Row_Bus_Util =  0.000364 
CoL_Bus_Util = 0.021200 
Either_Row_CoL_Bus_Util = 0.021563 
Issued_on_Two_Bus_Simul_Util = 0.000000 
issued_two_Eff = 0.000000 
queue_avg = 0.094827 


dram_util_bins: 0 0 0 0 0 0 0 0 0 0
dram_eff_bins: 0 0 0 0 0 0 0 0 0 0
mrqq: max=9 avg=0.0948274
Memory Partition 2: 
Cache L2_bank_008:
MSHR contents

Cache L2_bank_009:
MSHR contents

Cache L2_bank_010:
MSHR contents

Cache L2_bank_011:
MSHR contents

In Dram Latency Queue (total = 0): 
DRAM[2]: 16 bks, busW=16 BL=2 CL=22, tRRD=7 tCCD=1, tRCD=22 tRAS=50 tRP=22 tRC=72
n_cmd=38491 n_nop=37661 n_act=14 n_pre=0 n_ref_event=0 n_req=816 n_rd=816 n_rd_L2_A=0 n_write=0 n_wr_bk=0 bw_util=0.0212
n_activity=4774 dram_eff=0.1709
bk0: 0a 38491i bk1: 0a 38491i bk2: 24a 38416i bk3: 24a 38401i bk4: 64a 38287i bk5: 64a 38258i bk6: 64a 38324i bk7: 64a 38324i bk8: 64a 38285i bk9: 64a 38272i bk10: 64a 38321i bk11: 64a 38323i bk12: 64a 38278i bk13: 64a 38285i bk14: 64a 38319i bk15: 64a 38321i 

------------------------------------------------------------------------

Row_Buffer_Locality = 0.982843
Row_Buffer_Locality_read = 0.982843
Row_Buffer_Locality_write = -nan
Bank_Level_Parallism = 1.220566
Bank_Level_Parallism_Col = 1.220352
Bank_Level_Parallism_Ready = 1.088235
write_to_read_ratio_blp_rw_average = 0.000000
GrpLevelPara = 1.131687 

BW Util details:
bwutil = 0.021200 
total_CMD = 38491 
util_bw = 816 
Wasted_Col = 1868 
Wasted_Row = 0 
Idle = 35807 

BW Util Bottlenecks: 
RCDc_limit = 297 
RCDWRc_limit = 0 
WTRc_limit = 0 
RTWc_limit = 0 
CCDLc_limit = 1887 
rwq = 0 
CCDLc_limit_alone = 1887 
WTRc_limit_alone = 0 
RTWc_limit_alone = 0 

Commands details: 
total_CMD = 38491 
n_nop = 37661 
Read = 816 
Write = 0 
L2_Alloc = 0 
L2_WB = 0 
n_act = 14 
n_pre = 0 
n_ref = 0 
n_req = 816 
total_req = 816 

Dual Bus Interface Util: 
issued_total_row = 14 
issued_total_col = 816 
Row_Bus_Util =  0.000364 
CoL_Bus_Util = 0.021200 
Either_Row_CoL_Bus_Util = 0.021563 
Issued_on_Two_Bus_Simul_Util = 0.000000 
issued_two_Eff = 0.000000 
queue_avg = 0.102881 


dram_util_bins: 0 0 0 0 0 0 0 0 0 0
dram_eff_bins: 0 0 0 0 0 0 0 0 0 0
mrqq: max=9 avg=0.102881
Memory Partition 3: 
Cache L2_bank_012:
MSHR contents

Cache L2_bank_013:
MSHR contents

Cache L2_bank_014:
MSHR contents

Cache L2_bank_015:
MSHR contents

In Dram Latency Queue (total = 0): 
DRAM[3]: 16 bks, busW=16 BL=2 CL=22, tRRD=7 tCCD=1, tRCD=22 tRAS=50 tRP=22 tRC=72
n_cmd=38491 n_nop=37661 n_act=14 n_pre=0 n_ref_event=0 n_req=816 n_rd=816 n_rd_L2_A=0 n_write=0 n_wr_bk=0 bw_util=0.0212
n_activity=4973 dram_eff=0.1641
bk0: 0a 38491i bk1: 0a 38491i bk2: 24a 38406i bk3: 24a 38412i bk4: 64a 38312i bk5: 64a 38296i bk6: 64a 38249i bk7: 64a 38291i bk8: 64a 38310i bk9: 64a 38300i bk10: 64a 38322i bk11: 64a 38326i bk12: 64a 38319i bk13: 64a 38322i bk14: 64a 38279i bk15: 64a 38313i 

------------------------------------------------------------------------

Row_Buffer_Locality = 0.982843
Row_Buffer_Locality_read = 0.982843
Row_Buffer_Locality_write = -nan
Bank_Level_Parallism = 1.187730
Bank_Level_Parallism_Col = 1.187385
Bank_Level_Parallism_Ready = 1.073529
write_to_read_ratio_blp_rw_average = 0.000000
GrpLevelPara = 1.116193 

BW Util details:
bwutil = 0.021200 
total_CMD = 38491 
util_bw = 816 
Wasted_Col = 1906 
Wasted_Row = 0 
Idle = 35769 

BW Util Bottlenecks: 
RCDc_limit = 285 
RCDWRc_limit = 0 
WTRc_limit = 0 
RTWc_limit = 0 
CCDLc_limit = 1896 
rwq = 0 
CCDLc_limit_alone = 1896 
WTRc_limit_alone = 0 
RTWc_limit_alone = 0 

Commands details: 
total_CMD = 38491 
n_nop = 37661 
Read = 816 
Write = 0 
L2_Alloc = 0 
L2_WB = 0 
n_act = 14 
n_pre = 0 
n_ref = 0 
n_req = 816 
total_req = 816 

Dual Bus Interface Util: 
issued_total_row = 14 
issued_total_col = 816 
Row_Bus_Util =  0.000364 
CoL_Bus_Util = 0.021200 
Either_Row_CoL_Bus_Util = 0.021563 
Issued_on_Two_Bus_Simul_Util = 0.000000 
issued_two_Eff = 0.000000 
queue_avg = 0.099868 


dram_util_bins: 0 0 0 0 0 0 0 0 0 0
dram_eff_bins: 0 0 0 0 0 0 0 0 0 0
mrqq: max=10 avg=0.0998675
Memory Partition 4: 
Cache L2_bank_016:
MSHR contents

Cache L2_bank_017:
MSHR contents

Cache L2_bank_018:
MSHR contents

Cache L2_bank_019:
MSHR contents

In Dram Latency Queue (total = 0): 
DRAM[4]: 16 bks, busW=16 BL=2 CL=22, tRRD=7 tCCD=1, tRCD=22 tRAS=50 tRP=22 tRC=72
n_cmd=38491 n_nop=37661 n_act=14 n_pre=0 n_ref_event=0 n_req=816 n_rd=816 n_rd_L2_A=0 n_write=0 n_wr_bk=0 bw_util=0.0212
n_activity=4623 dram_eff=0.1765
bk0: 0a 38491i bk1: 0a 38491i bk2: 24a 38411i bk3: 24a 38393i bk4: 64a 38328i bk5: 64a 38283i bk6: 64a 38311i bk7: 64a 38254i bk8: 64a 38333i bk9: 64a 38256i bk10: 64a 38324i bk11: 64a 38290i bk12: 64a 38318i bk13: 64a 38313i bk14: 64a 38324i bk15: 64a 38324i 

------------------------------------------------------------------------

Row_Buffer_Locality = 0.982843
Row_Buffer_Locality_read = 0.982843
Row_Buffer_Locality_write = -nan
Bank_Level_Parallism = 1.142655
Bank_Level_Parallism_Col = 1.142552
Bank_Level_Parallism_Ready = 1.077206
write_to_read_ratio_blp_rw_average = 0.000000
GrpLevelPara = 1.066477 

BW Util details:
bwutil = 0.021200 
total_CMD = 38491 
util_bw = 816 
Wasted_Col = 2009 
Wasted_Row = 0 
Idle = 35666 

BW Util Bottlenecks: 
RCDc_limit = 290 
RCDWRc_limit = 0 
WTRc_limit = 0 
RTWc_limit = 0 
CCDLc_limit = 1982 
rwq = 0 
CCDLc_limit_alone = 1982 
WTRc_limit_alone = 0 
RTWc_limit_alone = 0 

Commands details: 
total_CMD = 38491 
n_nop = 37661 
Read = 816 
Write = 0 
L2_Alloc = 0 
L2_WB = 0 
n_act = 14 
n_pre = 0 
n_ref = 0 
n_req = 816 
total_req = 816 

Dual Bus Interface Util: 
issued_total_row = 14 
issued_total_col = 816 
Row_Bus_Util =  0.000364 
CoL_Bus_Util = 0.021200 
Either_Row_CoL_Bus_Util = 0.021563 
Issued_on_Two_Bus_Simul_Util = 0.000000 
issued_two_Eff = 0.000000 
queue_avg = 0.095737 


dram_util_bins: 0 0 0 0 0 0 0 0 0 0
dram_eff_bins: 0 0 0 0 0 0 0 0 0 0
mrqq: max=9 avg=0.0957367
Memory Partition 5: 
Cache L2_bank_020:
MSHR contents

Cache L2_bank_021:
MSHR contents

Cache L2_bank_022:
MSHR contents

Cache L2_bank_023:
MSHR contents

In Dram Latency Queue (total = 0): 
DRAM[5]: 16 bks, busW=16 BL=2 CL=22, tRRD=7 tCCD=1, tRCD=22 tRAS=50 tRP=22 tRC=72
n_cmd=38491 n_nop=37663 n_act=14 n_pre=0 n_ref_event=0 n_req=816 n_rd=816 n_rd_L2_A=0 n_write=0 n_wr_bk=0 bw_util=0.0212
n_activity=4630 dram_eff=0.1762
bk0: 0a 38491i bk1: 0a 38491i bk2: 24a 38412i bk3: 24a 38417i bk4: 64a 38306i bk5: 64a 38272i bk6: 64a 38291i bk7: 64a 38322i bk8: 64a 38262i bk9: 64a 38280i bk10: 64a 38289i bk11: 64a 38327i bk12: 64a 38325i bk13: 64a 38249i bk14: 64a 38324i bk15: 64a 38327i 

------------------------------------------------------------------------

Row_Buffer_Locality = 0.982843
Row_Buffer_Locality_read = 0.982843
Row_Buffer_Locality_write = -nan
Bank_Level_Parallism = 1.238508
Bank_Level_Parallism_Col = 1.236961
Bank_Level_Parallism_Ready = 1.101716
write_to_read_ratio_blp_rw_average = 0.000000
GrpLevelPara = 1.134543 

BW Util details:
bwutil = 0.021200 
total_CMD = 38491 
util_bw = 816 
Wasted_Col = 1838 
Wasted_Row = 0 
Idle = 35837 

BW Util Bottlenecks: 
RCDc_limit = 281 
RCDWRc_limit = 0 
WTRc_limit = 0 
RTWc_limit = 0 
CCDLc_limit = 1917 
rwq = 0 
CCDLc_limit_alone = 1917 
WTRc_limit_alone = 0 
RTWc_limit_alone = 0 

Commands details: 
total_CMD = 38491 
n_nop = 37663 
Read = 816 
Write = 0 
L2_Alloc = 0 
L2_WB = 0 
n_act = 14 
n_pre = 0 
n_ref = 0 
n_req = 816 
total_req = 816 

Dual Bus Interface Util: 
issued_total_row = 14 
issued_total_col = 816 
Row_Bus_Util =  0.000364 
CoL_Bus_Util = 0.021200 
Either_Row_CoL_Bus_Util = 0.021512 
Issued_on_Two_Bus_Simul_Util = 0.000052 
issued_two_Eff = 0.002415 
queue_avg = 0.095425 


dram_util_bins: 0 0 0 0 0 0 0 0 0 0
dram_eff_bins: 0 0 0 0 0 0 0 0 0 0
mrqq: max=10 avg=0.0954249
Memory Partition 6: 
Cache L2_bank_024:
MSHR contents

Cache L2_bank_025:
MSHR contents

Cache L2_bank_026:
MSHR contents

Cache L2_bank_027:
MSHR contents

In Dram Latency Queue (total = 0): 
DRAM[6]: 16 bks, busW=16 BL=2 CL=22, tRRD=7 tCCD=1, tRCD=22 tRAS=50 tRP=22 tRC=72
n_cmd=38491 n_nop=37661 n_act=14 n_pre=0 n_ref_event=0 n_req=816 n_rd=816 n_rd_L2_A=0 n_write=0 n_wr_bk=0 bw_util=0.0212
n_activity=4780 dram_eff=0.1707
bk0: 0a 38491i bk1: 0a 38491i bk2: 24a 38420i bk3: 24a 38401i bk4: 64a 38285i bk5: 64a 38256i bk6: 64a 38324i bk7: 64a 38323i bk8: 64a 38290i bk9: 64a 38265i bk10: 64a 38320i bk11: 64a 38326i bk12: 64a 38282i bk13: 64a 38284i bk14: 64a 38321i bk15: 64a 38322i 

------------------------------------------------------------------------

Row_Buffer_Locality = 0.982843
Row_Buffer_Locality_read = 0.982843
Row_Buffer_Locality_write = -nan
Bank_Level_Parallism = 1.221890
Bank_Level_Parallism_Col = 1.221680
Bank_Level_Parallism_Ready = 1.093137
write_to_read_ratio_blp_rw_average = 0.000000
GrpLevelPara = 1.129407 

BW Util details:
bwutil = 0.021200 
total_CMD = 38491 
util_bw = 816 
Wasted_Col = 1861 
Wasted_Row = 0 
Idle = 35814 

BW Util Bottlenecks: 
RCDc_limit = 297 
RCDWRc_limit = 0 
WTRc_limit = 0 
RTWc_limit = 0 
CCDLc_limit = 1883 
rwq = 0 
CCDLc_limit_alone = 1883 
WTRc_limit_alone = 0 
RTWc_limit_alone = 0 

Commands details: 
total_CMD = 38491 
n_nop = 37661 
Read = 816 
Write = 0 
L2_Alloc = 0 
L2_WB = 0 
n_act = 14 
n_pre = 0 
n_ref = 0 
n_req = 816 
total_req = 816 

Dual Bus Interface Util: 
issued_total_row = 14 
issued_total_col = 816 
Row_Bus_Util =  0.000364 
CoL_Bus_Util = 0.021200 
Either_Row_CoL_Bus_Util = 0.021563 
Issued_on_Two_Bus_Simul_Util = 0.000000 
issued_two_Eff = 0.000000 
queue_avg = 0.102362 


dram_util_bins: 0 0 0 0 0 0 0 0 0 0
dram_eff_bins: 0 0 0 0 0 0 0 0 0 0
mrqq: max=10 avg=0.102362
Memory Partition 7: 
Cache L2_bank_028:
MSHR contents

Cache L2_bank_029:
MSHR contents

Cache L2_bank_030:
MSHR contents

Cache L2_bank_031:
MSHR contents

In Dram Latency Queue (total = 0): 
DRAM[7]: 16 bks, busW=16 BL=2 CL=22, tRRD=7 tCCD=1, tRCD=22 tRAS=50 tRP=22 tRC=72
n_cmd=38491 n_nop=37661 n_act=14 n_pre=0 n_ref_event=0 n_req=816 n_rd=816 n_rd_L2_A=0 n_write=0 n_wr_bk=0 bw_util=0.0212
n_activity=4974 dram_eff=0.1641
bk0: 0a 38491i bk1: 0a 38491i bk2: 24a 38406i bk3: 24a 38412i bk4: 64a 38311i bk5: 64a 38297i bk6: 64a 38248i bk7: 64a 38293i bk8: 64a 38310i bk9: 64a 38301i bk10: 64a 38326i bk11: 64a 38328i bk12: 64a 38319i bk13: 64a 38319i bk14: 64a 38282i bk15: 64a 38312i 

------------------------------------------------------------------------

Row_Buffer_Locality = 0.982843
Row_Buffer_Locality_read = 0.982843
Row_Buffer_Locality_write = -nan
Bank_Level_Parallism = 1.186902
Bank_Level_Parallism_Col = 1.186553
Bank_Level_Parallism_Ready = 1.072304
write_to_read_ratio_blp_rw_average = 0.000000
GrpLevelPara = 1.117843 

BW Util details:
bwutil = 0.021200 
total_CMD = 38491 
util_bw = 816 
Wasted_Col = 1902 
Wasted_Row = 0 
Idle = 35773 

BW Util Bottlenecks: 
RCDc_limit = 285 
RCDWRc_limit = 0 
WTRc_limit = 0 
RTWc_limit = 0 
CCDLc_limit = 1888 
rwq = 0 
CCDLc_limit_alone = 1888 
WTRc_limit_alone = 0 
RTWc_limit_alone = 0 

Commands details: 
total_CMD = 38491 
n_nop = 37661 
Read = 816 
Write = 0 
L2_Alloc = 0 
L2_WB = 0 
n_act = 14 
n_pre = 0 
n_ref = 0 
n_req = 816 
total_req = 816 

Dual Bus Interface Util: 
issued_total_row = 14 
issued_total_col = 816 
Row_Bus_Util =  0.000364 
CoL_Bus_Util = 0.021200 
Either_Row_CoL_Bus_Util = 0.021563 
Issued_on_Two_Bus_Simul_Util = 0.000000 
issued_two_Eff = 0.000000 
queue_avg = 0.099738 


dram_util_bins: 0 0 0 0 0 0 0 0 0 0
dram_eff_bins: 0 0 0 0 0 0 0 0 0 0
mrqq: max=10 avg=0.0997376
Memory Partition 8: 
Cache L2_bank_032:
MSHR contents

Cache L2_bank_033:
MSHR contents

Cache L2_bank_034:
MSHR contents

Cache L2_bank_035:
MSHR contents

In Dram Latency Queue (total = 0): 
DRAM[8]: 16 bks, busW=16 BL=2 CL=22, tRRD=7 tCCD=1, tRCD=22 tRAS=50 tRP=22 tRC=72
n_cmd=38491 n_nop=37664 n_act=14 n_pre=0 n_ref_event=0 n_req=816 n_rd=816 n_rd_L2_A=0 n_write=0 n_wr_bk=0 bw_util=0.0212
n_activity=4916 dram_eff=0.166
bk0: 0a 38491i bk1: 0a 38491i bk2: 24a 38416i bk3: 24a 38404i bk4: 64a 38328i bk5: 64a 38293i bk6: 64a 38318i bk7: 64a 38259i bk8: 64a 38315i bk9: 64a 38281i bk10: 64a 38329i bk11: 64a 38224i bk12: 64a 38320i bk13: 64a 38317i bk14: 64a 38326i bk15: 64a 38326i 

------------------------------------------------------------------------

Row_Buffer_Locality = 0.982843
Row_Buffer_Locality_read = 0.982843
Row_Buffer_Locality_write = -nan
Bank_Level_Parallism = 1.170043
Bank_Level_Parallism_Col = 1.168784
Bank_Level_Parallism_Ready = 1.085784
write_to_read_ratio_blp_rw_average = 0.000000
GrpLevelPara = 1.083848 

BW Util details:
bwutil = 0.021200 
total_CMD = 38491 
util_bw = 816 
Wasted_Col = 1948 
Wasted_Row = 0 
Idle = 35727 

BW Util Bottlenecks: 
RCDc_limit = 282 
RCDWRc_limit = 0 
WTRc_limit = 0 
RTWc_limit = 0 
CCDLc_limit = 1957 
rwq = 0 
CCDLc_limit_alone = 1957 
WTRc_limit_alone = 0 
RTWc_limit_alone = 0 

Commands details: 
total_CMD = 38491 
n_nop = 37664 
Read = 816 
Write = 0 
L2_Alloc = 0 
L2_WB = 0 
n_act = 14 
n_pre = 0 
n_ref = 0 
n_req = 816 
total_req = 816 

Dual Bus Interface Util: 
issued_total_row = 14 
issued_total_col = 816 
Row_Bus_Util =  0.000364 
CoL_Bus_Util = 0.021200 
Either_Row_CoL_Bus_Util = 0.021486 
Issued_on_Two_Bus_Simul_Util = 0.000078 
issued_two_Eff = 0.003628 
queue_avg = 0.103011 


dram_util_bins: 0 0 0 0 0 0 0 0 0 0
dram_eff_bins: 0 0 0 0 0 0 0 0 0 0
mrqq: max=11 avg=0.103011
Memory Partition 9: 
Cache L2_bank_036:
MSHR contents

Cache L2_bank_037:
MSHR contents

Cache L2_bank_038:
MSHR contents

Cache L2_bank_039:
MSHR contents

In Dram Latency Queue (total = 0): 
DRAM[9]: 16 bks, busW=16 BL=2 CL=22, tRRD=7 tCCD=1, tRCD=22 tRAS=50 tRP=22 tRC=72
n_cmd=38491 n_nop=37662 n_act=14 n_pre=0 n_ref_event=0 n_req=816 n_rd=816 n_rd_L2_A=0 n_write=0 n_wr_bk=0 bw_util=0.0212
n_activity=4731 dram_eff=0.1725
bk0: 0a 38491i bk1: 0a 38491i bk2: 24a 38390i bk3: 24a 38417i bk4: 64a 38315i bk5: 64a 38322i bk6: 64a 38266i bk7: 64a 38301i bk8: 64a 38316i bk9: 64a 38304i bk10: 64a 38304i bk11: 64a 38330i bk12: 64a 38323i bk13: 64a 38304i bk14: 64a 38326i bk15: 64a 38323i 

------------------------------------------------------------------------

Row_Buffer_Locality = 0.982843
Row_Buffer_Locality_read = 0.982843
Row_Buffer_Locality_write = -nan
Bank_Level_Parallism = 1.215361
Bank_Level_Parallism_Col = 1.212074
Bank_Level_Parallism_Ready = 1.057598
write_to_read_ratio_blp_rw_average = 0.000000
GrpLevelPara = 1.162926 

BW Util details:
bwutil = 0.021200 
total_CMD = 38491 
util_bw = 816 
Wasted_Col = 1775 
Wasted_Row = 0 
Idle = 35900 

BW Util Bottlenecks: 
RCDc_limit = 286 
RCDWRc_limit = 0 
WTRc_limit = 0 
RTWc_limit = 0 
CCDLc_limit = 1774 
rwq = 0 
CCDLc_limit_alone = 1774 
WTRc_limit_alone = 0 
RTWc_limit_alone = 0 

Commands details: 
total_CMD = 38491 
n_nop = 37662 
Read = 816 
Write = 0 
L2_Alloc = 0 
L2_WB = 0 
n_act = 14 
n_pre = 0 
n_ref = 0 
n_req = 816 
total_req = 816 

Dual Bus Interface Util: 
issued_total_row = 14 
issued_total_col = 816 
Row_Bus_Util =  0.000364 
CoL_Bus_Util = 0.021200 
Either_Row_CoL_Bus_Util = 0.021538 
Issued_on_Two_Bus_Simul_Util = 0.000026 
issued_two_Eff = 0.001206 
queue_avg = 0.091892 


dram_util_bins: 0 0 0 0 0 0 0 0 0 0
dram_eff_bins: 0 0 0 0 0 0 0 0 0 0
mrqq: max=7 avg=0.0918916
Memory Partition 10: 
Cache L2_bank_040:
MSHR contents

Cache L2_bank_041:
MSHR contents

Cache L2_bank_042:
MSHR contents

Cache L2_bank_043:
MSHR contents

In Dram Latency Queue (total = 0): 
DRAM[10]: 16 bks, busW=16 BL=2 CL=22, tRRD=7 tCCD=1, tRCD=22 tRAS=50 tRP=22 tRC=72
n_cmd=38491 n_nop=37662 n_act=14 n_pre=0 n_ref_event=0 n_req=816 n_rd=816 n_rd_L2_A=0 n_write=0 n_wr_bk=0 bw_util=0.0212
n_activity=5058 dram_eff=0.1613
bk0: 0a 38491i bk1: 0a 38491i bk2: 24a 38416i bk3: 24a 38416i bk4: 64a 38309i bk5: 64a 38285i bk6: 64a 38314i bk7: 64a 38325i bk8: 64a 38312i bk9: 64a 38261i bk10: 64a 38323i bk11: 64a 38322i bk12: 64a 38293i bk13: 64a 38288i bk14: 64a 38322i bk15: 64a 38326i 

------------------------------------------------------------------------

Row_Buffer_Locality = 0.982843
Row_Buffer_Locality_read = 0.982843
Row_Buffer_Locality_write = -nan
Bank_Level_Parallism = 1.158586
Bank_Level_Parallism_Col = 1.157702
Bank_Level_Parallism_Ready = 1.063725
write_to_read_ratio_blp_rw_average = 0.000000
GrpLevelPara = 1.102086 

BW Util details:
bwutil = 0.021200 
total_CMD = 38491 
util_bw = 816 
Wasted_Col = 1927 
Wasted_Row = 0 
Idle = 35748 

BW Util Bottlenecks: 
RCDc_limit = 288 
RCDWRc_limit = 0 
WTRc_limit = 0 
RTWc_limit = 0 
CCDLc_limit = 1882 
rwq = 0 
CCDLc_limit_alone = 1882 
WTRc_limit_alone = 0 
RTWc_limit_alone = 0 

Commands details: 
total_CMD = 38491 
n_nop = 37662 
Read = 816 
Write = 0 
L2_Alloc = 0 
L2_WB = 0 
n_act = 14 
n_pre = 0 
n_ref = 0 
n_req = 816 
total_req = 816 

Dual Bus Interface Util: 
issued_total_row = 14 
issued_total_col = 816 
Row_Bus_Util =  0.000364 
CoL_Bus_Util = 0.021200 
Either_Row_CoL_Bus_Util = 0.021538 
Issued_on_Two_Bus_Simul_Util = 0.000026 
issued_two_Eff = 0.001206 
queue_avg = 0.097555 


dram_util_bins: 0 0 0 0 0 0 0 0 0 0
dram_eff_bins: 0 0 0 0 0 0 0 0 0 0
mrqq: max=9 avg=0.0975553
Memory Partition 11: 
Cache L2_bank_044:
MSHR contents

Cache L2_bank_045:
MSHR contents

Cache L2_bank_046:
MSHR contents

Cache L2_bank_047:
MSHR contents

In Dram Latency Queue (total = 0): 
DRAM[11]: 16 bks, busW=16 BL=2 CL=22, tRRD=7 tCCD=1, tRCD=22 tRAS=50 tRP=22 tRC=72
n_cmd=38491 n_nop=37662 n_act=14 n_pre=0 n_ref_event=0 n_req=816 n_rd=816 n_rd_L2_A=0 n_write=0 n_wr_bk=0 bw_util=0.0212
n_activity=5201 dram_eff=0.1569
bk0: 0a 38491i bk1: 0a 38491i bk2: 24a 38386i bk3: 24a 38417i bk4: 64a 38311i bk5: 64a 38298i bk6: 64a 38307i bk7: 64a 38290i bk8: 64a 38308i bk9: 64a 38302i bk10: 64a 38326i bk11: 64a 38325i bk12: 64a 38326i bk13: 64a 38325i bk14: 64a 38307i bk15: 64a 38311i 

------------------------------------------------------------------------

Row_Buffer_Locality = 0.982843
Row_Buffer_Locality_read = 0.982843
Row_Buffer_Locality_write = -nan
Bank_Level_Parallism = 1.156755
Bank_Level_Parallism_Col = 1.155859
Bank_Level_Parallism_Ready = 1.062500
write_to_read_ratio_blp_rw_average = 0.000000
GrpLevelPara = 1.106853 

BW Util details:
bwutil = 0.021200 
total_CMD = 38491 
util_bw = 816 
Wasted_Col = 1908 
Wasted_Row = 0 
Idle = 35767 

BW Util Bottlenecks: 
RCDc_limit = 293 
RCDWRc_limit = 0 
WTRc_limit = 0 
RTWc_limit = 0 
CCDLc_limit = 1838 
rwq = 0 
CCDLc_limit_alone = 1838 
WTRc_limit_alone = 0 
RTWc_limit_alone = 0 

Commands details: 
total_CMD = 38491 
n_nop = 37662 
Read = 816 
Write = 0 
L2_Alloc = 0 
L2_WB = 0 
n_act = 14 
n_pre = 0 
n_ref = 0 
n_req = 816 
total_req = 816 

Dual Bus Interface Util: 
issued_total_row = 14 
issued_total_col = 816 
Row_Bus_Util =  0.000364 
CoL_Bus_Util = 0.021200 
Either_Row_CoL_Bus_Util = 0.021538 
Issued_on_Two_Bus_Simul_Util = 0.000026 
issued_two_Eff = 0.001206 
queue_avg = 0.091580 


dram_util_bins: 0 0 0 0 0 0 0 0 0 0
dram_eff_bins: 0 0 0 0 0 0 0 0 0 0
mrqq: max=9 avg=0.0915798
Memory Partition 12: 
Cache L2_bank_048:
MSHR contents

Cache L2_bank_049:
MSHR contents

Cache L2_bank_050:
MSHR contents

Cache L2_bank_051:
MSHR contents

In Dram Latency Queue (total = 0): 
DRAM[12]: 16 bks, busW=16 BL=2 CL=22, tRRD=7 tCCD=1, tRCD=22 tRAS=50 tRP=22 tRC=72
n_cmd=38491 n_nop=37663 n_act=14 n_pre=0 n_ref_event=0 n_req=816 n_rd=816 n_rd_L2_A=0 n_write=0 n_wr_bk=0 bw_util=0.0212
n_activity=4915 dram_eff=0.166
bk0: 0a 38491i bk1: 0a 38491i bk2: 24a 38414i bk3: 24a 38409i bk4: 64a 38324i bk5: 64a 38291i bk6: 64a 38316i bk7: 64a 38273i bk8: 64a 38314i bk9: 64a 38260i bk10: 64a 38326i bk11: 64a 38219i bk12: 64a 38321i bk13: 64a 38317i bk14: 64a 38326i bk15: 64a 38325i 

------------------------------------------------------------------------

Row_Buffer_Locality = 0.982843
Row_Buffer_Locality_read = 0.982843
Row_Buffer_Locality_write = -nan
Bank_Level_Parallism = 1.169601
Bank_Level_Parallism_Col = 1.168349
Bank_Level_Parallism_Ready = 1.082108
write_to_read_ratio_blp_rw_average = 0.000000
GrpLevelPara = 1.081110 

BW Util details:
bwutil = 0.021200 
total_CMD = 38491 
util_bw = 816 
Wasted_Col = 1967 
Wasted_Row = 0 
Idle = 35708 

BW Util Bottlenecks: 
RCDc_limit = 281 
RCDWRc_limit = 0 
WTRc_limit = 0 
RTWc_limit = 0 
CCDLc_limit = 1978 
rwq = 0 
CCDLc_limit_alone = 1978 
WTRc_limit_alone = 0 
RTWc_limit_alone = 0 

Commands details: 
total_CMD = 38491 
n_nop = 37663 
Read = 816 
Write = 0 
L2_Alloc = 0 
L2_WB = 0 
n_act = 14 
n_pre = 0 
n_ref = 0 
n_req = 816 
total_req = 816 

Dual Bus Interface Util: 
issued_total_row = 14 
issued_total_col = 816 
Row_Bus_Util =  0.000364 
CoL_Bus_Util = 0.021200 
Either_Row_CoL_Bus_Util = 0.021512 
Issued_on_Two_Bus_Simul_Util = 0.000052 
issued_two_Eff = 0.002415 
queue_avg = 0.105167 


dram_util_bins: 0 0 0 0 0 0 0 0 0 0
dram_eff_bins: 0 0 0 0 0 0 0 0 0 0
mrqq: max=10 avg=0.105167
Memory Partition 13: 
Cache L2_bank_052:
MSHR contents

Cache L2_bank_053:
MSHR contents

Cache L2_bank_054:
MSHR contents

Cache L2_bank_055:
MSHR contents

In Dram Latency Queue (total = 0): 
DRAM[13]: 16 bks, busW=16 BL=2 CL=22, tRRD=7 tCCD=1, tRCD=22 tRAS=50 tRP=22 tRC=72
n_cmd=38491 n_nop=37662 n_act=14 n_pre=0 n_ref_event=0 n_req=816 n_rd=816 n_rd_L2_A=0 n_write=0 n_wr_bk=0 bw_util=0.0212
n_activity=4726 dram_eff=0.1727
bk0: 0a 38491i bk1: 0a 38491i bk2: 24a 38391i bk3: 24a 38416i bk4: 64a 38309i bk5: 64a 38321i bk6: 64a 38255i bk7: 64a 38306i bk8: 64a 38315i bk9: 64a 38307i bk10: 64a 38273i bk11: 64a 38331i bk12: 64a 38323i bk13: 64a 38309i bk14: 64a 38326i bk15: 64a 38323i 

------------------------------------------------------------------------

Row_Buffer_Locality = 0.982843
Row_Buffer_Locality_read = 0.982843
Row_Buffer_Locality_write = -nan
Bank_Level_Parallism = 1.228781
Bank_Level_Parallism_Col = 1.225919
Bank_Level_Parallism_Ready = 1.067402
write_to_read_ratio_blp_rw_average = 0.000000
GrpLevelPara = 1.158994 

BW Util details:
bwutil = 0.021200 
total_CMD = 38491 
util_bw = 816 
Wasted_Col = 1776 
Wasted_Row = 0 
Idle = 35899 

BW Util Bottlenecks: 
RCDc_limit = 285 
RCDWRc_limit = 0 
WTRc_limit = 0 
RTWc_limit = 0 
CCDLc_limit = 1794 
rwq = 0 
CCDLc_limit_alone = 1794 
WTRc_limit_alone = 0 
RTWc_limit_alone = 0 

Commands details: 
total_CMD = 38491 
n_nop = 37662 
Read = 816 
Write = 0 
L2_Alloc = 0 
L2_WB = 0 
n_act = 14 
n_pre = 0 
n_ref = 0 
n_req = 816 
total_req = 816 

Dual Bus Interface Util: 
issued_total_row = 14 
issued_total_col = 816 
Row_Bus_Util =  0.000364 
CoL_Bus_Util = 0.021200 
Either_Row_CoL_Bus_Util = 0.021538 
Issued_on_Two_Bus_Simul_Util = 0.000026 
issued_two_Eff = 0.001206 
queue_avg = 0.093035 


dram_util_bins: 0 0 0 0 0 0 0 0 0 0
dram_eff_bins: 0 0 0 0 0 0 0 0 0 0
mrqq: max=8 avg=0.0930347
Memory Partition 14: 
Cache L2_bank_056:
MSHR contents

Cache L2_bank_057:
MSHR contents

Cache L2_bank_058:
MSHR contents

Cache L2_bank_059:
MSHR contents

In Dram Latency Queue (total = 0): 
DRAM[14]: 16 bks, busW=16 BL=2 CL=22, tRRD=7 tCCD=1, tRCD=22 tRAS=50 tRP=22 tRC=72
n_cmd=38491 n_nop=37662 n_act=14 n_pre=0 n_ref_event=0 n_req=816 n_rd=816 n_rd_L2_A=0 n_write=0 n_wr_bk=0 bw_util=0.0212
n_activity=5058 dram_eff=0.1613
bk0: 0a 38491i bk1: 0a 38491i bk2: 24a 38416i bk3: 24a 38415i bk4: 64a 38310i bk5: 64a 38281i bk6: 64a 38316i bk7: 64a 38325i bk8: 64a 38307i bk9: 64a 38260i bk10: 64a 38324i bk11: 64a 38321i bk12: 64a 38294i bk13: 64a 38290i bk14: 64a 38323i bk15: 64a 38326i 

------------------------------------------------------------------------

Row_Buffer_Locality = 0.982843
Row_Buffer_Locality_read = 0.982843
Row_Buffer_Locality_write = -nan
Bank_Level_Parallism = 1.163437
Bank_Level_Parallism_Col = 1.162569
Bank_Level_Parallism_Ready = 1.067402
write_to_read_ratio_blp_rw_average = 0.000000
GrpLevelPara = 1.104587 

BW Util details:
bwutil = 0.021200 
total_CMD = 38491 
util_bw = 816 
Wasted_Col = 1919 
Wasted_Row = 0 
Idle = 35756 

BW Util Bottlenecks: 
RCDc_limit = 287 
RCDWRc_limit = 0 
WTRc_limit = 0 
RTWc_limit = 0 
CCDLc_limit = 1882 
rwq = 0 
CCDLc_limit_alone = 1882 
WTRc_limit_alone = 0 
RTWc_limit_alone = 0 

Commands details: 
total_CMD = 38491 
n_nop = 37662 
Read = 816 
Write = 0 
L2_Alloc = 0 
L2_WB = 0 
n_act = 14 
n_pre = 0 
n_ref = 0 
n_req = 816 
total_req = 816 

Dual Bus Interface Util: 
issued_total_row = 14 
issued_total_col = 816 
Row_Bus_Util =  0.000364 
CoL_Bus_Util = 0.021200 
Either_Row_CoL_Bus_Util = 0.021538 
Issued_on_Two_Bus_Simul_Util = 0.000026 
issued_two_Eff = 0.001206 
queue_avg = 0.096750 


dram_util_bins: 0 0 0 0 0 0 0 0 0 0
dram_eff_bins: 0 0 0 0 0 0 0 0 0 0
mrqq: max=9 avg=0.0967499
Memory Partition 15: 
Cache L2_bank_060:
MSHR contents

Cache L2_bank_061:
MSHR contents

Cache L2_bank_062:
MSHR contents

Cache L2_bank_063:
MSHR contents

In Dram Latency Queue (total = 0): 
DRAM[15]: 16 bks, busW=16 BL=2 CL=22, tRRD=7 tCCD=1, tRCD=22 tRAS=50 tRP=22 tRC=72
n_cmd=38491 n_nop=37661 n_act=14 n_pre=0 n_ref_event=0 n_req=816 n_rd=816 n_rd_L2_A=0 n_write=0 n_wr_bk=0 bw_util=0.0212
n_activity=5210 dram_eff=0.1566
bk0: 0a 38491i bk1: 0a 38491i bk2: 24a 38384i bk3: 24a 38417i bk4: 64a 38315i bk5: 64a 38300i bk6: 64a 38305i bk7: 64a 38290i bk8: 64a 38318i bk9: 64a 38308i bk10: 64a 38326i bk11: 64a 38327i bk12: 64a 38327i bk13: 64a 38327i bk14: 64a 38303i bk15: 64a 38310i 

------------------------------------------------------------------------

Row_Buffer_Locality = 0.982843
Row_Buffer_Locality_read = 0.982843
Row_Buffer_Locality_write = -nan
Bank_Level_Parallism = 1.151838
Bank_Level_Parallism_Col = 1.150923
Bank_Level_Parallism_Ready = 1.055147
write_to_read_ratio_blp_rw_average = 0.000000
GrpLevelPara = 1.103690 

BW Util details:
bwutil = 0.021200 
total_CMD = 38491 
util_bw = 816 
Wasted_Col = 1904 
Wasted_Row = 0 
Idle = 35771 

BW Util Bottlenecks: 
RCDc_limit = 293 
RCDWRc_limit = 0 
WTRc_limit = 0 
RTWc_limit = 0 
CCDLc_limit = 1832 
rwq = 0 
CCDLc_limit_alone = 1832 
WTRc_limit_alone = 0 
RTWc_limit_alone = 0 

Commands details: 
total_CMD = 38491 
n_nop = 37661 
Read = 816 
Write = 0 
L2_Alloc = 0 
L2_WB = 0 
n_act = 14 
n_pre = 0 
n_ref = 0 
n_req = 816 
total_req = 816 

Dual Bus Interface Util: 
issued_total_row = 14 
issued_total_col = 816 
Row_Bus_Util =  0.000364 
CoL_Bus_Util = 0.021200 
Either_Row_CoL_Bus_Util = 0.021563 
Issued_on_Two_Bus_Simul_Util = 0.000000 
issued_two_Eff = 0.000000 
queue_avg = 0.091684 


dram_util_bins: 0 0 0 0 0 0 0 0 0 0
dram_eff_bins: 0 0 0 0 0 0 0 0 0 0
mrqq: max=8 avg=0.0916838
Memory Partition 16: 
Cache L2_bank_064:
MSHR contents

Cache L2_bank_065:
MSHR contents

Cache L2_bank_066:
MSHR contents

Cache L2_bank_067:
MSHR contents

In Dram Latency Queue (total = 0): 
DRAM[16]: 16 bks, busW=16 BL=2 CL=22, tRRD=7 tCCD=1, tRCD=22 tRAS=50 tRP=22 tRC=72
n_cmd=38491 n_nop=37663 n_act=14 n_pre=0 n_ref_event=0 n_req=816 n_rd=816 n_rd_L2_A=0 n_write=0 n_wr_bk=0 bw_util=0.0212
n_activity=4723 dram_eff=0.1728
bk0: 0a 38491i bk1: 0a 38491i bk2: 24a 38417i bk3: 24a 38415i bk4: 64a 38327i bk5: 64a 38321i bk6: 64a 38322i bk7: 64a 38308i bk8: 64a 38334i bk9: 64a 38289i bk10: 64a 38326i bk11: 64a 38310i bk12: 64a 38323i bk13: 64a 38321i bk14: 64a 38327i bk15: 64a 38324i 

------------------------------------------------------------------------

Row_Buffer_Locality = 0.982843
Row_Buffer_Locality_read = 0.982843
Row_Buffer_Locality_write = -nan
Bank_Level_Parallism = 1.106399
Bank_Level_Parallism_Col = 1.104916
Bank_Level_Parallism_Ready = 1.029412
write_to_read_ratio_blp_rw_average = 0.000000
GrpLevelPara = 1.076302 

BW Util details:
bwutil = 0.021200 
total_CMD = 38491 
util_bw = 816 
Wasted_Col = 1919 
Wasted_Row = 0 
Idle = 35756 

BW Util Bottlenecks: 
RCDc_limit = 285 
RCDWRc_limit = 0 
WTRc_limit = 0 
RTWc_limit = 0 
CCDLc_limit = 1808 
rwq = 0 
CCDLc_limit_alone = 1808 
WTRc_limit_alone = 0 
RTWc_limit_alone = 0 

Commands details: 
total_CMD = 38491 
n_nop = 37663 
Read = 816 
Write = 0 
L2_Alloc = 0 
L2_WB = 0 
n_act = 14 
n_pre = 0 
n_ref = 0 
n_req = 816 
total_req = 816 

Dual Bus Interface Util: 
issued_total_row = 14 
issued_total_col = 816 
Row_Bus_Util =  0.000364 
CoL_Bus_Util = 0.021200 
Either_Row_CoL_Bus_Util = 0.021512 
Issued_on_Two_Bus_Simul_Util = 0.000052 
issued_two_Eff = 0.002415 
queue_avg = 0.077525 


dram_util_bins: 0 0 0 0 0 0 0 0 0 0
dram_eff_bins: 0 0 0 0 0 0 0 0 0 0
mrqq: max=7 avg=0.0775246
Memory Partition 17: 
Cache L2_bank_068:
MSHR contents

Cache L2_bank_069:
MSHR contents

Cache L2_bank_070:
MSHR contents

Cache L2_bank_071:
MSHR contents

In Dram Latency Queue (total = 0): 
DRAM[17]: 16 bks, busW=16 BL=2 CL=22, tRRD=7 tCCD=1, tRCD=22 tRAS=50 tRP=22 tRC=72
n_cmd=38491 n_nop=37662 n_act=14 n_pre=0 n_ref_event=0 n_req=816 n_rd=816 n_rd_L2_A=0 n_write=0 n_wr_bk=0 bw_util=0.0212
n_activity=4734 dram_eff=0.1724
bk0: 0a 38491i bk1: 0a 38491i bk2: 24a 38404i bk3: 24a 38416i bk4: 64a 38311i bk5: 64a 38289i bk6: 64a 38310i bk7: 64a 38286i bk8: 64a 38301i bk9: 64a 38299i bk10: 64a 38305i bk11: 64a 38327i bk12: 64a 38323i bk13: 64a 38310i bk14: 64a 38325i bk15: 64a 38323i 

------------------------------------------------------------------------

Row_Buffer_Locality = 0.982843
Row_Buffer_Locality_read = 0.982843
Row_Buffer_Locality_write = -nan
Bank_Level_Parallism = 1.189688
Bank_Level_Parallism_Col = 1.187453
Bank_Level_Parallism_Ready = 1.053922
write_to_read_ratio_blp_rw_average = 0.000000
GrpLevelPara = 1.131519 

BW Util details:
bwutil = 0.021200 
total_CMD = 38491 
util_bw = 816 
Wasted_Col = 1841 
Wasted_Row = 0 
Idle = 35834 

BW Util Bottlenecks: 
RCDc_limit = 295 
RCDWRc_limit = 0 
WTRc_limit = 0 
RTWc_limit = 0 
CCDLc_limit = 1819 
rwq = 0 
CCDLc_limit_alone = 1819 
WTRc_limit_alone = 0 
RTWc_limit_alone = 0 

Commands details: 
total_CMD = 38491 
n_nop = 37662 
Read = 816 
Write = 0 
L2_Alloc = 0 
L2_WB = 0 
n_act = 14 
n_pre = 0 
n_ref = 0 
n_req = 816 
total_req = 816 

Dual Bus Interface Util: 
issued_total_row = 14 
issued_total_col = 816 
Row_Bus_Util =  0.000364 
CoL_Bus_Util = 0.021200 
Either_Row_CoL_Bus_Util = 0.021538 
Issued_on_Two_Bus_Simul_Util = 0.000026 
issued_two_Eff = 0.001206 
queue_avg = 0.093528 


dram_util_bins: 0 0 0 0 0 0 0 0 0 0
dram_eff_bins: 0 0 0 0 0 0 0 0 0 0
mrqq: max=10 avg=0.0935284
Memory Partition 18: 
Cache L2_bank_072:
MSHR contents

Cache L2_bank_073:
MSHR contents

Cache L2_bank_074:
MSHR contents

Cache L2_bank_075:
MSHR contents

In Dram Latency Queue (total = 0): 
DRAM[18]: 16 bks, busW=16 BL=2 CL=22, tRRD=7 tCCD=1, tRCD=22 tRAS=50 tRP=22 tRC=72
n_cmd=38491 n_nop=37662 n_act=14 n_pre=0 n_ref_event=0 n_req=816 n_rd=816 n_rd_L2_A=0 n_write=0 n_wr_bk=0 bw_util=0.0212
n_activity=4924 dram_eff=0.1657
bk0: 0a 38491i bk1: 0a 38491i bk2: 24a 38410i bk3: 24a 38410i bk4: 64a 38315i bk5: 64a 38290i bk6: 64a 38309i bk7: 64a 38315i bk8: 64a 38331i bk9: 64a 38215i bk10: 64a 38323i bk11: 64a 38327i bk12: 64a 38296i bk13: 64a 38297i bk14: 64a 38326i bk15: 64a 38322i 

------------------------------------------------------------------------

Row_Buffer_Locality = 0.982843
Row_Buffer_Locality_read = 0.982843
Row_Buffer_Locality_write = -nan
Bank_Level_Parallism = 1.177508
Bank_Level_Parallism_Col = 1.174410
Bank_Level_Parallism_Ready = 1.063725
write_to_read_ratio_blp_rw_average = 0.000000
GrpLevelPara = 1.116150 

BW Util details:
bwutil = 0.021200 
total_CMD = 38491 
util_bw = 816 
Wasted_Col = 1905 
Wasted_Row = 0 
Idle = 35770 

BW Util Bottlenecks: 
RCDc_limit = 295 
RCDWRc_limit = 0 
WTRc_limit = 0 
RTWc_limit = 0 
CCDLc_limit = 1878 
rwq = 0 
CCDLc_limit_alone = 1878 
WTRc_limit_alone = 0 
RTWc_limit_alone = 0 

Commands details: 
total_CMD = 38491 
n_nop = 37662 
Read = 816 
Write = 0 
L2_Alloc = 0 
L2_WB = 0 
n_act = 14 
n_pre = 0 
n_ref = 0 
n_req = 816 
total_req = 816 

Dual Bus Interface Util: 
issued_total_row = 14 
issued_total_col = 816 
Row_Bus_Util =  0.000364 
CoL_Bus_Util = 0.021200 
Either_Row_CoL_Bus_Util = 0.021538 
Issued_on_Two_Bus_Simul_Util = 0.000026 
issued_two_Eff = 0.001206 
queue_avg = 0.105609 


dram_util_bins: 0 0 0 0 0 0 0 0 0 0
dram_eff_bins: 0 0 0 0 0 0 0 0 0 0
mrqq: max=12 avg=0.105609
Memory Partition 19: 
Cache L2_bank_076:
MSHR contents

Cache L2_bank_077:
MSHR contents

Cache L2_bank_078:
MSHR contents

Cache L2_bank_079:
MSHR contents

In Dram Latency Queue (total = 0): 
DRAM[19]: 16 bks, busW=16 BL=2 CL=22, tRRD=7 tCCD=1, tRCD=22 tRAS=50 tRP=22 tRC=72
n_cmd=38491 n_nop=37661 n_act=14 n_pre=0 n_ref_event=0 n_req=816 n_rd=816 n_rd_L2_A=0 n_write=0 n_wr_bk=0 bw_util=0.0212
n_activity=4850 dram_eff=0.1682
bk0: 0a 38491i bk1: 0a 38491i bk2: 24a 38416i bk3: 24a 38409i bk4: 64a 38315i bk5: 64a 38321i bk6: 64a 38298i bk7: 64a 38281i bk8: 64a 38276i bk9: 64a 38289i bk10: 64a 38328i bk11: 64a 38326i bk12: 64a 38321i bk13: 64a 38320i bk14: 64a 38322i bk15: 64a 38308i 

------------------------------------------------------------------------

Row_Buffer_Locality = 0.982843
Row_Buffer_Locality_read = 0.982843
Row_Buffer_Locality_write = -nan
Bank_Level_Parallism = 1.178665
Bank_Level_Parallism_Col = 1.178277
Bank_Level_Parallism_Ready = 1.061275
write_to_read_ratio_blp_rw_average = 0.000000
GrpLevelPara = 1.122472 

BW Util details:
bwutil = 0.021200 
total_CMD = 38491 
util_bw = 816 
Wasted_Col = 1865 
Wasted_Row = 0 
Idle = 35810 

BW Util Bottlenecks: 
RCDc_limit = 282 
RCDWRc_limit = 0 
WTRc_limit = 0 
RTWc_limit = 0 
CCDLc_limit = 1850 
rwq = 0 
CCDLc_limit_alone = 1850 
WTRc_limit_alone = 0 
RTWc_limit_alone = 0 

Commands details: 
total_CMD = 38491 
n_nop = 37661 
Read = 816 
Write = 0 
L2_Alloc = 0 
L2_WB = 0 
n_act = 14 
n_pre = 0 
n_ref = 0 
n_req = 816 
total_req = 816 

Dual Bus Interface Util: 
issued_total_row = 14 
issued_total_col = 816 
Row_Bus_Util =  0.000364 
CoL_Bus_Util = 0.021200 
Either_Row_CoL_Bus_Util = 0.021563 
Issued_on_Two_Bus_Simul_Util = 0.000000 
issued_two_Eff = 0.000000 
queue_avg = 0.095217 


dram_util_bins: 0 0 0 0 0 0 0 0 0 0
dram_eff_bins: 0 0 0 0 0 0 0 0 0 0
mrqq: max=11 avg=0.0952171
Memory Partition 20: 
Cache L2_bank_080:
MSHR contents

Cache L2_bank_081:
MSHR contents

Cache L2_bank_082:
MSHR contents

Cache L2_bank_083:
MSHR contents

In Dram Latency Queue (total = 0): 
DRAM[20]: 16 bks, busW=16 BL=2 CL=22, tRRD=7 tCCD=1, tRCD=22 tRAS=50 tRP=22 tRC=72
n_cmd=38491 n_nop=37662 n_act=14 n_pre=0 n_ref_event=0 n_req=816 n_rd=816 n_rd_L2_A=0 n_write=0 n_wr_bk=0 bw_util=0.0212
n_activity=4723 dram_eff=0.1728
bk0: 0a 38491i bk1: 0a 38491i bk2: 24a 38416i bk3: 24a 38417i bk4: 64a 38325i bk5: 64a 38323i bk6: 64a 38321i bk7: 64a 38305i bk8: 64a 38332i bk9: 64a 38292i bk10: 64a 38323i bk11: 64a 38308i bk12: 64a 38324i bk13: 64a 38323i bk14: 64a 38326i bk15: 64a 38328i 

------------------------------------------------------------------------

Row_Buffer_Locality = 0.982843
Row_Buffer_Locality_read = 0.982843
Row_Buffer_Locality_write = -nan
Bank_Level_Parallism = 1.103536
Bank_Level_Parallism_Col = 1.102048
Bank_Level_Parallism_Ready = 1.034314
write_to_read_ratio_blp_rw_average = 0.000000
GrpLevelPara = 1.072787 

BW Util details:
bwutil = 0.021200 
total_CMD = 38491 
util_bw = 816 
Wasted_Col = 1927 
Wasted_Row = 0 
Idle = 35748 

BW Util Bottlenecks: 
RCDc_limit = 287 
RCDWRc_limit = 0 
WTRc_limit = 0 
RTWc_limit = 0 
CCDLc_limit = 1809 
rwq = 0 
CCDLc_limit_alone = 1809 
WTRc_limit_alone = 0 
RTWc_limit_alone = 0 

Commands details: 
total_CMD = 38491 
n_nop = 37662 
Read = 816 
Write = 0 
L2_Alloc = 0 
L2_WB = 0 
n_act = 14 
n_pre = 0 
n_ref = 0 
n_req = 816 
total_req = 816 

Dual Bus Interface Util: 
issued_total_row = 14 
issued_total_col = 816 
Row_Bus_Util =  0.000364 
CoL_Bus_Util = 0.021200 
Either_Row_CoL_Bus_Util = 0.021538 
Issued_on_Two_Bus_Simul_Util = 0.000026 
issued_two_Eff = 0.001206 
queue_avg = 0.079447 


dram_util_bins: 0 0 0 0 0 0 0 0 0 0
dram_eff_bins: 0 0 0 0 0 0 0 0 0 0
mrqq: max=7 avg=0.0794471
Memory Partition 21: 
Cache L2_bank_084:
MSHR contents

Cache L2_bank_085:
MSHR contents

Cache L2_bank_086:
MSHR contents

Cache L2_bank_087:
MSHR contents

In Dram Latency Queue (total = 0): 
DRAM[21]: 16 bks, busW=16 BL=2 CL=22, tRRD=7 tCCD=1, tRCD=22 tRAS=50 tRP=22 tRC=72
n_cmd=38491 n_nop=37663 n_act=14 n_pre=0 n_ref_event=0 n_req=816 n_rd=816 n_rd_L2_A=0 n_write=0 n_wr_bk=0 bw_util=0.0212
n_activity=4722 dram_eff=0.1728
bk0: 0a 38491i bk1: 0a 38491i bk2: 24a 38403i bk3: 24a 38409i bk4: 64a 38309i bk5: 64a 38297i bk6: 64a 38306i bk7: 64a 38284i bk8: 64a 38302i bk9: 64a 38299i bk10: 64a 38301i bk11: 64a 38321i bk12: 64a 38324i bk13: 64a 38317i bk14: 64a 38329i bk15: 64a 38322i 

------------------------------------------------------------------------

Row_Buffer_Locality = 0.982843
Row_Buffer_Locality_read = 0.982843
Row_Buffer_Locality_write = -nan
Bank_Level_Parallism = 1.192395
Bank_Level_Parallism_Col = 1.190098
Bank_Level_Parallism_Ready = 1.060049
write_to_read_ratio_blp_rw_average = 0.000000
GrpLevelPara = 1.134165 

BW Util details:
bwutil = 0.021200 
total_CMD = 38491 
util_bw = 816 
Wasted_Col = 1840 
Wasted_Row = 0 
Idle = 35835 

BW Util Bottlenecks: 
RCDc_limit = 294 
RCDWRc_limit = 0 
WTRc_limit = 0 
RTWc_limit = 0 
CCDLc_limit = 1815 
rwq = 0 
CCDLc_limit_alone = 1815 
WTRc_limit_alone = 0 
RTWc_limit_alone = 0 

Commands details: 
total_CMD = 38491 
n_nop = 37663 
Read = 816 
Write = 0 
L2_Alloc = 0 
L2_WB = 0 
n_act = 14 
n_pre = 0 
n_ref = 0 
n_req = 816 
total_req = 816 

Dual Bus Interface Util: 
issued_total_row = 14 
issued_total_col = 816 
Row_Bus_Util =  0.000364 
CoL_Bus_Util = 0.021200 
Either_Row_CoL_Bus_Util = 0.021512 
Issued_on_Two_Bus_Simul_Util = 0.000052 
issued_two_Eff = 0.002415 
queue_avg = 0.095945 


dram_util_bins: 0 0 0 0 0 0 0 0 0 0
dram_eff_bins: 0 0 0 0 0 0 0 0 0 0
mrqq: max=11 avg=0.0959445
Memory Partition 22: 
Cache L2_bank_088:
MSHR contents

Cache L2_bank_089:
MSHR contents

Cache L2_bank_090:
MSHR contents

Cache L2_bank_091:
MSHR contents

In Dram Latency Queue (total = 0): 
DRAM[22]: 16 bks, busW=16 BL=2 CL=22, tRRD=7 tCCD=1, tRCD=22 tRAS=50 tRP=22 tRC=72
n_cmd=38491 n_nop=37661 n_act=14 n_pre=0 n_ref_event=0 n_req=816 n_rd=816 n_rd_L2_A=0 n_write=0 n_wr_bk=0 bw_util=0.0212
n_activity=4925 dram_eff=0.1657
bk0: 0a 38491i bk1: 0a 38491i bk2: 24a 38409i bk3: 24a 38410i bk4: 64a 38316i bk5: 64a 38300i bk6: 64a 38310i bk7: 64a 38316i bk8: 64a 38325i bk9: 64a 38214i bk10: 64a 38323i bk11: 64a 38324i bk12: 64a 38296i bk13: 64a 38315i bk14: 64a 38324i bk15: 64a 38320i 

------------------------------------------------------------------------

Row_Buffer_Locality = 0.982843
Row_Buffer_Locality_read = 0.982843
Row_Buffer_Locality_write = -nan
Bank_Level_Parallism = 1.170338
Bank_Level_Parallism_Col = 1.166851
Bank_Level_Parallism_Ready = 1.060049
write_to_read_ratio_blp_rw_average = 0.000000
GrpLevelPara = 1.116759 

BW Util details:
bwutil = 0.021200 
total_CMD = 38491 
util_bw = 816 
Wasted_Col = 1908 
Wasted_Row = 0 
Idle = 35767 

BW Util Bottlenecks: 
RCDc_limit = 296 
RCDWRc_limit = 0 
WTRc_limit = 0 
RTWc_limit = 0 
CCDLc_limit = 1866 
rwq = 0 
CCDLc_limit_alone = 1866 
WTRc_limit_alone = 0 
RTWc_limit_alone = 0 

Commands details: 
total_CMD = 38491 
n_nop = 37661 
Read = 816 
Write = 0 
L2_Alloc = 0 
L2_WB = 0 
n_act = 14 
n_pre = 0 
n_ref = 0 
n_req = 816 
total_req = 816 

Dual Bus Interface Util: 
issued_total_row = 14 
issued_total_col = 816 
Row_Bus_Util =  0.000364 
CoL_Bus_Util = 0.021200 
Either_Row_CoL_Bus_Util = 0.021563 
Issued_on_Two_Bus_Simul_Util = 0.000000 
issued_two_Eff = 0.000000 
queue_avg = 0.105635 


dram_util_bins: 0 0 0 0 0 0 0 0 0 0
dram_eff_bins: 0 0 0 0 0 0 0 0 0 0
mrqq: max=12 avg=0.105635
Memory Partition 23: 
Cache L2_bank_092:
MSHR contents

Cache L2_bank_093:
MSHR contents

Cache L2_bank_094:
MSHR contents

Cache L2_bank_095:
MSHR contents

In Dram Latency Queue (total = 0): 
DRAM[23]: 16 bks, busW=16 BL=2 CL=22, tRRD=7 tCCD=1, tRCD=22 tRAS=50 tRP=22 tRC=72
n_cmd=38491 n_nop=37662 n_act=14 n_pre=0 n_ref_event=0 n_req=816 n_rd=816 n_rd_L2_A=0 n_write=0 n_wr_bk=0 bw_util=0.0212
n_activity=4856 dram_eff=0.168
bk0: 0a 38491i bk1: 0a 38491i bk2: 24a 38412i bk3: 24a 38409i bk4: 64a 38311i bk5: 64a 38323i bk6: 64a 38298i bk7: 64a 38277i bk8: 64a 38278i bk9: 64a 38288i bk10: 64a 38327i bk11: 64a 38329i bk12: 64a 38321i bk13: 64a 38319i bk14: 64a 38325i bk15: 64a 38308i 

------------------------------------------------------------------------

Row_Buffer_Locality = 0.982843
Row_Buffer_Locality_read = 0.982843
Row_Buffer_Locality_write = -nan
Bank_Level_Parallism = 1.177017
Bank_Level_Parallism_Col = 1.176185
Bank_Level_Parallism_Ready = 1.058824
write_to_read_ratio_blp_rw_average = 0.000000
GrpLevelPara = 1.117208 

BW Util details:
bwutil = 0.021200 
total_CMD = 38491 
util_bw = 816 
Wasted_Col = 1873 
Wasted_Row = 0 
Idle = 35802 

BW Util Bottlenecks: 
RCDc_limit = 280 
RCDWRc_limit = 0 
WTRc_limit = 0 
RTWc_limit = 0 
CCDLc_limit = 1863 
rwq = 0 
CCDLc_limit_alone = 1863 
WTRc_limit_alone = 0 
RTWc_limit_alone = 0 

Commands details: 
total_CMD = 38491 
n_nop = 37662 
Read = 816 
Write = 0 
L2_Alloc = 0 
L2_WB = 0 
n_act = 14 
n_pre = 0 
n_ref = 0 
n_req = 816 
total_req = 816 

Dual Bus Interface Util: 
issued_total_row = 14 
issued_total_col = 816 
Row_Bus_Util =  0.000364 
CoL_Bus_Util = 0.021200 
Either_Row_CoL_Bus_Util = 0.021538 
Issued_on_Two_Bus_Simul_Util = 0.000026 
issued_two_Eff = 0.001206 
queue_avg = 0.094542 


dram_util_bins: 0 0 0 0 0 0 0 0 0 0
dram_eff_bins: 0 0 0 0 0 0 0 0 0 0
mrqq: max=11 avg=0.0945416
Memory Partition 24: 
Cache L2_bank_096:
MSHR contents

Cache L2_bank_097:
MSHR contents

Cache L2_bank_098:
MSHR contents

Cache L2_bank_099:
MSHR contents

In Dram Latency Queue (total = 0): 
DRAM[24]: 16 bks, busW=16 BL=2 CL=22, tRRD=7 tCCD=1, tRCD=22 tRAS=50 tRP=22 tRC=72
n_cmd=38491 n_nop=37655 n_act=14 n_pre=0 n_ref_event=0 n_req=824 n_rd=824 n_rd_L2_A=0 n_write=0 n_wr_bk=0 bw_util=0.02141
n_activity=4963 dram_eff=0.166
bk0: 0a 38491i bk1: 0a 38491i bk2: 28a 38413i bk3: 28a 38392i bk4: 64a 38334i bk5: 64a 38311i bk6: 64a 38332i bk7: 64a 38310i bk8: 64a 38307i bk9: 64a 38284i bk10: 64a 38326i bk11: 64a 38329i bk12: 64a 38325i bk13: 64a 38319i bk14: 64a 38327i bk15: 64a 38322i 

------------------------------------------------------------------------

Row_Buffer_Locality = 0.983010
Row_Buffer_Locality_read = 0.983010
Row_Buffer_Locality_write = -nan
Bank_Level_Parallism = 1.110025
Bank_Level_Parallism_Col = 1.108972
Bank_Level_Parallism_Ready = 1.035194
write_to_read_ratio_blp_rw_average = 0.000000
GrpLevelPara = 1.067926 

BW Util details:
bwutil = 0.021408 
total_CMD = 38491 
util_bw = 824 
Wasted_Col = 1939 
Wasted_Row = 0 
Idle = 35728 

BW Util Bottlenecks: 
RCDc_limit = 281 
RCDWRc_limit = 0 
WTRc_limit = 0 
RTWc_limit = 0 
CCDLc_limit = 1859 
rwq = 0 
CCDLc_limit_alone = 1859 
WTRc_limit_alone = 0 
RTWc_limit_alone = 0 

Commands details: 
total_CMD = 38491 
n_nop = 37655 
Read = 824 
Write = 0 
L2_Alloc = 0 
L2_WB = 0 
n_act = 14 
n_pre = 0 
n_ref = 0 
n_req = 824 
total_req = 824 

Dual Bus Interface Util: 
issued_total_row = 14 
issued_total_col = 824 
Row_Bus_Util =  0.000364 
CoL_Bus_Util = 0.021408 
Either_Row_CoL_Bus_Util = 0.021719 
Issued_on_Two_Bus_Simul_Util = 0.000052 
issued_two_Eff = 0.002392 
queue_avg = 0.079837 


dram_util_bins: 0 0 0 0 0 0 0 0 0 0
dram_eff_bins: 0 0 0 0 0 0 0 0 0 0
mrqq: max=7 avg=0.0798368
Memory Partition 25: 
Cache L2_bank_100:
MSHR contents

Cache L2_bank_101:
MSHR contents

Cache L2_bank_102:
MSHR contents

Cache L2_bank_103:
MSHR contents

In Dram Latency Queue (total = 0): 
DRAM[25]: 16 bks, busW=16 BL=2 CL=22, tRRD=7 tCCD=1, tRCD=22 tRAS=50 tRP=22 tRC=72
n_cmd=38491 n_nop=37656 n_act=14 n_pre=0 n_ref_event=0 n_req=824 n_rd=824 n_rd_L2_A=0 n_write=0 n_wr_bk=0 bw_util=0.02141
n_activity=4609 dram_eff=0.1788
bk0: 0a 38491i bk1: 0a 38491i bk2: 28a 38376i bk3: 28a 38405i bk4: 64a 38308i bk5: 64a 38283i bk6: 64a 38247i bk7: 64a 38275i bk8: 64a 38276i bk9: 64a 38247i bk10: 64a 38282i bk11: 64a 38329i bk12: 64a 38328i bk13: 64a 38256i bk14: 64a 38326i bk15: 64a 38328i 

------------------------------------------------------------------------

Row_Buffer_Locality = 0.983010
Row_Buffer_Locality_read = 0.983010
Row_Buffer_Locality_write = -nan
Bank_Level_Parallism = 1.340101
Bank_Level_Parallism_Col = 1.338950
Bank_Level_Parallism_Ready = 1.137136
write_to_read_ratio_blp_rw_average = 0.000000
GrpLevelPara = 1.187696 

BW Util details:
bwutil = 0.021408 
total_CMD = 38491 
util_bw = 824 
Wasted_Col = 1737 
Wasted_Row = 0 
Idle = 35930 

BW Util Bottlenecks: 
RCDc_limit = 275 
RCDWRc_limit = 0 
WTRc_limit = 0 
RTWc_limit = 0 
CCDLc_limit = 1933 
rwq = 0 
CCDLc_limit_alone = 1933 
WTRc_limit_alone = 0 
RTWc_limit_alone = 0 

Commands details: 
total_CMD = 38491 
n_nop = 37656 
Read = 824 
Write = 0 
L2_Alloc = 0 
L2_WB = 0 
n_act = 14 
n_pre = 0 
n_ref = 0 
n_req = 824 
total_req = 824 

Dual Bus Interface Util: 
issued_total_row = 14 
issued_total_col = 824 
Row_Bus_Util =  0.000364 
CoL_Bus_Util = 0.021408 
Either_Row_CoL_Bus_Util = 0.021693 
Issued_on_Two_Bus_Simul_Util = 0.000078 
issued_two_Eff = 0.003593 
queue_avg = 0.105635 


dram_util_bins: 0 0 0 0 0 0 0 0 0 0
dram_eff_bins: 0 0 0 0 0 0 0 0 0 0
mrqq: max=14 avg=0.105635
Memory Partition 26: 
Cache L2_bank_104:
MSHR contents

Cache L2_bank_105:
MSHR contents

Cache L2_bank_106:
MSHR contents

Cache L2_bank_107:
MSHR contents

In Dram Latency Queue (total = 0): 
DRAM[26]: 16 bks, busW=16 BL=2 CL=22, tRRD=7 tCCD=1, tRCD=22 tRAS=50 tRP=22 tRC=72
n_cmd=38491 n_nop=37655 n_act=14 n_pre=0 n_ref_event=0 n_req=824 n_rd=824 n_rd_L2_A=0 n_write=0 n_wr_bk=0 bw_util=0.02141
n_activity=4986 dram_eff=0.1653
bk0: 0a 38491i bk1: 0a 38491i bk2: 28a 38404i bk3: 28a 38404i bk4: 64a 38303i bk5: 64a 38301i bk6: 64a 38323i bk7: 64a 38288i bk8: 64a 38266i bk9: 64a 38297i bk10: 64a 38318i bk11: 64a 38323i bk12: 64a 38301i bk13: 64a 38300i bk14: 64a 38326i bk15: 64a 38291i 

------------------------------------------------------------------------

Row_Buffer_Locality = 0.983010
Row_Buffer_Locality_read = 0.983010
Row_Buffer_Locality_write = -nan
Bank_Level_Parallism = 1.178623
Bank_Level_Parallism_Col = 1.178675
Bank_Level_Parallism_Ready = 1.075243
write_to_read_ratio_blp_rw_average = 0.000000
GrpLevelPara = 1.108079 

BW Util details:
bwutil = 0.021408 
total_CMD = 38491 
util_bw = 824 
Wasted_Col = 1936 
Wasted_Row = 0 
Idle = 35731 

BW Util Bottlenecks: 
RCDc_limit = 280 
RCDWRc_limit = 0 
WTRc_limit = 0 
RTWc_limit = 0 
CCDLc_limit = 1922 
rwq = 0 
CCDLc_limit_alone = 1922 
WTRc_limit_alone = 0 
RTWc_limit_alone = 0 

Commands details: 
total_CMD = 38491 
n_nop = 37655 
Read = 824 
Write = 0 
L2_Alloc = 0 
L2_WB = 0 
n_act = 14 
n_pre = 0 
n_ref = 0 
n_req = 824 
total_req = 824 

Dual Bus Interface Util: 
issued_total_row = 14 
issued_total_col = 824 
Row_Bus_Util =  0.000364 
CoL_Bus_Util = 0.021408 
Either_Row_CoL_Bus_Util = 0.021719 
Issued_on_Two_Bus_Simul_Util = 0.000052 
issued_two_Eff = 0.002392 
queue_avg = 0.101894 


dram_util_bins: 0 0 0 0 0 0 0 0 0 0
dram_eff_bins: 0 0 0 0 0 0 0 0 0 0
mrqq: max=8 avg=0.101894
Memory Partition 27: 
Cache L2_bank_108:
MSHR contents

Cache L2_bank_109:
MSHR contents

Cache L2_bank_110:
MSHR contents

Cache L2_bank_111:
MSHR contents

In Dram Latency Queue (total = 0): 
DRAM[27]: 16 bks, busW=16 BL=2 CL=22, tRRD=7 tCCD=1, tRCD=22 tRAS=50 tRP=22 tRC=72
n_cmd=38491 n_nop=37653 n_act=14 n_pre=0 n_ref_event=0 n_req=824 n_rd=824 n_rd_L2_A=0 n_write=0 n_wr_bk=0 bw_util=0.02141
n_activity=5042 dram_eff=0.1634
bk0: 0a 38491i bk1: 0a 38491i bk2: 28a 38368i bk3: 28a 38389i bk4: 64a 38301i bk5: 64a 38325i bk6: 64a 38309i bk7: 64a 38279i bk8: 64a 38250i bk9: 64a 38304i bk10: 64a 38332i bk11: 64a 38326i bk12: 64a 38329i bk13: 64a 38329i bk14: 64a 38301i bk15: 64a 38313i 

------------------------------------------------------------------------

Row_Buffer_Locality = 0.983010
Row_Buffer_Locality_read = 0.983010
Row_Buffer_Locality_write = -nan
Bank_Level_Parallism = 1.187477
Bank_Level_Parallism_Col = 1.187569
Bank_Level_Parallism_Ready = 1.083738
write_to_read_ratio_blp_rw_average = 0.000000
GrpLevelPara = 1.102979 

BW Util details:
bwutil = 0.021408 
total_CMD = 38491 
util_bw = 824 
Wasted_Col = 1907 
Wasted_Row = 0 
Idle = 35760 

BW Util Bottlenecks: 
RCDc_limit = 288 
RCDWRc_limit = 0 
WTRc_limit = 0 
RTWc_limit = 0 
CCDLc_limit = 1912 
rwq = 0 
CCDLc_limit_alone = 1912 
WTRc_limit_alone = 0 
RTWc_limit_alone = 0 

Commands details: 
total_CMD = 38491 
n_nop = 37653 
Read = 824 
Write = 0 
L2_Alloc = 0 
L2_WB = 0 
n_act = 14 
n_pre = 0 
n_ref = 0 
n_req = 824 
total_req = 824 

Dual Bus Interface Util: 
issued_total_row = 14 
issued_total_col = 824 
Row_Bus_Util =  0.000364 
CoL_Bus_Util = 0.021408 
Either_Row_CoL_Bus_Util = 0.021771 
Issued_on_Two_Bus_Simul_Util = 0.000000 
issued_two_Eff = 0.000000 
queue_avg = 0.092645 


dram_util_bins: 0 0 0 0 0 0 0 0 0 0
dram_eff_bins: 0 0 0 0 0 0 0 0 0 0
mrqq: max=7 avg=0.092645
Memory Partition 28: 
Cache L2_bank_112:
MSHR contents

Cache L2_bank_113:
MSHR contents

Cache L2_bank_114:
MSHR contents

Cache L2_bank_115:
MSHR contents

In Dram Latency Queue (total = 0): 
DRAM[28]: 16 bks, busW=16 BL=2 CL=22, tRRD=7 tCCD=1, tRCD=22 tRAS=50 tRP=22 tRC=72
n_cmd=38491 n_nop=37655 n_act=14 n_pre=0 n_ref_event=0 n_req=824 n_rd=824 n_rd_L2_A=0 n_write=0 n_wr_bk=0 bw_util=0.02141
n_activity=4954 dram_eff=0.1663
bk0: 0a 38491i bk1: 0a 38491i bk2: 28a 38412i bk3: 28a 38409i bk4: 64a 38332i bk5: 64a 38302i bk6: 64a 38330i bk7: 64a 38304i bk8: 64a 38303i bk9: 64a 38271i bk10: 64a 38326i bk11: 64a 38330i bk12: 64a 38328i bk13: 64a 38319i bk14: 64a 38327i bk15: 64a 38324i 

------------------------------------------------------------------------

Row_Buffer_Locality = 0.983010
Row_Buffer_Locality_read = 0.983010
Row_Buffer_Locality_write = -nan
Bank_Level_Parallism = 1.117114
Bank_Level_Parallism_Col = 1.116084
Bank_Level_Parallism_Ready = 1.040049
write_to_read_ratio_blp_rw_average = 0.000000
GrpLevelPara = 1.069869 

BW Util details:
bwutil = 0.021408 
total_CMD = 38491 
util_bw = 824 
Wasted_Col = 1934 
Wasted_Row = 0 
Idle = 35733 

BW Util Bottlenecks: 
RCDc_limit = 280 
RCDWRc_limit = 0 
WTRc_limit = 0 
RTWc_limit = 0 
CCDLc_limit = 1868 
rwq = 0 
CCDLc_limit_alone = 1868 
WTRc_limit_alone = 0 
RTWc_limit_alone = 0 

Commands details: 
total_CMD = 38491 
n_nop = 37655 
Read = 824 
Write = 0 
L2_Alloc = 0 
L2_WB = 0 
n_act = 14 
n_pre = 0 
n_ref = 0 
n_req = 824 
total_req = 824 

Dual Bus Interface Util: 
issued_total_row = 14 
issued_total_col = 824 
Row_Bus_Util =  0.000364 
CoL_Bus_Util = 0.021408 
Either_Row_CoL_Bus_Util = 0.021719 
Issued_on_Two_Bus_Simul_Util = 0.000052 
issued_two_Eff = 0.002392 
queue_avg = 0.080538 


dram_util_bins: 0 0 0 0 0 0 0 0 0 0
dram_eff_bins: 0 0 0 0 0 0 0 0 0 0
mrqq: max=7 avg=0.0805383
Memory Partition 29: 
Cache L2_bank_116:
MSHR contents

Cache L2_bank_117:
MSHR contents

Cache L2_bank_118:
MSHR contents

Cache L2_bank_119:
MSHR contents

In Dram Latency Queue (total = 0): 
DRAM[29]: 16 bks, busW=16 BL=2 CL=22, tRRD=7 tCCD=1, tRCD=22 tRAS=50 tRP=22 tRC=72
n_cmd=38491 n_nop=37656 n_act=14 n_pre=0 n_ref_event=0 n_req=824 n_rd=824 n_rd_L2_A=0 n_write=0 n_wr_bk=0 bw_util=0.02141
n_activity=4606 dram_eff=0.1789
bk0: 0a 38491i bk1: 0a 38491i bk2: 28a 38372i bk3: 28a 38404i bk4: 64a 38306i bk5: 64a 38277i bk6: 64a 38255i bk7: 64a 38272i bk8: 64a 38272i bk9: 64a 38185i bk10: 64a 38278i bk11: 64a 38330i bk12: 64a 38324i bk13: 64a 38322i bk14: 64a 38327i bk15: 64a 38329i 

------------------------------------------------------------------------

Row_Buffer_Locality = 0.983010
Row_Buffer_Locality_read = 0.983010
Row_Buffer_Locality_write = -nan
Bank_Level_Parallism = 1.349393
Bank_Level_Parallism_Col = 1.348664
Bank_Level_Parallism_Ready = 1.140777
write_to_read_ratio_blp_rw_average = 0.000000
GrpLevelPara = 1.192610 

BW Util details:
bwutil = 0.021408 
total_CMD = 38491 
util_bw = 824 
Wasted_Col = 1729 
Wasted_Row = 0 
Idle = 35938 

BW Util Bottlenecks: 
RCDc_limit = 275 
RCDWRc_limit = 0 
WTRc_limit = 0 
RTWc_limit = 0 
CCDLc_limit = 1935 
rwq = 0 
CCDLc_limit_alone = 1935 
WTRc_limit_alone = 0 
RTWc_limit_alone = 0 

Commands details: 
total_CMD = 38491 
n_nop = 37656 
Read = 824 
Write = 0 
L2_Alloc = 0 
L2_WB = 0 
n_act = 14 
n_pre = 0 
n_ref = 0 
n_req = 824 
total_req = 824 

Dual Bus Interface Util: 
issued_total_row = 14 
issued_total_col = 824 
Row_Bus_Util =  0.000364 
CoL_Bus_Util = 0.021408 
Either_Row_CoL_Bus_Util = 0.021693 
Issued_on_Two_Bus_Simul_Util = 0.000078 
issued_two_Eff = 0.003593 
queue_avg = 0.107272 


dram_util_bins: 0 0 0 0 0 0 0 0 0 0
dram_eff_bins: 0 0 0 0 0 0 0 0 0 0
mrqq: max=15 avg=0.107272
Memory Partition 30: 
Cache L2_bank_120:
MSHR contents

Cache L2_bank_121:
MSHR contents

Cache L2_bank_122:
MSHR contents

Cache L2_bank_123:
MSHR contents

In Dram Latency Queue (total = 0): 
DRAM[30]: 16 bks, busW=16 BL=2 CL=22, tRRD=7 tCCD=1, tRCD=22 tRAS=50 tRP=22 tRC=72
n_cmd=38491 n_nop=37655 n_act=14 n_pre=0 n_ref_event=0 n_req=824 n_rd=824 n_rd_L2_A=0 n_write=0 n_wr_bk=0 bw_util=0.02141
n_activity=4991 dram_eff=0.1651
bk0: 0a 38491i bk1: 0a 38491i bk2: 28a 38408i bk3: 28a 38403i bk4: 64a 38302i bk5: 64a 38304i bk6: 64a 38322i bk7: 64a 38308i bk8: 64a 38265i bk9: 64a 38298i bk10: 64a 38318i bk11: 64a 38325i bk12: 64a 38294i bk13: 64a 38302i bk14: 64a 38321i bk15: 64a 38289i 

------------------------------------------------------------------------

Row_Buffer_Locality = 0.983010
Row_Buffer_Locality_read = 0.983010
Row_Buffer_Locality_write = -nan
Bank_Level_Parallism = 1.175681
Bank_Level_Parallism_Col = 1.175292
Bank_Level_Parallism_Ready = 1.072816
write_to_read_ratio_blp_rw_average = 0.000000
GrpLevelPara = 1.102405 

BW Util details:
bwutil = 0.021408 
total_CMD = 38491 
util_bw = 824 
Wasted_Col = 1931 
Wasted_Row = 0 
Idle = 35736 

BW Util Bottlenecks: 
RCDc_limit = 277 
RCDWRc_limit = 0 
WTRc_limit = 0 
RTWc_limit = 0 
CCDLc_limit = 1917 
rwq = 0 
CCDLc_limit_alone = 1917 
WTRc_limit_alone = 0 
RTWc_limit_alone = 0 

Commands details: 
total_CMD = 38491 
n_nop = 37655 
Read = 824 
Write = 0 
L2_Alloc = 0 
L2_WB = 0 
n_act = 14 
n_pre = 0 
n_ref = 0 
n_req = 824 
total_req = 824 

Dual Bus Interface Util: 
issued_total_row = 14 
issued_total_col = 824 
Row_Bus_Util =  0.000364 
CoL_Bus_Util = 0.021408 
Either_Row_CoL_Bus_Util = 0.021719 
Issued_on_Two_Bus_Simul_Util = 0.000052 
issued_two_Eff = 0.002392 
queue_avg = 0.099997 


dram_util_bins: 0 0 0 0 0 0 0 0 0 0
dram_eff_bins: 0 0 0 0 0 0 0 0 0 0
mrqq: max=8 avg=0.0999974
Memory Partition 31: 
Cache L2_bank_124:
MSHR contents

Cache L2_bank_125:
MSHR contents

Cache L2_bank_126:
MSHR contents

Cache L2_bank_127:
MSHR contents

In Dram Latency Queue (total = 0): 
DRAM[31]: 16 bks, busW=16 BL=2 CL=22, tRRD=7 tCCD=1, tRCD=22 tRAS=50 tRP=22 tRC=72
n_cmd=38491 n_nop=37654 n_act=14 n_pre=0 n_ref_event=0 n_req=824 n_rd=824 n_rd_L2_A=0 n_write=0 n_wr_bk=0 bw_util=0.02141
n_activity=5048 dram_eff=0.1632
bk0: 0a 38491i bk1: 0a 38491i bk2: 28a 38366i bk3: 28a 38390i bk4: 64a 38295i bk5: 64a 38326i bk6: 64a 38308i bk7: 64a 38276i bk8: 64a 38247i bk9: 64a 38313i bk10: 64a 38328i bk11: 64a 38326i bk12: 64a 38329i bk13: 64a 38329i bk14: 64a 38300i bk15: 64a 38319i 

------------------------------------------------------------------------

Row_Buffer_Locality = 0.983010
Row_Buffer_Locality_read = 0.983010
Row_Buffer_Locality_write = -nan
Bank_Level_Parallism = 1.191630
Bank_Level_Parallism_Col = 1.191301
Bank_Level_Parallism_Ready = 1.086165
write_to_read_ratio_blp_rw_average = 0.000000
GrpLevelPara = 1.103207 

BW Util details:
bwutil = 0.021408 
total_CMD = 38491 
util_bw = 824 
Wasted_Col = 1900 
Wasted_Row = 0 
Idle = 35767 

BW Util Bottlenecks: 
RCDc_limit = 287 
RCDWRc_limit = 0 
WTRc_limit = 0 
RTWc_limit = 0 
CCDLc_limit = 1909 
rwq = 0 
CCDLc_limit_alone = 1909 
WTRc_limit_alone = 0 
RTWc_limit_alone = 0 

Commands details: 
total_CMD = 38491 
n_nop = 37654 
Read = 824 
Write = 0 
L2_Alloc = 0 
L2_WB = 0 
n_act = 14 
n_pre = 0 
n_ref = 0 
n_req = 824 
total_req = 824 

Dual Bus Interface Util: 
issued_total_row = 14 
issued_total_col = 824 
Row_Bus_Util =  0.000364 
CoL_Bus_Util = 0.021408 
Either_Row_CoL_Bus_Util = 0.021745 
Issued_on_Two_Bus_Simul_Util = 0.000026 
issued_two_Eff = 0.001195 
queue_avg = 0.091996 


dram_util_bins: 0 0 0 0 0 0 0 0 0 0
dram_eff_bins: 0 0 0 0 0 0 0 0 0 0
mrqq: max=8 avg=0.0919955
Memory Partition 32: 
Cache L2_bank_128:
MSHR contents

Cache L2_bank_129:
MSHR contents

Cache L2_bank_130:
MSHR contents

Cache L2_bank_131:
MSHR contents

In Dram Latency Queue (total = 0): 
DRAM[32]: 16 bks, busW=16 BL=2 CL=22, tRRD=7 tCCD=1, tRCD=22 tRAS=50 tRP=22 tRC=72
n_cmd=38491 n_nop=37657 n_act=14 n_pre=0 n_ref_event=0 n_req=824 n_rd=824 n_rd_L2_A=0 n_write=0 n_wr_bk=0 bw_util=0.02141
n_activity=4816 dram_eff=0.1711
bk0: 0a 38491i bk1: 0a 38491i bk2: 28a 38405i bk3: 28a 38398i bk4: 64a 38328i bk5: 64a 38315i bk6: 64a 38332i bk7: 64a 38257i bk8: 64a 38317i bk9: 64a 38248i bk10: 64a 38332i bk11: 64a 38326i bk12: 64a 38326i bk13: 64a 38320i bk14: 64a 38324i bk15: 64a 38326i 

------------------------------------------------------------------------

Row_Buffer_Locality = 0.983010
Row_Buffer_Locality_read = 0.983010
Row_Buffer_Locality_write = -nan
Bank_Level_Parallism = 1.136249
Bank_Level_Parallism_Col = 1.134880
Bank_Level_Parallism_Ready = 1.059466
write_to_read_ratio_blp_rw_average = 0.000000
GrpLevelPara = 1.064177 

BW Util details:
bwutil = 0.021408 
total_CMD = 38491 
util_bw = 824 
Wasted_Col = 1943 
Wasted_Row = 0 
Idle = 35724 

BW Util Bottlenecks: 
RCDc_limit = 279 
RCDWRc_limit = 0 
WTRc_limit = 0 
RTWc_limit = 0 
CCDLc_limit = 1924 
rwq = 0 
CCDLc_limit_alone = 1924 
WTRc_limit_alone = 0 
RTWc_limit_alone = 0 

Commands details: 
total_CMD = 38491 
n_nop = 37657 
Read = 824 
Write = 0 
L2_Alloc = 0 
L2_WB = 0 
n_act = 14 
n_pre = 0 
n_ref = 0 
n_req = 824 
total_req = 824 

Dual Bus Interface Util: 
issued_total_row = 14 
issued_total_col = 824 
Row_Bus_Util =  0.000364 
CoL_Bus_Util = 0.021408 
Either_Row_CoL_Bus_Util = 0.021667 
Issued_on_Two_Bus_Simul_Util = 0.000104 
issued_two_Eff = 0.004796 
queue_avg = 0.081084 


dram_util_bins: 0 0 0 0 0 0 0 0 0 0
dram_eff_bins: 0 0 0 0 0 0 0 0 0 0
mrqq: max=9 avg=0.0810839
Memory Partition 33: 
Cache L2_bank_132:
MSHR contents

Cache L2_bank_133:
MSHR contents

Cache L2_bank_134:
MSHR contents

Cache L2_bank_135:
MSHR contents

In Dram Latency Queue (total = 0): 
DRAM[33]: 16 bks, busW=16 BL=2 CL=22, tRRD=7 tCCD=1, tRCD=22 tRAS=50 tRP=22 tRC=72
n_cmd=38491 n_nop=37653 n_act=14 n_pre=0 n_ref_event=0 n_req=824 n_rd=824 n_rd_L2_A=0 n_write=0 n_wr_bk=0 bw_util=0.02141
n_activity=4700 dram_eff=0.1753
bk0: 0a 38491i bk1: 0a 38491i bk2: 28a 38386i bk3: 28a 38408i bk4: 64a 38307i bk5: 64a 38284i bk6: 64a 38269i bk7: 64a 38289i bk8: 64a 38289i bk9: 64a 38260i bk10: 64a 38301i bk11: 64a 38325i bk12: 64a 38327i bk13: 64a 38310i bk14: 64a 38325i bk15: 64a 38323i 

------------------------------------------------------------------------

Row_Buffer_Locality = 0.983010
Row_Buffer_Locality_read = 0.983010
Row_Buffer_Locality_write = -nan
Bank_Level_Parallism = 1.255716
Bank_Level_Parallism_Col = 1.255165
Bank_Level_Parallism_Ready = 1.091019
write_to_read_ratio_blp_rw_average = 0.000000
GrpLevelPara = 1.148814 

BW Util details:
bwutil = 0.021408 
total_CMD = 38491 
util_bw = 824 
Wasted_Col = 1800 
Wasted_Row = 0 
Idle = 35867 

BW Util Bottlenecks: 
RCDc_limit = 277 
RCDWRc_limit = 0 
WTRc_limit = 0 
RTWc_limit = 0 
CCDLc_limit = 1910 
rwq = 0 
CCDLc_limit_alone = 1910 
WTRc_limit_alone = 0 
RTWc_limit_alone = 0 

Commands details: 
total_CMD = 38491 
n_nop = 37653 
Read = 824 
Write = 0 
L2_Alloc = 0 
L2_WB = 0 
n_act = 14 
n_pre = 0 
n_ref = 0 
n_req = 824 
total_req = 824 

Dual Bus Interface Util: 
issued_total_row = 14 
issued_total_col = 824 
Row_Bus_Util =  0.000364 
CoL_Bus_Util = 0.021408 
Either_Row_CoL_Bus_Util = 0.021771 
Issued_on_Two_Bus_Simul_Util = 0.000000 
issued_two_Eff = 0.000000 
queue_avg = 0.095633 


dram_util_bins: 0 0 0 0 0 0 0 0 0 0
dram_eff_bins: 0 0 0 0 0 0 0 0 0 0
mrqq: max=8 avg=0.0956327
Memory Partition 34: 
Cache L2_bank_136:
MSHR contents

Cache L2_bank_137:
MSHR contents

Cache L2_bank_138:
MSHR contents

Cache L2_bank_139:
MSHR contents

In Dram Latency Queue (total = 0): 
DRAM[34]: 16 bks, busW=16 BL=2 CL=22, tRRD=7 tCCD=1, tRCD=22 tRAS=50 tRP=22 tRC=72
n_cmd=38491 n_nop=37654 n_act=14 n_pre=0 n_ref_event=0 n_req=824 n_rd=824 n_rd_L2_A=0 n_write=0 n_wr_bk=0 bw_util=0.02141
n_activity=4777 dram_eff=0.1725
bk0: 0a 38491i bk1: 0a 38491i bk2: 28a 38407i bk3: 28a 38405i bk4: 64a 38289i bk5: 64a 38300i bk6: 64a 38327i bk7: 64a 38307i bk8: 64a 38269i bk9: 64a 38320i bk10: 64a 38321i bk11: 64a 38328i bk12: 64a 38259i bk13: 64a 38310i bk14: 64a 38322i bk15: 64a 38301i 

------------------------------------------------------------------------

Row_Buffer_Locality = 0.983010
Row_Buffer_Locality_read = 0.983010
Row_Buffer_Locality_write = -nan
Bank_Level_Parallism = 1.218620
Bank_Level_Parallism_Col = 1.217474
Bank_Level_Parallism_Ready = 1.075243
write_to_read_ratio_blp_rw_average = 0.000000
GrpLevelPara = 1.136536 

BW Util details:
bwutil = 0.021408 
total_CMD = 38491 
util_bw = 824 
Wasted_Col = 1829 
Wasted_Row = 0 
Idle = 35838 

BW Util Bottlenecks: 
RCDc_limit = 271 
RCDWRc_limit = 0 
WTRc_limit = 0 
RTWc_limit = 0 
CCDLc_limit = 1881 
rwq = 0 
CCDLc_limit_alone = 1881 
WTRc_limit_alone = 0 
RTWc_limit_alone = 0 

Commands details: 
total_CMD = 38491 
n_nop = 37654 
Read = 824 
Write = 0 
L2_Alloc = 0 
L2_WB = 0 
n_act = 14 
n_pre = 0 
n_ref = 0 
n_req = 824 
total_req = 824 

Dual Bus Interface Util: 
issued_total_row = 14 
issued_total_col = 824 
Row_Bus_Util =  0.000364 
CoL_Bus_Util = 0.021408 
Either_Row_CoL_Bus_Util = 0.021745 
Issued_on_Two_Bus_Simul_Util = 0.000026 
issued_two_Eff = 0.001195 
queue_avg = 0.097036 


dram_util_bins: 0 0 0 0 0 0 0 0 0 0
dram_eff_bins: 0 0 0 0 0 0 0 0 0 0
mrqq: max=9 avg=0.0970357
Memory Partition 35: 
Cache L2_bank_140:
MSHR contents

Cache L2_bank_141:
MSHR contents

Cache L2_bank_142:
MSHR contents

Cache L2_bank_143:
MSHR contents

In Dram Latency Queue (total = 0): 
DRAM[35]: 16 bks, busW=16 BL=2 CL=22, tRRD=7 tCCD=1, tRCD=22 tRAS=50 tRP=22 tRC=72
n_cmd=38491 n_nop=37653 n_act=14 n_pre=0 n_ref_event=0 n_req=824 n_rd=824 n_rd_L2_A=0 n_write=0 n_wr_bk=0 bw_util=0.02141
n_activity=4918 dram_eff=0.1675
bk0: 0a 38491i bk1: 0a 38491i bk2: 28a 38368i bk3: 28a 38403i bk4: 64a 38315i bk5: 64a 38317i bk6: 64a 38312i bk7: 64a 38300i bk8: 64a 38294i bk9: 64a 38320i bk10: 64a 38328i bk11: 64a 38323i bk12: 64a 38319i bk13: 64a 38318i bk14: 64a 38325i bk15: 64a 38326i 

------------------------------------------------------------------------

Row_Buffer_Locality = 0.983010
Row_Buffer_Locality_read = 0.983010
Row_Buffer_Locality_write = -nan
Bank_Level_Parallism = 1.152430
Bank_Level_Parallism_Col = 1.151941
Bank_Level_Parallism_Ready = 1.042476
write_to_read_ratio_blp_rw_average = 0.000000
GrpLevelPara = 1.121257 

BW Util details:
bwutil = 0.021408 
total_CMD = 38491 
util_bw = 824 
Wasted_Col = 1892 
Wasted_Row = 0 
Idle = 35775 

BW Util Bottlenecks: 
RCDc_limit = 292 
RCDWRc_limit = 0 
WTRc_limit = 0 
RTWc_limit = 0 
CCDLc_limit = 1808 
rwq = 0 
CCDLc_limit_alone = 1808 
WTRc_limit_alone = 0 
RTWc_limit_alone = 0 

Commands details: 
total_CMD = 38491 
n_nop = 37653 
Read = 824 
Write = 0 
L2_Alloc = 0 
L2_WB = 0 
n_act = 14 
n_pre = 0 
n_ref = 0 
n_req = 824 
total_req = 824 

Dual Bus Interface Util: 
issued_total_row = 14 
issued_total_col = 824 
Row_Bus_Util =  0.000364 
CoL_Bus_Util = 0.021408 
Either_Row_CoL_Bus_Util = 0.021771 
Issued_on_Two_Bus_Simul_Util = 0.000000 
issued_two_Eff = 0.000000 
queue_avg = 0.088852 


dram_util_bins: 0 0 0 0 0 0 0 0 0 0
dram_eff_bins: 0 0 0 0 0 0 0 0 0 0
mrqq: max=9 avg=0.0888519
Memory Partition 36: 
Cache L2_bank_144:
MSHR contents

Cache L2_bank_145:
MSHR contents

Cache L2_bank_146:
MSHR contents

Cache L2_bank_147:
MSHR contents

In Dram Latency Queue (total = 0): 
DRAM[36]: 16 bks, busW=16 BL=2 CL=22, tRRD=7 tCCD=1, tRCD=22 tRAS=50 tRP=22 tRC=72
n_cmd=38491 n_nop=37656 n_act=14 n_pre=0 n_ref_event=0 n_req=824 n_rd=824 n_rd_L2_A=0 n_write=0 n_wr_bk=0 bw_util=0.02141
n_activity=4819 dram_eff=0.171
bk0: 0a 38491i bk1: 0a 38491i bk2: 28a 38405i bk3: 28a 38399i bk4: 64a 38327i bk5: 64a 38311i bk6: 64a 38327i bk7: 64a 38270i bk8: 64a 38315i bk9: 64a 38245i bk10: 64a 38327i bk11: 64a 38325i bk12: 64a 38325i bk13: 64a 38320i bk14: 64a 38326i bk15: 64a 38328i 

------------------------------------------------------------------------

Row_Buffer_Locality = 0.983010
Row_Buffer_Locality_read = 0.983010
Row_Buffer_Locality_write = -nan
Bank_Level_Parallism = 1.131560
Bank_Level_Parallism_Col = 1.130184
Bank_Level_Parallism_Ready = 1.055825
write_to_read_ratio_blp_rw_average = 0.000000
GrpLevelPara = 1.064551 

BW Util details:
bwutil = 0.021408 
total_CMD = 38491 
util_bw = 824 
Wasted_Col = 1958 
Wasted_Row = 0 
Idle = 35709 

BW Util Bottlenecks: 
RCDc_limit = 279 
RCDWRc_limit = 0 
WTRc_limit = 0 
RTWc_limit = 0 
CCDLc_limit = 1934 
rwq = 0 
CCDLc_limit_alone = 1934 
WTRc_limit_alone = 0 
RTWc_limit_alone = 0 

Commands details: 
total_CMD = 38491 
n_nop = 37656 
Read = 824 
Write = 0 
L2_Alloc = 0 
L2_WB = 0 
n_act = 14 
n_pre = 0 
n_ref = 0 
n_req = 824 
total_req = 824 

Dual Bus Interface Util: 
issued_total_row = 14 
issued_total_col = 824 
Row_Bus_Util =  0.000364 
CoL_Bus_Util = 0.021408 
Either_Row_CoL_Bus_Util = 0.021693 
Issued_on_Two_Bus_Simul_Util = 0.000078 
issued_two_Eff = 0.003593 
queue_avg = 0.081084 


dram_util_bins: 0 0 0 0 0 0 0 0 0 0
dram_eff_bins: 0 0 0 0 0 0 0 0 0 0
mrqq: max=9 avg=0.0810839
Memory Partition 37: 
Cache L2_bank_148:
MSHR contents

Cache L2_bank_149:
MSHR contents

Cache L2_bank_150:
MSHR contents

Cache L2_bank_151:
MSHR contents

In Dram Latency Queue (total = 0): 
DRAM[37]: 16 bks, busW=16 BL=2 CL=22, tRRD=7 tCCD=1, tRCD=22 tRAS=50 tRP=22 tRC=72
n_cmd=38491 n_nop=37653 n_act=14 n_pre=0 n_ref_event=0 n_req=824 n_rd=824 n_rd_L2_A=0 n_write=0 n_wr_bk=0 bw_util=0.02141
n_activity=4702 dram_eff=0.1752
bk0: 0a 38491i bk1: 0a 38491i bk2: 28a 38380i bk3: 28a 38399i bk4: 64a 38313i bk5: 64a 38285i bk6: 64a 38278i bk7: 64a 38287i bk8: 64a 38286i bk9: 64a 38263i bk10: 64a 38302i bk11: 64a 38324i bk12: 64a 38327i bk13: 64a 38307i bk14: 64a 38327i bk15: 64a 38326i 

------------------------------------------------------------------------

Row_Buffer_Locality = 0.983010
Row_Buffer_Locality_read = 0.983010
Row_Buffer_Locality_write = -nan
Bank_Level_Parallism = 1.257252
Bank_Level_Parallism_Col = 1.256224
Bank_Level_Parallism_Ready = 1.093447
write_to_read_ratio_blp_rw_average = 0.000000
GrpLevelPara = 1.151283 

BW Util details:
bwutil = 0.021408 
total_CMD = 38491 
util_bw = 824 
Wasted_Col = 1796 
Wasted_Row = 0 
Idle = 35871 

BW Util Bottlenecks: 
RCDc_limit = 276 
RCDWRc_limit = 0 
WTRc_limit = 0 
RTWc_limit = 0 
CCDLc_limit = 1906 
rwq = 0 
CCDLc_limit_alone = 1906 
WTRc_limit_alone = 0 
RTWc_limit_alone = 0 

Commands details: 
total_CMD = 38491 
n_nop = 37653 
Read = 824 
Write = 0 
L2_Alloc = 0 
L2_WB = 0 
n_act = 14 
n_pre = 0 
n_ref = 0 
n_req = 824 
total_req = 824 

Dual Bus Interface Util: 
issued_total_row = 14 
issued_total_col = 824 
Row_Bus_Util =  0.000364 
CoL_Bus_Util = 0.021408 
Either_Row_CoL_Bus_Util = 0.021771 
Issued_on_Two_Bus_Simul_Util = 0.000000 
issued_two_Eff = 0.000000 
queue_avg = 0.096204 


dram_util_bins: 0 0 0 0 0 0 0 0 0 0
dram_eff_bins: 0 0 0 0 0 0 0 0 0 0
mrqq: max=8 avg=0.0962043
Memory Partition 38: 
Cache L2_bank_152:
MSHR contents

Cache L2_bank_153:
MSHR contents

Cache L2_bank_154:
MSHR contents

Cache L2_bank_155:
MSHR contents

In Dram Latency Queue (total = 0): 
DRAM[38]: 16 bks, busW=16 BL=2 CL=22, tRRD=7 tCCD=1, tRCD=22 tRAS=50 tRP=22 tRC=72
n_cmd=38491 n_nop=37654 n_act=14 n_pre=0 n_ref_event=0 n_req=824 n_rd=824 n_rd_L2_A=0 n_write=0 n_wr_bk=0 bw_util=0.02141
n_activity=4781 dram_eff=0.1723
bk0: 0a 38491i bk1: 0a 38491i bk2: 28a 38407i bk3: 28a 38405i bk4: 64a 38290i bk5: 64a 38303i bk6: 64a 38323i bk7: 64a 38306i bk8: 64a 38269i bk9: 64a 38323i bk10: 64a 38321i bk11: 64a 38324i bk12: 64a 38257i bk13: 64a 38311i bk14: 64a 38323i bk15: 64a 38299i 

------------------------------------------------------------------------

Row_Buffer_Locality = 0.983010
Row_Buffer_Locality_read = 0.983010
Row_Buffer_Locality_write = -nan
Bank_Level_Parallism = 1.214179
Bank_Level_Parallism_Col = 1.213022
Bank_Level_Parallism_Ready = 1.074029
write_to_read_ratio_blp_rw_average = 0.000000
GrpLevelPara = 1.130975 

BW Util details:
bwutil = 0.021408 
total_CMD = 38491 
util_bw = 824 
Wasted_Col = 1842 
Wasted_Row = 0 
Idle = 35825 

BW Util Bottlenecks: 
RCDc_limit = 269 
RCDWRc_limit = 0 
WTRc_limit = 0 
RTWc_limit = 0 
CCDLc_limit = 1888 
rwq = 0 
CCDLc_limit_alone = 1888 
WTRc_limit_alone = 0 
RTWc_limit_alone = 0 

Commands details: 
total_CMD = 38491 
n_nop = 37654 
Read = 824 
Write = 0 
L2_Alloc = 0 
L2_WB = 0 
n_act = 14 
n_pre = 0 
n_ref = 0 
n_req = 824 
total_req = 824 

Dual Bus Interface Util: 
issued_total_row = 14 
issued_total_col = 824 
Row_Bus_Util =  0.000364 
CoL_Bus_Util = 0.021408 
Either_Row_CoL_Bus_Util = 0.021745 
Issued_on_Two_Bus_Simul_Util = 0.000026 
issued_two_Eff = 0.001195 
queue_avg = 0.095009 


dram_util_bins: 0 0 0 0 0 0 0 0 0 0
dram_eff_bins: 0 0 0 0 0 0 0 0 0 0
mrqq: max=9 avg=0.0950092
Memory Partition 39: 
Cache L2_bank_156:
MSHR contents

Cache L2_bank_157:
MSHR contents

Cache L2_bank_158:
MSHR contents

Cache L2_bank_159:
MSHR contents

In Dram Latency Queue (total = 0): 
DRAM[39]: 16 bks, busW=16 BL=2 CL=22, tRRD=7 tCCD=1, tRCD=22 tRAS=50 tRP=22 tRC=72
n_cmd=38491 n_nop=37653 n_act=14 n_pre=0 n_ref_event=0 n_req=824 n_rd=824 n_rd_L2_A=0 n_write=0 n_wr_bk=0 bw_util=0.02141
n_activity=4914 dram_eff=0.1677
bk0: 0a 38491i bk1: 0a 38491i bk2: 28a 38368i bk3: 28a 38403i bk4: 64a 38318i bk5: 64a 38317i bk6: 64a 38315i bk7: 64a 38302i bk8: 64a 38299i bk9: 64a 38326i bk10: 64a 38327i bk11: 64a 38325i bk12: 64a 38319i bk13: 64a 38319i bk14: 64a 38331i bk15: 64a 38329i 

------------------------------------------------------------------------

Row_Buffer_Locality = 0.983010
Row_Buffer_Locality_read = 0.983010
Row_Buffer_Locality_write = -nan
Bank_Level_Parallism = 1.148999
Bank_Level_Parallism_Col = 1.148493
Bank_Level_Parallism_Ready = 1.041262
write_to_read_ratio_blp_rw_average = 0.000000
GrpLevelPara = 1.117603 

BW Util details:
bwutil = 0.021408 
total_CMD = 38491 
util_bw = 824 
Wasted_Col = 1874 
Wasted_Row = 0 
Idle = 35793 

BW Util Bottlenecks: 
RCDc_limit = 292 
RCDWRc_limit = 0 
WTRc_limit = 0 
RTWc_limit = 0 
CCDLc_limit = 1788 
rwq = 0 
CCDLc_limit_alone = 1788 
WTRc_limit_alone = 0 
RTWc_limit_alone = 0 

Commands details: 
total_CMD = 38491 
n_nop = 37653 
Read = 824 
Write = 0 
L2_Alloc = 0 
L2_WB = 0 
n_act = 14 
n_pre = 0 
n_ref = 0 
n_req = 824 
total_req = 824 

Dual Bus Interface Util: 
issued_total_row = 14 
issued_total_col = 824 
Row_Bus_Util =  0.000364 
CoL_Bus_Util = 0.021408 
Either_Row_CoL_Bus_Util = 0.021771 
Issued_on_Two_Bus_Simul_Util = 0.000000 
issued_two_Eff = 0.000000 
queue_avg = 0.088099 


dram_util_bins: 0 0 0 0 0 0 0 0 0 0
dram_eff_bins: 0 0 0 0 0 0 0 0 0 0
mrqq: max=9 avg=0.0880985

========= L2 cache stats =========
L2_cache_bank[0]: Access = 756, Miss = 412, Miss_rate = 0.545, Pending_hits = 237, Reservation_fails = 0
L2_cache_bank[1]: Access = 756, Miss = 412, Miss_rate = 0.545, Pending_hits = 230, Reservation_fails = 0
L2_cache_bank[2]: Access = 880, Miss = 408, Miss_rate = 0.464, Pending_hits = 307, Reservation_fails = 0
L2_cache_bank[3]: Access = 880, Miss = 408, Miss_rate = 0.464, Pending_hits = 304, Reservation_fails = 0
L2_cache_bank[4]: Access = 756, Miss = 412, Miss_rate = 0.545, Pending_hits = 218, Reservation_fails = 0
L2_cache_bank[5]: Access = 756, Miss = 412, Miss_rate = 0.545, Pending_hits = 186, Reservation_fails = 0
L2_cache_bank[6]: Access = 880, Miss = 408, Miss_rate = 0.464, Pending_hits = 258, Reservation_fails = 0
L2_cache_bank[7]: Access = 880, Miss = 408, Miss_rate = 0.464, Pending_hits = 266, Reservation_fails = 0
L2_cache_bank[8]: Access = 756, Miss = 412, Miss_rate = 0.545, Pending_hits = 179, Reservation_fails = 0
L2_cache_bank[9]: Access = 756, Miss = 412, Miss_rate = 0.545, Pending_hits = 134, Reservation_fails = 0
L2_cache_bank[10]: Access = 880, Miss = 408, Miss_rate = 0.464, Pending_hits = 337, Reservation_fails = 0
L2_cache_bank[11]: Access = 880, Miss = 408, Miss_rate = 0.464, Pending_hits = 299, Reservation_fails = 0
L2_cache_bank[12]: Access = 756, Miss = 412, Miss_rate = 0.545, Pending_hits = 136, Reservation_fails = 0
L2_cache_bank[13]: Access = 756, Miss = 412, Miss_rate = 0.545, Pending_hits = 133, Reservation_fails = 0
L2_cache_bank[14]: Access = 880, Miss = 408, Miss_rate = 0.464, Pending_hits = 292, Reservation_fails = 0
L2_cache_bank[15]: Access = 880, Miss = 408, Miss_rate = 0.464, Pending_hits = 309, Reservation_fails = 0
L2_cache_bank[16]: Access = 756, Miss = 412, Miss_rate = 0.545, Pending_hits = 237, Reservation_fails = 0
L2_cache_bank[17]: Access = 756, Miss = 412, Miss_rate = 0.545, Pending_hits = 230, Reservation_fails = 0
L2_cache_bank[18]: Access = 880, Miss = 408, Miss_rate = 0.464, Pending_hits = 306, Reservation_fails = 0
L2_cache_bank[19]: Access = 880, Miss = 408, Miss_rate = 0.464, Pending_hits = 304, Reservation_fails = 0
L2_cache_bank[20]: Access = 756, Miss = 412, Miss_rate = 0.545, Pending_hits = 217, Reservation_fails = 0
L2_cache_bank[21]: Access = 756, Miss = 412, Miss_rate = 0.545, Pending_hits = 188, Reservation_fails = 0
L2_cache_bank[22]: Access = 880, Miss = 408, Miss_rate = 0.464, Pending_hits = 258, Reservation_fails = 0
L2_cache_bank[23]: Access = 880, Miss = 408, Miss_rate = 0.464, Pending_hits = 265, Reservation_fails = 0
L2_cache_bank[24]: Access = 756, Miss = 412, Miss_rate = 0.545, Pending_hits = 179, Reservation_fails = 0
L2_cache_bank[25]: Access = 756, Miss = 412, Miss_rate = 0.545, Pending_hits = 136, Reservation_fails = 0
L2_cache_bank[26]: Access = 880, Miss = 408, Miss_rate = 0.464, Pending_hits = 337, Reservation_fails = 0
L2_cache_bank[27]: Access = 880, Miss = 408, Miss_rate = 0.464, Pending_hits = 300, Reservation_fails = 0
L2_cache_bank[28]: Access = 756, Miss = 412, Miss_rate = 0.545, Pending_hits = 136, Reservation_fails = 0
L2_cache_bank[29]: Access = 756, Miss = 412, Miss_rate = 0.545, Pending_hits = 133, Reservation_fails = 0
L2_cache_bank[30]: Access = 880, Miss = 408, Miss_rate = 0.464, Pending_hits = 291, Reservation_fails = 0
L2_cache_bank[31]: Access = 880, Miss = 408, Miss_rate = 0.464, Pending_hits = 307, Reservation_fails = 0
L2_cache_bank[32]: Access = 756, Miss = 412, Miss_rate = 0.545, Pending_hits = 237, Reservation_fails = 0
L2_cache_bank[33]: Access = 756, Miss = 412, Miss_rate = 0.545, Pending_hits = 239, Reservation_fails = 0
L2_cache_bank[34]: Access = 880, Miss = 408, Miss_rate = 0.464, Pending_hits = 303, Reservation_fails = 0
L2_cache_bank[35]: Access = 880, Miss = 408, Miss_rate = 0.464, Pending_hits = 304, Reservation_fails = 0
L2_cache_bank[36]: Access = 756, Miss = 412, Miss_rate = 0.545, Pending_hits = 214, Reservation_fails = 0
L2_cache_bank[37]: Access = 756, Miss = 412, Miss_rate = 0.545, Pending_hits = 192, Reservation_fails = 0
L2_cache_bank[38]: Access = 880, Miss = 408, Miss_rate = 0.464, Pending_hits = 270, Reservation_fails = 0
L2_cache_bank[39]: Access = 880, Miss = 408, Miss_rate = 0.464, Pending_hits = 260, Reservation_fails = 0
L2_cache_bank[40]: Access = 756, Miss = 412, Miss_rate = 0.545, Pending_hits = 177, Reservation_fails = 0
L2_cache_bank[41]: Access = 756, Miss = 412, Miss_rate = 0.545, Pending_hits = 149, Reservation_fails = 0
L2_cache_bank[42]: Access = 880, Miss = 408, Miss_rate = 0.464, Pending_hits = 312, Reservation_fails = 0
L2_cache_bank[43]: Access = 880, Miss = 408, Miss_rate = 0.464, Pending_hits = 293, Reservation_fails = 0
L2_cache_bank[44]: Access = 756, Miss = 412, Miss_rate = 0.545, Pending_hits = 139, Reservation_fails = 0
L2_cache_bank[45]: Access = 756, Miss = 412, Miss_rate = 0.545, Pending_hits = 128, Reservation_fails = 0
L2_cache_bank[46]: Access = 880, Miss = 408, Miss_rate = 0.464, Pending_hits = 291, Reservation_fails = 0
L2_cache_bank[47]: Access = 880, Miss = 408, Miss_rate = 0.464, Pending_hits = 297, Reservation_fails = 0
L2_cache_bank[48]: Access = 756, Miss = 412, Miss_rate = 0.545, Pending_hits = 237, Reservation_fails = 0
L2_cache_bank[49]: Access = 756, Miss = 412, Miss_rate = 0.545, Pending_hits = 241, Reservation_fails = 0
L2_cache_bank[50]: Access = 880, Miss = 408, Miss_rate = 0.464, Pending_hits = 304, Reservation_fails = 0
L2_cache_bank[51]: Access = 880, Miss = 408, Miss_rate = 0.464, Pending_hits = 304, Reservation_fails = 0
L2_cache_bank[52]: Access = 756, Miss = 412, Miss_rate = 0.545, Pending_hits = 214, Reservation_fails = 0
L2_cache_bank[53]: Access = 756, Miss = 412, Miss_rate = 0.545, Pending_hits = 192, Reservation_fails = 0
L2_cache_bank[54]: Access = 880, Miss = 408, Miss_rate = 0.464, Pending_hits = 270, Reservation_fails = 0
L2_cache_bank[55]: Access = 880, Miss = 408, Miss_rate = 0.464, Pending_hits = 261, Reservation_fails = 0
L2_cache_bank[56]: Access = 756, Miss = 412, Miss_rate = 0.545, Pending_hits = 178, Reservation_fails = 0
L2_cache_bank[57]: Access = 756, Miss = 412, Miss_rate = 0.545, Pending_hits = 150, Reservation_fails = 0
L2_cache_bank[58]: Access = 880, Miss = 408, Miss_rate = 0.464, Pending_hits = 312, Reservation_fails = 0
L2_cache_bank[59]: Access = 880, Miss = 408, Miss_rate = 0.464, Pending_hits = 294, Reservation_fails = 0
L2_cache_bank[60]: Access = 756, Miss = 412, Miss_rate = 0.545, Pending_hits = 139, Reservation_fails = 0
L2_cache_bank[61]: Access = 756, Miss = 412, Miss_rate = 0.545, Pending_hits = 128, Reservation_fails = 0
L2_cache_bank[62]: Access = 880, Miss = 408, Miss_rate = 0.464, Pending_hits = 289, Reservation_fails = 0
L2_cache_bank[63]: Access = 880, Miss = 408, Miss_rate = 0.464, Pending_hits = 298, Reservation_fails = 0
L2_cache_bank[64]: Access = 752, Miss = 408, Miss_rate = 0.543, Pending_hits = 228, Reservation_fails = 0
L2_cache_bank[65]: Access = 752, Miss = 408, Miss_rate = 0.543, Pending_hits = 229, Reservation_fails = 0
L2_cache_bank[66]: Access = 880, Miss = 408, Miss_rate = 0.464, Pending_hits = 287, Reservation_fails = 0
L2_cache_bank[67]: Access = 880, Miss = 408, Miss_rate = 0.464, Pending_hits = 296, Reservation_fails = 0
L2_cache_bank[68]: Access = 752, Miss = 408, Miss_rate = 0.543, Pending_hits = 212, Reservation_fails = 0
L2_cache_bank[69]: Access = 752, Miss = 408, Miss_rate = 0.543, Pending_hits = 187, Reservation_fails = 0
L2_cache_bank[70]: Access = 880, Miss = 408, Miss_rate = 0.464, Pending_hits = 291, Reservation_fails = 0
L2_cache_bank[71]: Access = 880, Miss = 408, Miss_rate = 0.464, Pending_hits = 277, Reservation_fails = 0
L2_cache_bank[72]: Access = 752, Miss = 408, Miss_rate = 0.543, Pending_hits = 211, Reservation_fails = 0
L2_cache_bank[73]: Access = 752, Miss = 408, Miss_rate = 0.543, Pending_hits = 175, Reservation_fails = 0
L2_cache_bank[74]: Access = 880, Miss = 408, Miss_rate = 0.464, Pending_hits = 341, Reservation_fails = 0
L2_cache_bank[75]: Access = 880, Miss = 408, Miss_rate = 0.464, Pending_hits = 353, Reservation_fails = 0
L2_cache_bank[76]: Access = 752, Miss = 408, Miss_rate = 0.543, Pending_hits = 179, Reservation_fails = 0
L2_cache_bank[77]: Access = 752, Miss = 408, Miss_rate = 0.543, Pending_hits = 167, Reservation_fails = 0
L2_cache_bank[78]: Access = 880, Miss = 408, Miss_rate = 0.464, Pending_hits = 304, Reservation_fails = 0
L2_cache_bank[79]: Access = 880, Miss = 408, Miss_rate = 0.464, Pending_hits = 315, Reservation_fails = 0
L2_cache_bank[80]: Access = 752, Miss = 408, Miss_rate = 0.543, Pending_hits = 228, Reservation_fails = 0
L2_cache_bank[81]: Access = 752, Miss = 408, Miss_rate = 0.543, Pending_hits = 230, Reservation_fails = 0
L2_cache_bank[82]: Access = 880, Miss = 408, Miss_rate = 0.464, Pending_hits = 286, Reservation_fails = 0
L2_cache_bank[83]: Access = 880, Miss = 408, Miss_rate = 0.464, Pending_hits = 296, Reservation_fails = 0
L2_cache_bank[84]: Access = 752, Miss = 408, Miss_rate = 0.543, Pending_hits = 209, Reservation_fails = 0
L2_cache_bank[85]: Access = 752, Miss = 408, Miss_rate = 0.543, Pending_hits = 188, Reservation_fails = 0
L2_cache_bank[86]: Access = 880, Miss = 408, Miss_rate = 0.464, Pending_hits = 291, Reservation_fails = 0
L2_cache_bank[87]: Access = 880, Miss = 408, Miss_rate = 0.464, Pending_hits = 276, Reservation_fails = 0
L2_cache_bank[88]: Access = 752, Miss = 408, Miss_rate = 0.543, Pending_hits = 211, Reservation_fails = 0
L2_cache_bank[89]: Access = 752, Miss = 408, Miss_rate = 0.543, Pending_hits = 175, Reservation_fails = 0
L2_cache_bank[90]: Access = 880, Miss = 408, Miss_rate = 0.464, Pending_hits = 341, Reservation_fails = 0
L2_cache_bank[91]: Access = 880, Miss = 408, Miss_rate = 0.464, Pending_hits = 353, Reservation_fails = 0
L2_cache_bank[92]: Access = 752, Miss = 408, Miss_rate = 0.543, Pending_hits = 179, Reservation_fails = 0
L2_cache_bank[93]: Access = 752, Miss = 408, Miss_rate = 0.543, Pending_hits = 167, Reservation_fails = 0
L2_cache_bank[94]: Access = 880, Miss = 408, Miss_rate = 0.464, Pending_hits = 304, Reservation_fails = 0
L2_cache_bank[95]: Access = 880, Miss = 408, Miss_rate = 0.464, Pending_hits = 315, Reservation_fails = 0
L2_cache_bank[96]: Access = 752, Miss = 408, Miss_rate = 0.543, Pending_hits = 216, Reservation_fails = 0
L2_cache_bank[97]: Access = 752, Miss = 408, Miss_rate = 0.543, Pending_hits = 219, Reservation_fails = 0
L2_cache_bank[98]: Access = 888, Miss = 412, Miss_rate = 0.464, Pending_hits = 286, Reservation_fails = 0
L2_cache_bank[99]: Access = 888, Miss = 412, Miss_rate = 0.464, Pending_hits = 268, Reservation_fails = 0
L2_cache_bank[100]: Access = 752, Miss = 408, Miss_rate = 0.543, Pending_hits = 166, Reservation_fails = 0
L2_cache_bank[101]: Access = 752, Miss = 408, Miss_rate = 0.543, Pending_hits = 156, Reservation_fails = 0
L2_cache_bank[102]: Access = 888, Miss = 412, Miss_rate = 0.464, Pending_hits = 279, Reservation_fails = 0
L2_cache_bank[103]: Access = 888, Miss = 412, Miss_rate = 0.464, Pending_hits = 271, Reservation_fails = 0
L2_cache_bank[104]: Access = 752, Miss = 408, Miss_rate = 0.543, Pending_hits = 216, Reservation_fails = 0
L2_cache_bank[105]: Access = 752, Miss = 408, Miss_rate = 0.543, Pending_hits = 196, Reservation_fails = 0
L2_cache_bank[106]: Access = 888, Miss = 412, Miss_rate = 0.464, Pending_hits = 343, Reservation_fails = 0
L2_cache_bank[107]: Access = 888, Miss = 412, Miss_rate = 0.464, Pending_hits = 344, Reservation_fails = 0
L2_cache_bank[108]: Access = 752, Miss = 408, Miss_rate = 0.543, Pending_hits = 192, Reservation_fails = 0
L2_cache_bank[109]: Access = 752, Miss = 408, Miss_rate = 0.543, Pending_hits = 172, Reservation_fails = 0
L2_cache_bank[110]: Access = 888, Miss = 412, Miss_rate = 0.464, Pending_hits = 329, Reservation_fails = 0
L2_cache_bank[111]: Access = 888, Miss = 412, Miss_rate = 0.464, Pending_hits = 305, Reservation_fails = 0
L2_cache_bank[112]: Access = 752, Miss = 408, Miss_rate = 0.543, Pending_hits = 216, Reservation_fails = 0
L2_cache_bank[113]: Access = 752, Miss = 408, Miss_rate = 0.543, Pending_hits = 219, Reservation_fails = 0
L2_cache_bank[114]: Access = 888, Miss = 412, Miss_rate = 0.464, Pending_hits = 286, Reservation_fails = 0
L2_cache_bank[115]: Access = 888, Miss = 412, Miss_rate = 0.464, Pending_hits = 268, Reservation_fails = 0
L2_cache_bank[116]: Access = 752, Miss = 408, Miss_rate = 0.543, Pending_hits = 167, Reservation_fails = 0
L2_cache_bank[117]: Access = 752, Miss = 408, Miss_rate = 0.543, Pending_hits = 156, Reservation_fails = 0
L2_cache_bank[118]: Access = 888, Miss = 412, Miss_rate = 0.464, Pending_hits = 279, Reservation_fails = 0
L2_cache_bank[119]: Access = 888, Miss = 412, Miss_rate = 0.464, Pending_hits = 271, Reservation_fails = 0
L2_cache_bank[120]: Access = 752, Miss = 408, Miss_rate = 0.543, Pending_hits = 215, Reservation_fails = 0
L2_cache_bank[121]: Access = 752, Miss = 408, Miss_rate = 0.543, Pending_hits = 195, Reservation_fails = 0
L2_cache_bank[122]: Access = 888, Miss = 412, Miss_rate = 0.464, Pending_hits = 342, Reservation_fails = 0
L2_cache_bank[123]: Access = 888, Miss = 412, Miss_rate = 0.464, Pending_hits = 343, Reservation_fails = 0
L2_cache_bank[124]: Access = 752, Miss = 408, Miss_rate = 0.543, Pending_hits = 191, Reservation_fails = 0
L2_cache_bank[125]: Access = 752, Miss = 408, Miss_rate = 0.543, Pending_hits = 172, Reservation_fails = 0
L2_cache_bank[126]: Access = 888, Miss = 412, Miss_rate = 0.464, Pending_hits = 330, Reservation_fails = 0
L2_cache_bank[127]: Access = 888, Miss = 412, Miss_rate = 0.464, Pending_hits = 310, Reservation_fails = 0
L2_cache_bank[128]: Access = 760, Miss = 408, Miss_rate = 0.537, Pending_hits = 224, Reservation_fails = 0
L2_cache_bank[129]: Access = 760, Miss = 408, Miss_rate = 0.537, Pending_hits = 225, Reservation_fails = 0
L2_cache_bank[130]: Access = 888, Miss = 412, Miss_rate = 0.464, Pending_hits = 310, Reservation_fails = 0
L2_cache_bank[131]: Access = 888, Miss = 412, Miss_rate = 0.464, Pending_hits = 276, Reservation_fails = 0
L2_cache_bank[132]: Access = 760, Miss = 408, Miss_rate = 0.537, Pending_hits = 200, Reservation_fails = 0
L2_cache_bank[133]: Access = 760, Miss = 408, Miss_rate = 0.537, Pending_hits = 169, Reservation_fails = 0
L2_cache_bank[134]: Access = 888, Miss = 412, Miss_rate = 0.464, Pending_hits = 280, Reservation_fails = 0
L2_cache_bank[135]: Access = 888, Miss = 412, Miss_rate = 0.464, Pending_hits = 284, Reservation_fails = 0
L2_cache_bank[136]: Access = 760, Miss = 408, Miss_rate = 0.537, Pending_hits = 198, Reservation_fails = 0
L2_cache_bank[137]: Access = 760, Miss = 408, Miss_rate = 0.537, Pending_hits = 170, Reservation_fails = 0
L2_cache_bank[138]: Access = 888, Miss = 412, Miss_rate = 0.464, Pending_hits = 341, Reservation_fails = 0
L2_cache_bank[139]: Access = 888, Miss = 412, Miss_rate = 0.464, Pending_hits = 330, Reservation_fails = 0
L2_cache_bank[140]: Access = 760, Miss = 408, Miss_rate = 0.537, Pending_hits = 167, Reservation_fails = 0
L2_cache_bank[141]: Access = 760, Miss = 408, Miss_rate = 0.537, Pending_hits = 152, Reservation_fails = 0
L2_cache_bank[142]: Access = 888, Miss = 412, Miss_rate = 0.464, Pending_hits = 302, Reservation_fails = 0
L2_cache_bank[143]: Access = 888, Miss = 412, Miss_rate = 0.464, Pending_hits = 319, Reservation_fails = 0
L2_cache_bank[144]: Access = 760, Miss = 408, Miss_rate = 0.537, Pending_hits = 224, Reservation_fails = 0
L2_cache_bank[145]: Access = 760, Miss = 408, Miss_rate = 0.537, Pending_hits = 225, Reservation_fails = 0
L2_cache_bank[146]: Access = 888, Miss = 412, Miss_rate = 0.464, Pending_hits = 309, Reservation_fails = 0
L2_cache_bank[147]: Access = 888, Miss = 412, Miss_rate = 0.464, Pending_hits = 279, Reservation_fails = 0
L2_cache_bank[148]: Access = 760, Miss = 408, Miss_rate = 0.537, Pending_hits = 200, Reservation_fails = 0
L2_cache_bank[149]: Access = 760, Miss = 408, Miss_rate = 0.537, Pending_hits = 169, Reservation_fails = 0
L2_cache_bank[150]: Access = 888, Miss = 412, Miss_rate = 0.464, Pending_hits = 280, Reservation_fails = 0
L2_cache_bank[151]: Access = 888, Miss = 412, Miss_rate = 0.464, Pending_hits = 284, Reservation_fails = 0
L2_cache_bank[152]: Access = 760, Miss = 408, Miss_rate = 0.537, Pending_hits = 199, Reservation_fails = 0
L2_cache_bank[153]: Access = 760, Miss = 408, Miss_rate = 0.537, Pending_hits = 170, Reservation_fails = 0
L2_cache_bank[154]: Access = 888, Miss = 412, Miss_rate = 0.464, Pending_hits = 341, Reservation_fails = 0
L2_cache_bank[155]: Access = 888, Miss = 412, Miss_rate = 0.464, Pending_hits = 331, Reservation_fails = 0
L2_cache_bank[156]: Access = 760, Miss = 408, Miss_rate = 0.537, Pending_hits = 168, Reservation_fails = 0
L2_cache_bank[157]: Access = 760, Miss = 408, Miss_rate = 0.537, Pending_hits = 152, Reservation_fails = 0
L2_cache_bank[158]: Access = 888, Miss = 412, Miss_rate = 0.464, Pending_hits = 302, Reservation_fails = 0
L2_cache_bank[159]: Access = 888, Miss = 412, Miss_rate = 0.464, Pending_hits = 318, Reservation_fails = 0
L2_total_cache_accesses = 131072
L2_total_cache_misses = 65536
L2_total_cache_miss_rate = 0.5000
L2_total_cache_pending_hits = 39182
L2_total_cache_reservation_fails = 0
L2_total_cache_breakdown:
	L2_cache_stats_breakdown[GLOBAL_ACC_R][HIT] = 26354
	L2_cache_stats_breakdown[GLOBAL_ACC_R][HIT_RESERVED] = 39182
	L2_cache_stats_breakdown[GLOBAL_ACC_R][MISS] = 8192
	L2_cache_stats_breakdown[GLOBAL_ACC_R][RESERVATION_FAIL] = 0
	L2_cache_stats_breakdown[GLOBAL_ACC_R][SECTOR_MISS] = 24576
	L2_cache_stats_breakdown[GLOBAL_ACC_R][MSHR_HIT] = 39182
	L2_cache_stats_breakdown[LOCAL_ACC_R][HIT] = 0
	L2_cache_stats_breakdown[LOCAL_ACC_R][HIT_RESERVED] = 0
	L2_cache_stats_breakdown[LOCAL_ACC_R][MISS] = 0
	L2_cache_stats_breakdown[LOCAL_ACC_R][RESERVATION_FAIL] = 0
	L2_cache_stats_breakdown[LOCAL_ACC_R][SECTOR_MISS] = 0
	L2_cache_stats_breakdown[LOCAL_ACC_R][MSHR_HIT] = 0
	L2_cache_stats_breakdown[CONST_ACC_R][HIT] = 0
	L2_cache_stats_breakdown[CONST_ACC_R][HIT_RESERVED] = 0
	L2_cache_stats_breakdown[CONST_ACC_R][MISS] = 0
	L2_cache_stats_breakdown[CONST_ACC_R][RESERVATION_FAIL] = 0
	L2_cache_stats_breakdown[CONST_ACC_R][SECTOR_MISS] = 0
	L2_cache_stats_breakdown[CONST_ACC_R][MSHR_HIT] = 0
	L2_cache_stats_breakdown[TEXTURE_ACC_R][HIT] = 0
	L2_cache_stats_breakdown[TEXTURE_ACC_R][HIT_RESERVED] = 0
	L2_cache_stats_breakdown[TEXTURE_ACC_R][MISS] = 0
	L2_cache_stats_breakdown[TEXTURE_ACC_R][RESERVATION_FAIL] = 0
	L2_cache_stats_breakdown[TEXTURE_ACC_R][SECTOR_MISS] = 0
	L2_cache_stats_breakdown[TEXTURE_ACC_R][MSHR_HIT] = 0
	L2_cache_stats_breakdown[GLOBAL_ACC_W][HIT] = 0
	L2_cache_stats_breakdown[GLOBAL_ACC_W][HIT_RESERVED] = 0
	L2_cache_stats_breakdown[GLOBAL_ACC_W][MISS] = 8192
	L2_cache_stats_breakdown[GLOBAL_ACC_W][RESERVATION_FAIL] = 0
	L2_cache_stats_breakdown[GLOBAL_ACC_W][SECTOR_MISS] = 24576
	L2_cache_stats_breakdown[GLOBAL_ACC_W][MSHR_HIT] = 0
	L2_cache_stats_breakdown[LOCAL_ACC_W][HIT] = 0
	L2_cache_stats_breakdown[LOCAL_ACC_W][HIT_RESERVED] = 0
	L2_cache_stats_breakdown[LOCAL_ACC_W][MISS] = 0
	L2_cache_stats_breakdown[LOCAL_ACC_W][RESERVATION_FAIL] = 0
	L2_cache_stats_breakdown[LOCAL_ACC_W][SECTOR_MISS] = 0
	L2_cache_stats_breakdown[LOCAL_ACC_W][MSHR_HIT] = 0
	L2_cache_stats_breakdown[L1_WRBK_ACC][HIT] = 0
	L2_cache_stats_breakdown[L1_WRBK_ACC][HIT_RESERVED] = 0
	L2_cache_stats_breakdown[L1_WRBK_ACC][MISS] = 0
	L2_cache_stats_breakdown[L1_WRBK_ACC][RESERVATION_FAIL] = 0
	L2_cache_stats_breakdown[L1_WRBK_ACC][SECTOR_MISS] = 0
	L2_cache_stats_breakdown[L1_WRBK_ACC][MSHR_HIT] = 0
	L2_cache_stats_breakdown[L2_WRBK_ACC][HIT] = 0
	L2_cache_stats_breakdown[L2_WRBK_ACC][HIT_RESERVED] = 0
	L2_cache_stats_breakdown[L2_WRBK_ACC][MISS] = 0
	L2_cache_stats_breakdown[L2_WRBK_ACC][RESERVATION_FAIL] = 0
	L2_cache_stats_breakdown[L2_WRBK_ACC][SECTOR_MISS] = 0
	L2_cache_stats_breakdown[L2_WRBK_ACC][MSHR_HIT] = 0
	L2_cache_stats_breakdown[INST_ACC_R][HIT] = 0
	L2_cache_stats_breakdown[INST_ACC_R][HIT_RESERVED] = 0
	L2_cache_stats_breakdown[INST_ACC_R][MISS] = 0
	L2_cache_stats_breakdown[INST_ACC_R][RESERVATION_FAIL] = 0
	L2_cache_stats_breakdown[INST_ACC_R][SECTOR_MISS] = 0
	L2_cache_stats_breakdown[INST_ACC_R][MSHR_HIT] = 0
	L2_cache_stats_breakdown[L1_WR_ALLOC_R][HIT] = 0
	L2_cache_stats_breakdown[L1_WR_ALLOC_R][HIT_RESERVED] = 0
	L2_cache_stats_breakdown[L1_WR_ALLOC_R][MISS] = 0
	L2_cache_stats_breakdown[L1_WR_ALLOC_R][RESERVATION_FAIL] = 0
	L2_cache_stats_breakdown[L1_WR_ALLOC_R][SECTOR_MISS] = 0
	L2_cache_stats_breakdown[L1_WR_ALLOC_R][MSHR_HIT] = 0
	L2_cache_stats_breakdown[L2_WR_ALLOC_R][HIT] = 0
	L2_cache_stats_breakdown[L2_WR_ALLOC_R][HIT_RESERVED] = 0
	L2_cache_stats_breakdown[L2_WR_ALLOC_R][MISS] = 0
	L2_cache_stats_breakdown[L2_WR_ALLOC_R][RESERVATION_FAIL] = 0
	L2_cache_stats_breakdown[L2_WR_ALLOC_R][SECTOR_MISS] = 0
	L2_cache_stats_breakdown[L2_WR_ALLOC_R][MSHR_HIT] = 0
	L2_cache_stats_breakdown[GLOBAL_ACC_R][TOTAL_ACCESS] = 98304
	L2_cache_stats_breakdown[GLOBAL_ACC_W][TOTAL_ACCESS] = 32768
L2_total_cache_reservation_fail_breakdown:
L2_cache_data_port_util = 0.005
L2_cache_fill_port_util = 0.006

icnt_total_pkts_mem_to_simt=131072
icnt_total_pkts_simt_to_mem=131072
LD_mem_lat_dist  0 0 0 0 0 0 0 0 0 0 0 0 0 0 0 0 0 0 0 0 0 0 0 0 0 0 0
ST_mem_lat_dist  0 0 0 0 0 0 0 0 0 0 0 0 0 0 0 0 0 0 0 0 0 0 0 0 0 0 0
----------------------------Interconnect-DETAILS--------------------------------
Req_Network_injected_packets_num = 131072
Req_Network_cycles = 35895
Req_Network_injected_packets_per_cycle =       3.6515 
Req_Network_conflicts_per_cycle =       0.3417
Req_Network_conflicts_per_cycle_util =       0.5260
Req_Bank_Level_Parallism =       5.6203
Req_Network_in_buffer_full_per_cycle =       0.6944
Req_Network_in_buffer_avg_util =       7.4016
Req_Network_out_buffer_full_per_cycle =       0.0000
Req_Network_out_buffer_avg_util =       0.0228

Reply_Network_injected_packets_num = 131072
Reply_Network_cycles = 35895
Reply_Network_injected_packets_per_cycle =        3.6515
Reply_Network_conflicts_per_cycle =       14.9185
Reply_Network_conflicts_per_cycle_util =      23.1628
Reply_Bank_Level_Parallism =       5.6694
Reply_Network_in_buffer_full_per_cycle =       0.0000
Reply_Network_in_buffer_avg_util =       1.5345
Reply_Network_out_buffer_full_per_cycle =       0.0000
Reply_Network_out_buffer_avg_util =       0.4527
----------------------------END-of-Interconnect-DETAILS-------------------------


gpgpu_simulation_time = 0 days, 0 hrs, 0 min, 5 sec (5 sec)
gpgpu_simulation_rate = 1230028 (inst/sec)
gpgpu_simulation_rate = 7179 (cycle/sec)
gpgpu_silicon_slowdown = 196406x
GPGPU-Sim: *** simulation thread exiting ***
GPGPU-Sim: *** exit detected ***
