Accel-Sim [build accelsim-commit-f28591a_modified_0.0_26-03-17-09-20-54]

        *** GPGPU-Sim Simulator Version 4.2.0  [build gpgpu-sim_git-commit-6c3cf4ff_modified_0.0] ***


GPGPU-Sim: Configuration options:

-save_embedded_ptx                      0 # saves ptx files embedded in binary as <n>.ptx
-keep                                   0 # keep intermediate files created by GPGPU-Sim when interfacing with external programs
-gpgpu_ptx_save_converted_ptxplus                    0 # Saved converted ptxplus to a file
-gpgpu_occupancy_sm_number                   80 # The SM number to pass to ptxas when getting register usage for computing GPU occupancy. This parameter is required in the config.
-ptx_opcode_latency_int           4,4,4,4,21 # Opcode latencies for integers <ADD,MAX,MUL,MAD,DIV,SHFL>Default 1,1,19,25,145,32
-ptx_opcode_latency_fp           4,4,4,4,39 # Opcode latencies for single precision floating points <ADD,MAX,MUL,MAD,DIV>Default 1,1,1,1,30
-ptx_opcode_latency_dp          6,6,6,6,330 # Opcode latencies for double precision floating points <ADD,MAX,MUL,MAD,DIV>Default 8,8,8,8,335
-ptx_opcode_latency_sfu                   23 # Opcode latencies for SFU instructionsDefault 8
-ptx_opcode_latency_tesnor                   25 # Opcode latencies for Tensor instructionsDefault 64
-ptx_opcode_initiation_int            2,2,2,2,2 # Opcode initiation intervals for integers <ADD,MAX,MUL,MAD,DIV,SHFL>Default 1,1,4,4,32,4
-ptx_opcode_initiation_fp            2,2,2,2,4 # Opcode initiation intervals for single precision floating points <ADD,MAX,MUL,MAD,DIV>Default 1,1,1,1,5
-ptx_opcode_initiation_dp          4,4,4,4,130 # Opcode initiation intervals for double precision floating points <ADD,MAX,MUL,MAD,DIV>Default 8,8,8,8,130
-ptx_opcode_initiation_sfu                    8 # Opcode initiation intervals for sfu instructionsDefault 8
-ptx_opcode_initiation_tensor                   16 # Opcode initiation intervals for tensor instructionsDefault 64
-cdp_latency         7200,8000,100,12000,1600 # CDP API latency <cudaStreamCreateWithFlags, cudaGetParameterBufferV2_init_perWarp, cudaGetParameterBufferV2_perKernel, cudaLaunchDeviceV2_init_perWarp, cudaLaunchDevicV2_perKernel>Default 7200,8000,100,12000,1600
-network_mode                           2 # Interconnection network mode
-inter_config_file                   mesh # Interconnection network config file
-icnt_in_buffer_limit                  512 # in_buffer_limit
-icnt_out_buffer_limit                  512 # out_buffer_limit
-icnt_subnets                           2 # subnets
-icnt_arbiter_algo                      1 # arbiter_algo
-icnt_verbose                           0 # inct_verbose
-icnt_grant_cycles                      1 # grant_cycles
-gpgpu_ptx_use_cuobjdump                    1 # Use cuobjdump to extract ptx and sass from binaries
-gpgpu_experimental_lib_support                    0 # Try to extract code from cuda libraries [Broken because of unknown cudaGetExportTable]
-checkpoint_option                      0 #  checkpointing flag (0 = no checkpoint)
-checkpoint_kernel                      1 #  checkpointing during execution of which kernel (1- 1st kernel)
-checkpoint_CTA                         0 #  checkpointing after # of CTA (< less than total CTA)
-resume_option                          0 #  resume flag (0 = no resume)
-resume_kernel                          0 #  Resume from which kernel (1= 1st kernel)
-resume_CTA                             0 #  resume from which CTA 
-checkpoint_CTA_t                       0 #  resume from which CTA 
-checkpoint_insn_Y                      0 #  resume from which CTA 
-gpgpu_ptx_convert_to_ptxplus                    0 # Convert SASS (native ISA) to ptxplus and run ptxplus
-gpgpu_ptx_force_max_capability                   80 # Force maximum compute capability
-gpgpu_ptx_inst_debug_to_file                    0 # Dump executed instructions' debug information to file
-gpgpu_ptx_inst_debug_file       inst_debug.txt # Executed instructions' debug output file
-gpgpu_ptx_inst_debug_thread_uid                    1 # Thread UID for executed instructions' debug output
-gpgpu_simd_model                       1 # 1 = post-dominator
-gpgpu_shader_core_pipeline              2048:32 # shader core pipeline config, i.e., {<nthread>:<warpsize>}
-gpgpu_tex_cache:l1  N:4:128:256,L:R:m:N:L,T:512:8,128:2 # per-shader L1 texture cache  (READ-ONLY) config  {<nsets>:<bsize>:<assoc>,<rep>:<wr>:<alloc>:<wr_alloc>,<mshr>:<N>:<merge>,<mq>:<rf>}
-gpgpu_const_cache:l1 N:128:64:8,L:R:f:N:L,S:2:64,4 # per-shader L1 constant memory cache  (READ-ONLY) config  {<nsets>:<bsize>:<assoc>,<rep>:<wr>:<alloc>:<wr_alloc>,<mshr>:<N>:<merge>,<mq>} 
-gpgpu_cache:il1     N:64:128:16,L:R:f:N:L,S:2:48,4 # shader L1 instruction cache config  {<sector?>:<nsets>:<bsize>:<assoc>,<rep>:<wr>:<alloc>:<wr_alloc>:<set_index_fn>,<mshr>:<N>:<merge>,<mq>} 
-gpgpu_cache:dl1     S:4:128:64,L:T:m:L:L,A:512:64,16:0,32 # per-shader L1 data cache config  {<sector?>:<nsets>:<bsize>:<assoc>,<rep>:<wr>:<alloc>:<wr_alloc>:<set_index_fn>,<mshr>:<N>:<merge>,<mq>:<fifo_entry>,<data_port_width> | none}
-gpgpu_l1_cache_write_ratio                    0 # L1D write ratio
-gpgpu_l1_banks                         4 # The number of L1 cache banks
-gpgpu_l1_banks_byte_interleaving                   32 # l1 banks byte interleaving granularity
-gpgpu_l1_banks_hashing_function                    0 # l1 banks hashing function
-gpgpu_l1_latency                      34 # L1 Hit Latency
-gpgpu_smem_latency                    28 # smem Latency
-gpgpu_cache:dl1PrefL1                 none # per-shader L1 data cache config  {<sector?>:<nsets>:<bsize>:<assoc>,<rep>:<wr>:<alloc>:<wr_alloc>:<set_index_fn>,<mshr>:<N>:<merge>,<mq>:<fifo_entry>,<data_port_width> | none}
-gpgpu_cache:dl1PrefShared                 none # per-shader L1 data cache config  {<sector?>:<nsets>:<bsize>:<assoc>,<rep>:<wr>:<alloc>:<wr_alloc>:<set_index_fn>,<mshr>:<N>:<merge>,<mq>:<fifo_entry>,<data_port_width> | none}
-gpgpu_gmem_skip_L1D                    0 # global memory access skip L1D cache (implements -Xptxas -dlcm=cg, default=no skip)
-gpgpu_perfect_mem                      0 # enable perfect memory mode (no cache miss)
-n_regfile_gating_group                    4 # group of lanes that should be read/written together)
-gpgpu_clock_gated_reg_file                    0 # enable clock gated reg file for power calculations
-gpgpu_clock_gated_lanes                    0 # enable clock gated lanes for power calculations
-gpgpu_shader_registers                65536 # Number of registers per shader core. Limits number of concurrent CTAs. (default 8192)
-gpgpu_registers_per_block                65536 # Maximum number of registers per CTA. (default 8192)
-gpgpu_ignore_resources_limitation                    0 # gpgpu_ignore_resources_limitation (default 0)
-gpgpu_shader_cta                      32 # Maximum number of concurrent CTAs in shader (default 32)
-gpgpu_num_cta_barriers                   16 # Maximum number of named barriers per CTA (default 16)
-gpgpu_n_clusters                     108 # number of processing clusters
-gpgpu_n_cores_per_cluster                    1 # number of simd cores per cluster
-gpgpu_n_cluster_ejection_buffer_size                   32 # number of packets in ejection buffer
-gpgpu_n_ldst_response_buffer_size                    2 # number of response packets in ld/st unit ejection buffer
-gpgpu_shmem_per_block                49152 # Size of shared memory per thread block or CTA (default 48kB)
-gpgpu_shmem_size                  167936 # Size of shared memory per shader core (default 16kB)
-gpgpu_shmem_option      0,8,16,32,64,164 # Option list of shared memory sizes
-gpgpu_unified_l1d_size                  192 # Size of unified data cache(L1D + shared memory) in KB
-gpgpu_adaptive_cache_config                    1 # adaptive_cache_config
-gpgpu_shmem_sizeDefault               167936 # Size of shared memory per shader core (default 16kB)
-gpgpu_shmem_size_PrefL1                16384 # Size of shared memory per shader core (default 16kB)
-gpgpu_shmem_size_PrefShared                16384 # Size of shared memory per shader core (default 16kB)
-gpgpu_shmem_num_banks                   32 # Number of banks in the shared memory in each shader core (default 16)
-gpgpu_shmem_limited_broadcast                    0 # Limit shared memory to do one broadcast per cycle (default on)
-gpgpu_shmem_warp_parts                    1 # Number of portions a warp is divided into for shared memory bank conflict check 
-gpgpu_mem_unit_ports                    1 # The number of memory transactions allowed per core cycle
-gpgpu_shmem_warp_parts                    1 # Number of portions a warp is divided into for shared memory bank conflict check 
-gpgpu_warpdistro_shader                   -1 # Specify which shader core to collect the warp size distribution from
-gpgpu_warp_issue_shader                    0 # Specify which shader core to collect the warp issue distribution from
-gpgpu_local_mem_map                    1 # Mapping from local memory space address to simulated GPU physical address space (default = enabled)
-gpgpu_num_reg_banks                   32 # Number of register banks (default = 8)
-gpgpu_reg_bank_use_warp_id                    0 # Use warp ID in mapping registers to banks (default = off)
-gpgpu_sub_core_model                    1 # Sub Core Volta/Pascal model (default = off)
-gpgpu_enable_specialized_operand_collector                    0 # enable_specialized_operand_collector
-gpgpu_operand_collector_num_units_sp                    4 # number of collector units (default = 4)
-gpgpu_operand_collector_num_units_dp                    0 # number of collector units (default = 0)
-gpgpu_operand_collector_num_units_sfu                    4 # number of collector units (default = 4)
-gpgpu_operand_collector_num_units_int                    0 # number of collector units (default = 0)
-gpgpu_operand_collector_num_units_tensor_core                    4 # number of collector units (default = 4)
-gpgpu_operand_collector_num_units_mem                    2 # number of collector units (default = 2)
-gpgpu_operand_collector_num_units_gen                    8 # number of collector units (default = 0)
-gpgpu_operand_collector_num_in_ports_sp                    1 # number of collector unit in ports (default = 1)
-gpgpu_operand_collector_num_in_ports_dp                    0 # number of collector unit in ports (default = 0)
-gpgpu_operand_collector_num_in_ports_sfu                    1 # number of collector unit in ports (default = 1)
-gpgpu_operand_collector_num_in_ports_int                    0 # number of collector unit in ports (default = 0)
-gpgpu_operand_collector_num_in_ports_tensor_core                    1 # number of collector unit in ports (default = 1)
-gpgpu_operand_collector_num_in_ports_mem                    1 # number of collector unit in ports (default = 1)
-gpgpu_operand_collector_num_in_ports_gen                    8 # number of collector unit in ports (default = 0)
-gpgpu_operand_collector_num_out_ports_sp                    1 # number of collector unit in ports (default = 1)
-gpgpu_operand_collector_num_out_ports_dp                    0 # number of collector unit in ports (default = 0)
-gpgpu_operand_collector_num_out_ports_sfu                    1 # number of collector unit in ports (default = 1)
-gpgpu_operand_collector_num_out_ports_int                    0 # number of collector unit in ports (default = 0)
-gpgpu_operand_collector_num_out_ports_tensor_core                    1 # number of collector unit in ports (default = 1)
-gpgpu_operand_collector_num_out_ports_mem                    1 # number of collector unit in ports (default = 1)
-gpgpu_operand_collector_num_out_ports_gen                    8 # number of collector unit in ports (default = 0)
-gpgpu_coalesce_arch                   80 # Coalescing arch (GT200 = 13, Fermi = 20)
-gpgpu_num_sched_per_core                    4 # Number of warp schedulers per core
-gpgpu_max_insn_issue_per_warp                    1 # Max number of instructions that can be issued per warp in one cycle by scheduler (either 1 or 2)
-gpgpu_dual_issue_diff_exec_units                    1 # should dual issue use two different execution unit resources (Default = 1)
-gpgpu_simt_core_sim_order                    1 # Select the simulation order of cores in a cluster (0=Fix, 1=Round-Robin)
-gpgpu_pipeline_widths 4,4,4,4,4,4,4,4,4,4,8,4,4 # Pipeline widths ID_OC_SP,ID_OC_DP,ID_OC_INT,ID_OC_SFU,ID_OC_MEM,OC_EX_SP,OC_EX_DP,OC_EX_INT,OC_EX_SFU,OC_EX_MEM,EX_WB,ID_OC_TENSOR_CORE,OC_EX_TENSOR_CORE
-gpgpu_tensor_core_avail                    1 # Tensor Core Available (default=0)
-gpgpu_num_sp_units                     4 # Number of SP units (default=1)
-gpgpu_num_dp_units                     4 # Number of DP units (default=0)
-gpgpu_num_int_units                    4 # Number of INT units (default=0)
-gpgpu_num_sfu_units                    4 # Number of SF units (default=1)
-gpgpu_num_tensor_core_units                    4 # Number of tensor_core units (default=1)
-gpgpu_num_mem_units                    1 # Number if ldst units (default=1) WARNING: not hooked up to anything
-gpgpu_scheduler                      lrr # Scheduler configuration: < lrr | gto | two_level_active > If two_level_active:<num_active_warps>:<inner_prioritization>:<outer_prioritization>For complete list of prioritization values see shader.h enum scheduler_prioritization_typeDefault: gto
-gpgpu_concurrent_kernel_sm                    0 # Support concurrent kernels on a SM (default = disabled)
-gpgpu_perfect_inst_const_cache                    1 # perfect inst and const cache mode, so all inst and const hits in the cache(default = disabled)
-gpgpu_inst_fetch_throughput                    4 # the number of fetched intruction per warp each cycle
-gpgpu_reg_file_port_throughput                    2 # the number ports of the register file
-specialized_unit_1         1,4,4,4,4,BRA # specialized unit config {<enabled>,<num_units>:<latency>:<initiation>,<ID_OC_SPEC>:<OC_EX_SPEC>,<NAME>}
-specialized_unit_2       1,4,200,4,4,TEX # specialized unit config {<enabled>,<num_units>:<latency>:<initiation>,<ID_OC_SPEC>:<OC_EX_SPEC>,<NAME>}
-specialized_unit_3     1,4,12,4,4,TENSOR # specialized unit config {<enabled>,<num_units>:<latency>:<initiation>,<ID_OC_SPEC>:<OC_EX_SPEC>,<NAME>}
-specialized_unit_4         1,4,4,4,4,UDP # specialized unit config {<enabled>,<num_units>:<latency>:<initiation>,<ID_OC_SPEC>:<OC_EX_SPEC>,<NAME>}
-specialized_unit_5         0,4,4,4,4,BRA # specialized unit config {<enabled>,<num_units>:<latency>:<initiation>,<ID_OC_SPEC>:<OC_EX_SPEC>,<NAME>}
-specialized_unit_6         0,4,4,4,4,BRA # specialized unit config {<enabled>,<num_units>:<latency>:<initiation>,<ID_OC_SPEC>:<OC_EX_SPEC>,<NAME>}
-specialized_unit_7         0,4,4,4,4,BRA # specialized unit config {<enabled>,<num_units>:<latency>:<initiation>,<ID_OC_SPEC>:<OC_EX_SPEC>,<NAME>}
-specialized_unit_8         0,4,4,4,4,BRA # specialized unit config {<enabled>,<num_units>:<latency>:<initiation>,<ID_OC_SPEC>:<OC_EX_SPEC>,<NAME>}
-gpgpu_perf_sim_memcpy                    1 # Fill the L2 cache on memcpy
-gpgpu_simple_dram_model                    0 # simple_dram_model with fixed latency and BW
-gpgpu_dram_scheduler                    1 # 0 = fifo, 1 = FR-FCFS (defaul)
-gpgpu_dram_partition_queues          64:64:64:64 # i2$:$2d:d2$:$2i
-l2_ideal                               0 # Use a ideal L2 cache that always hit
-gpgpu_cache:dl2     S:128:128:16,L:B:m:L:X,A:192:4,32:0,32 # unified banked L2 data cache config  {<sector?>:<nsets>:<bsize>:<assoc>,<rep>:<wr>:<alloc>:<wr_alloc>:<set_index_fn>,<mshr>:<N>:<merge>,<mq>:<fifo_entry>,<data_port_width>
-gpgpu_cache:dl2_texture_only                    0 # L2 cache used for texture only
-gpgpu_n_mem                           12 # number of memory modules (e.g. memory controllers) in gpu
-gpgpu_n_sub_partition_per_mchannel                    4 # number of memory subpartition in each memory module
-gpgpu_n_mem_per_ctrlr                    1 # number of memory chips per memory controller
-gpgpu_memlatency_stat                   14 # track and display latency statistics 0x2 enables MC, 0x4 enables queue logs
-gpgpu_frfcfs_dram_sched_queue_size                   64 # 0 = unlimited (default); # entries per chip
-gpgpu_dram_return_queue_size                  192 # 0 = unlimited (default); # entries per chip
-gpgpu_dram_buswidth                    8 # default = 4 bytes (8 bytes per cycle at DDR)
-gpgpu_dram_burst_length                    2 # Burst length of each DRAM request (default = 4 data bus cycle)
-dram_data_command_freq_ratio                    2 # Frequency ratio between DRAM data bus and command bus (default = 2 times, i.e. DDR)
-gpgpu_dram_timing_opt nbk=16:CCD=1:RRD=7:RCD=22:RAS=50:RP=22:RC=72:CL=22:WL=4:CDLR=5:WR=19:nbkgrp=4:CCDL=4:RTPL=7 # DRAM timing parameters = {nbk:tCCD:tRRD:tRCD:tRAS:tRP:tRC:CL:WL:tCDLR:tWR:nbkgrp:tCCDL:tRTPL}
-gpgpu_l2_rop_latency                  200 # ROP queue latency (default 85)
-dram_latency                         190 # DRAM latency (default 30)
-dram_dual_bus_interface                    1 # dual_bus_interface (default = 0) 
-dram_bnk_indexing_policy                    0 # dram_bnk_indexing_policy (0 = normal indexing, 1 = Xoring with the higher bits) (Default = 0)
-dram_bnkgrp_indexing_policy                    1 # dram_bnkgrp_indexing_policy (0 = take higher bits, 1 = take lower bits) (Default = 0)
-dram_seperate_write_queue_enable                    0 # Seperate_Write_Queue_Enable
-dram_write_queue_size             32:28:16 # Write_Queue_Size
-dram_elimnate_rw_turnaround                    0 # elimnate_rw_turnaround i.e set tWTR and tRTW = 0
-icnt_flit_size                        40 # icnt_flit_size
-SST_mode                               0 # SST mode
-gpgpu_mem_addr_mapping dramid@8;00000000.00000000.00000000.00000000.0000RRRR.RRRRRRRR.RBBBCCCC.BCCSSSSS # mapping memory address to dram model {dramid@<start bit>;<memory address map>}
-gpgpu_mem_addr_test                    0 # run sweep test to check address mapping for aliased address
-gpgpu_mem_address_mask                    1 # 0 = old addressing mask, 1 = new addressing mask, 2 = new add. mask + flipped bank sel and chip sel bits
-gpgpu_memory_partition_indexing                    0 # 0 = no indexing, 1 = bitwise xoring, 2 = IPoly, 3 = custom indexing
-accelwattch_xml_file accelwattch_sass_sim.xml # AccelWattch XML file
-power_simulation_enabled                    0 # Turn on power simulator (1=On, 0=Off)
-power_per_cycle_dump                    0 # Dump detailed power output each cycle
-hw_perf_file_name            hw_perf.csv # Hardware Performance Statistics file
-hw_perf_bench_name                       # Kernel Name in Hardware Performance Statistics file
-power_simulation_mode                    0 # Switch performance counter input for power simulation (0=Sim, 1=HW, 2=HW-Sim Hybrid)
-dvfs_enabled                           0 # Turn on DVFS for power model
-aggregate_power_stats                    0 # Accumulate power across all kernels
-accelwattch_hybrid_perfsim_L1_RH                    0 # Get L1 Read Hits for Accelwattch-Hybrid from Accel-Sim
-accelwattch_hybrid_perfsim_L1_RM                    0 # Get L1 Read Misses for Accelwattch-Hybrid from Accel-Sim
-accelwattch_hybrid_perfsim_L1_WH                    0 # Get L1 Write Hits for Accelwattch-Hybrid from Accel-Sim
-accelwattch_hybrid_perfsim_L1_WM                    0 # Get L1 Write Misses for Accelwattch-Hybrid from Accel-Sim
-accelwattch_hybrid_perfsim_L2_RH                    0 # Get L2 Read Hits for Accelwattch-Hybrid from Accel-Sim
-accelwattch_hybrid_perfsim_L2_RM                    0 # Get L2 Read Misses for Accelwattch-Hybrid from Accel-Sim
-accelwattch_hybrid_perfsim_L2_WH                    0 # Get L2 Write Hits for Accelwattch-Hybrid from Accel-Sim
-accelwattch_hybrid_perfsim_L2_WM                    0 # Get L2 Write Misses for Accelwattch-Hybrid from Accel-Sim
-accelwattch_hybrid_perfsim_CC_ACC                    0 # Get Constant Cache Acesses for Accelwattch-Hybrid from Accel-Sim
-accelwattch_hybrid_perfsim_SHARED_ACC                    0 # Get Shared Memory Acesses for Accelwattch-Hybrid from Accel-Sim
-accelwattch_hybrid_perfsim_DRAM_RD                    0 # Get DRAM Reads for Accelwattch-Hybrid from Accel-Sim
-accelwattch_hybrid_perfsim_DRAM_WR                    0 # Get DRAM Writes for Accelwattch-Hybrid from Accel-Sim
-accelwattch_hybrid_perfsim_NOC                    0 # Get Interconnect Acesses for Accelwattch-Hybrid from Accel-Sim
-accelwattch_hybrid_perfsim_PIPE_DUTY                    0 # Get Pipeline Duty Cycle Acesses for Accelwattch-Hybrid from Accel-Sim
-accelwattch_hybrid_perfsim_NUM_SM_IDLE                    0 # Get Number of Idle SMs for Accelwattch-Hybrid from Accel-Sim
-accelwattch_hybrid_perfsim_CYCLES                    0 # Get Executed Cycles for Accelwattch-Hybrid from Accel-Sim
-accelwattch_hybrid_perfsim_VOLTAGE                    0 # Get Chip Voltage for Accelwattch-Hybrid from Accel-Sim
-power_trace_enabled                    0 # produce a file for the power trace (1=On, 0=Off)
-power_trace_zlevel                     6 # Compression level of the power trace output log (0=no comp, 9=highest)
-steady_power_levels_enabled                    0 # produce a file for the steady power levels (1=On, 0=Off)
-steady_state_definition                  8:4 # allowed deviation:number of samples
-gpgpu_max_cycle                        0 # terminates gpu simulation early (0 = no limit)
-gpgpu_max_insn                         0 # terminates gpu simulation early (0 = no limit)
-gpgpu_max_cta                          0 # terminates gpu simulation early (0 = no limit)
-gpgpu_max_completed_cta                    0 # terminates gpu simulation early (0 = no limit)
-gpgpu_runtime_stat                   500 # display runtime statistics such as dram utilization {<freq>:<flag>}
-liveness_message_freq                    1 # Minimum number of seconds between simulation liveness messages (0 = always print)
-gpgpu_compute_capability_major                    8 # Major compute capability version number
-gpgpu_compute_capability_minor                    0 # Minor compute capability version number
-gpgpu_flush_l1_cache                    1 # Flush L1 cache at the end of each kernel call
-gpgpu_flush_l2_cache                    0 # Flush L2 cache at the end of each kernel call
-gpgpu_deadlock_detect                    1 # Stop the simulation at deadlock (1=on (default), 0=off)
-gpgpu_ptx_instruction_classification                    0 # if enabled will classify ptx instruction types per kernel (Max 255 kernels now)
-gpgpu_ptx_sim_mode                     0 # Select between Performance (default) or Functional simulation (1)
-gpgpu_clock_domains 1410:1410:1410:4266.667 # Clock Domain Frequencies in MhZ {<Core Clock>:<ICNT Clock>:<L2 Clock>:<DRAM Clock>}
-gpgpu_max_concurrent_kernel                  128 # maximum kernels that can run concurrently on GPU, set this value according to max resident grids for your compute capability
-gpgpu_cflog_interval                    0 # Interval between each snapshot in control flow logger
-visualizer_enabled                     0 # Turn on visualizer output (1=On, 0=Off)
-visualizer_outputfile                 NULL # Specifies the output log file for visualizer
-visualizer_zlevel                      6 # Compression level of the visualizer output log (0=no comp, 9=highest)
-gpgpu_stack_size_limit                 1024 # GPU thread stack size
-gpgpu_heap_size_limit              8388608 # GPU malloc heap size 
-gpgpu_runtime_sync_depth_limit                    2 # GPU device runtime synchronize depth
-gpgpu_runtime_pending_launch_count_limit                 2048 # GPU device runtime pending launch count
-trace_enabled                          0 # Turn on traces
-trace_components                    none # comma seperated list of traces to enable. Complete list found in trace_streams.tup. Default none
-trace_sampling_core                    0 # The core which is printed using CORE_DPRINTF. Default 0
-trace_sampling_memory_partition                   -1 # The memory partition which is printed using MEMPART_DPRINTF. Default -1 (i.e. all)
-enable_ptx_file_line_stats                    1 # Turn on PTX source line statistic profiling. (1 = On)
-ptx_line_stats_filename gpgpu_inst_stats.txt # Output file for PTX source line statistics.
-gpgpu_kernel_launch_latency                 5000 # Kernel launch latency in cycles. Default: 0
-gpgpu_cdp_enabled                      0 # Turn on CDP
-gpgpu_TB_launch_latency                    0 # thread block launch latency in cycles. Default: 0
-trace               /work/accel-sim-framework/.worktrees/modal-a100-cutlass-trace/modal/artifacts/fp16-512x512x512/traces/kernelslist.g # traces kernel filetraces kernel file directory
-trace_opcode_latency_initiation_int                  2,2 # Opcode latencies and initiation for integers in trace driven mode <latency,initiation>
-trace_opcode_latency_initiation_sp                  2,2 # Opcode latencies and initiation for sp in trace driven mode <latency,initiation>
-trace_opcode_latency_initiation_dp                  4,4 # Opcode latencies and initiation for dp in trace driven mode <latency,initiation>
-trace_opcode_latency_initiation_sfu                 20,8 # Opcode latencies and initiation for sfu in trace driven mode <latency,initiation>
-trace_opcode_latency_initiation_tensor                 14,6 # Opcode latencies and initiation for tensor in trace driven mode <latency,initiation>
-trace_opcode_latency_initiation_spec_op_1                  4,4 # specialized unit config <latency,initiation>
-trace_opcode_latency_initiation_spec_op_2                200,4 # specialized unit config <latency,initiation>
-trace_opcode_latency_initiation_spec_op_3                 12,8 # specialized unit config <latency,initiation>
-trace_opcode_latency_initiation_spec_op_4                  4,1 # specialized unit config <latency,initiation>
-trace_opcode_latency_initiation_spec_op_5                  4,4 # specialized unit config <latency,initiation>
-trace_opcode_latency_initiation_spec_op_6                  4,4 # specialized unit config <latency,initiation>
-trace_opcode_latency_initiation_spec_op_7                  4,4 # specialized unit config <latency,initiation>
-trace_opcode_latency_initiation_spec_op_8                  4,4 # specialized unit config <latency,initiation>
DRAM Timing Options:
nbk                                    16 # number of banks
CCD                                     1 # column to column delay
RRD                                     7 # minimal delay between activation of rows in different banks
RCD                                    22 # row to column delay
RAS                                    50 # time needed to activate row
RP                                     22 # time needed to precharge (deactivate) row
RC                                     72 # row cycle time
CDLR                                    5 # switching from write to read (changes tWTR)
WR                                     19 # last data-in to row precharge
CL                                     22 # CAS latency
WL                                      4 # Write latency
nbkgrp                                  4 # number of bank groups
CCDL                                    4 # column to column delay between accesses to different bank groups
RTPL                                    7 # read to precharge delay between accesses to different bank groups
Total number of memory sub partition = 48
addr_dec_mask[CHIP]  = 0000000000000000 	high:64 low:0
addr_dec_mask[BK]    = 0000000000007080 	high:15 low:7
addr_dec_mask[ROW]   = 000000000fff8000 	high:28 low:15
addr_dec_mask[COL]   = 0000000000000f7f 	high:12 low:0
addr_dec_mask[BURST] = 000000000000001f 	high:5 low:0
sub_partition_id_mask = 0000000000001080
GPGPU-Sim uArch: clock freqs: 1410000000.000000:1410000000.000000:1410000000.000000:4266667000.000000
GPGPU-Sim uArch: clock periods: 0.00000000070921985816:0.00000000070921985816:0.00000000070921985816:0.00000000023437498169
*** Initializing Memory Statistics ***
GPGPU-Sim uArch: performance model initialization complete.
launching memcpy command : MemcpyHtoD,0x00002af9a2400000,524288
launching memcpy command : MemcpyHtoD,0x00002af9a2480000,524288
Processing kernel /work/accel-sim-framework/.worktrees/modal-a100-cutlass-trace/modal/artifacts/fp16-512x512x512/traces/kernel-1-ctx_0x56201b8d3c00.traceg
-kernel name = _ZN7cutlass6KernelINS_4gemm6kernel4GemmINS1_11threadblock13MmaMultistageINS1_9GemmShapeILi128ELi256ELi64EEENS_9transform11threadblock28PredicatedTileAccessIteratorINS_11MatrixShapeILi128ELi64EEENS_6half_tENS_6layout8RowMajorELi1ENS8_29PitchLinearWarpRakedThreadMapINS_16PitchLinearShapeILi64ELi128EEELi256ENSH_ILi8ELi4EEELi8EEENS_5ArrayISD_Li8ELb0EEELb0ENSE_9NoPermuteEEENS9_25RegularTileAccessIteratorISC_SD_NSE_37RowMajorTensorOpMultiplicandCrosswiseILi16ELi64EEELi0ESK_Li16EEELNS_4arch14CacheOperation4KindE1ENSA_INSB_ILi64ELi256EEESD_SF_Li0ENSG_INSH_ILi256ELi64EEELi256ESJ_Li8EEESM_Lb0ESN_EENSP_ISW_SD_NSE_37RowMajorTensorOpMultiplicandCongruousILi16ELi64EEELi0ESY_Li16EEELSV_1EfSF_NS4_9MmaPolicyINS1_4warp11MmaTensorOpINS6_ILi64ELi64ELi64EEESD_SR_SD_S11_fSF_NS14_17MmaTensorOpPolicyINST_3MmaINS6_ILi16ELi8ELi16EEELi32ESD_SF_SD_NSE_11ColumnMajorEfSF_NST_13OpMultiplyAddEEENSB_ILi1ELi1EEEEELi1ELb0EbEENSB_ILi0ELi0EEES1G_Li1EEELi3ELNS1_23SharedMemoryClearOptionE0EbEENS_8epilogue11threadblock8EpilogueIS7_S1F_Li1ENS1L_22PredicatedTileIteratorINS1L_26OutputTileOptimalThreadMapINS1L_15OutputTileShapeILi256ELi8ELi2ELi1ELi1EEENS1P_ILi1ELi8ELi1ELi1ELi8EEELi256ELi4ELi32EEEfLb0ESN_Lb0EEENS1K_4warp24FragmentIteratorTensorOpIS16_S19_fNSL_IfLi4ELb1EEESF_EENS1U_20TileIteratorTensorOpIS16_S19_fSF_EENS1L_18SharedLoadIteratorINS1S_18CompactedThreadMapEfLi16EEENS1K_6thread17LinearCombinationIfLi4EffLNS23_9ScaleType4KindE0ELNS_15FloatRoundStyleE2EfEENSB_ILi0ELi8EEELi2ELi1EEENS4_30GemmIdentityThreadblockSwizzleILi1EEELb0EEEEEvNT_6ParamsE
-kernel id = 1
-grid dim = (4,2,1)
-block dim = (256,1,1)
-shmem = 147456
-nregs = 228
-binary version = 80
-cuda stream id = 0
-shmem base_addr = 0x00002af963000000
-local mem base_addr = 0x00002af961000000
-nvbit version = 1.7.6
-accelsim tracer version = 5
-enable lineinfo = 0
Header info loaded for kernel command : /work/accel-sim-framework/.worktrees/modal-a100-cutlass-trace/modal/artifacts/fp16-512x512x512/traces/kernel-1-ctx_0x56201b8d3c00.traceg
launching kernel name: _ZN7cutlass6KernelINS_4gemm6kernel4GemmINS1_11threadblock13MmaMultistageINS1_9GemmShapeILi128ELi256ELi64EEENS_9transform11threadblock28PredicatedTileAccessIteratorINS_11MatrixShapeILi128ELi64EEENS_6half_tENS_6layout8RowMajorELi1ENS8_29PitchLinearWarpRakedThreadMapINS_16PitchLinearShapeILi64ELi128EEELi256ENSH_ILi8ELi4EEELi8EEENS_5ArrayISD_Li8ELb0EEELb0ENSE_9NoPermuteEEENS9_25RegularTileAccessIteratorISC_SD_NSE_37RowMajorTensorOpMultiplicandCrosswiseILi16ELi64EEELi0ESK_Li16EEELNS_4arch14CacheOperation4KindE1ENSA_INSB_ILi64ELi256EEESD_SF_Li0ENSG_INSH_ILi256ELi64EEELi256ESJ_Li8EEESM_Lb0ESN_EENSP_ISW_SD_NSE_37RowMajorTensorOpMultiplicandCongruousILi16ELi64EEELi0ESY_Li16EEELSV_1EfSF_NS4_9MmaPolicyINS1_4warp11MmaTensorOpINS6_ILi64ELi64ELi64EEESD_SR_SD_S11_fSF_NS14_17MmaTensorOpPolicyINST_3MmaINS6_ILi16ELi8ELi16EEELi32ESD_SF_SD_NSE_11ColumnMajorEfSF_NST_13OpMultiplyAddEEENSB_ILi1ELi1EEEEELi1ELb0EbEENSB_ILi0ELi0EEES1G_Li1EEELi3ELNS1_23SharedMemoryClearOptionE0EbEENS_8epilogue11threadblock8EpilogueIS7_S1F_Li1ENS1L_22PredicatedTileIteratorINS1L_26OutputTileOptimalThreadMapINS1L_15OutputTileShapeILi256ELi8ELi2ELi1ELi1EEENS1P_ILi1ELi8ELi1ELi1ELi8EEELi256ELi4ELi32EEEfLb0ESN_Lb0EEENS1K_4warp24FragmentIteratorTensorOpIS16_S19_fNSL_IfLi4ELb1EEESF_EENS1U_20TileIteratorTensorOpIS16_S19_fSF_EENS1L_18SharedLoadIteratorINS1S_18CompactedThreadMapEfLi16EEENS1K_6thread17LinearCombinationIfLi4EffLNS23_9ScaleType4KindE0ELNS_15FloatRoundStyleE2EfEENSB_ILi0ELi8EEELi2ELi1EEENS4_30GemmIdentityThreadblockSwizzleILi1EEELb0EEEEEvNT_6ParamsE uid: 1 cuda_stream_id: 0
GPGPU-Sim uArch: Shader 0 bind to kernel 1 '_ZN7cutlass6KernelINS_4gemm6kernel4GemmINS1_11threadblock13MmaMultistageINS1_9GemmShapeILi128ELi256ELi64EEENS_9transform11threadblock28PredicatedTileAccessIteratorINS_11MatrixShapeILi128ELi64EEENS_6half_tENS_6layout8RowMajorELi1ENS8_29PitchLinearWarpRakedThreadMapINS_16PitchLinearShapeILi64ELi128EEELi256ENSH_ILi8ELi4EEELi8EEENS_5ArrayISD_Li8ELb0EEELb0ENSE_9NoPermuteEEENS9_25RegularTileAccessIteratorISC_SD_NSE_37RowMajorTensorOpMultiplicandCrosswiseILi16ELi64EEELi0ESK_Li16EEELNS_4arch14CacheOperation4KindE1ENSA_INSB_ILi64ELi256EEESD_SF_Li0ENSG_INSH_ILi256ELi64EEELi256ESJ_Li8EEESM_Lb0ESN_EENSP_ISW_SD_NSE_37RowMajorTensorOpMultiplicandCongruousILi16ELi64EEELi0ESY_Li16EEELSV_1EfSF_NS4_9MmaPolicyINS1_4warp11MmaTensorOpINS6_ILi64ELi64ELi64EEESD_SR_SD_S11_fSF_NS14_17MmaTensorOpPolicyINST_3MmaINS6_ILi16ELi8ELi16EEELi32ESD_SF_SD_NSE_11ColumnMajorEfSF_NST_13OpMultiplyAddEEENSB_ILi1ELi1EEEEELi1ELb0EbEENSB_ILi0ELi0EEES1G_Li1EEELi3ELNS1_23SharedMemoryClearOptionE0EbEENS_8epilogue11threadblock8EpilogueIS7_S1F_Li1ENS1L_22PredicatedTileIteratorINS1L_26OutputTileOptimalThreadMapINS1L_15OutputTileShapeILi256ELi8ELi2ELi1ELi1EEENS1P_ILi1ELi8ELi1ELi1ELi8EEELi256ELi4ELi32EEEfLb0ESN_Lb0EEENS1K_4warp24FragmentIteratorTensorOpIS16_S19_fNSL_IfLi4ELb1EEESF_EENS1U_20TileIteratorTensorOpIS16_S19_fSF_EENS1L_18SharedLoadIteratorINS1S_18CompactedThreadMapEfLi16EEENS1K_6thread17LinearCombinationIfLi4EffLNS23_9ScaleType4KindE0ELNS_15FloatRoundStyleE2EfEENSB_ILi0ELi8EEELi2ELi1EEENS4_30GemmIdentityThreadblockSwizzleILi1EEELb0EEEEEvNT_6ParamsE'
GPGPU-Sim uArch: CTA/core = 1, limited by: shmem regs
GPGPU-Sim: Reconfigure L1 cache to 28KB
thread block = 0,0,0
GPGPU-Sim uArch: Shader 1 bind to kernel 1 '_ZN7cutlass6KernelINS_4gemm6kernel4GemmINS1_11threadblock13MmaMultistageINS1_9GemmShapeILi128ELi256ELi64EEENS_9transform11threadblock28PredicatedTileAccessIteratorINS_11MatrixShapeILi128ELi64EEENS_6half_tENS_6layout8RowMajorELi1ENS8_29PitchLinearWarpRakedThreadMapINS_16PitchLinearShapeILi64ELi128EEELi256ENSH_ILi8ELi4EEELi8EEENS_5ArrayISD_Li8ELb0EEELb0ENSE_9NoPermuteEEENS9_25RegularTileAccessIteratorISC_SD_NSE_37RowMajorTensorOpMultiplicandCrosswiseILi16ELi64EEELi0ESK_Li16EEELNS_4arch14CacheOperation4KindE1ENSA_INSB_ILi64ELi256EEESD_SF_Li0ENSG_INSH_ILi256ELi64EEELi256ESJ_Li8EEESM_Lb0ESN_EENSP_ISW_SD_NSE_37RowMajorTensorOpMultiplicandCongruousILi16ELi64EEELi0ESY_Li16EEELSV_1EfSF_NS4_9MmaPolicyINS1_4warp11MmaTensorOpINS6_ILi64ELi64ELi64EEESD_SR_SD_S11_fSF_NS14_17MmaTensorOpPolicyINST_3MmaINS6_ILi16ELi8ELi16EEELi32ESD_SF_SD_NSE_11ColumnMajorEfSF_NST_13OpMultiplyAddEEENSB_ILi1ELi1EEEEELi1ELb0EbEENSB_ILi0ELi0EEES1G_Li1EEELi3ELNS1_23SharedMemoryClearOptionE0EbEENS_8epilogue11threadblock8EpilogueIS7_S1F_Li1ENS1L_22PredicatedTileIteratorINS1L_26OutputTileOptimalThreadMapINS1L_15OutputTileShapeILi256ELi8ELi2ELi1ELi1EEENS1P_ILi1ELi8ELi1ELi1ELi8EEELi256ELi4ELi32EEEfLb0ESN_Lb0EEENS1K_4warp24FragmentIteratorTensorOpIS16_S19_fNSL_IfLi4ELb1EEESF_EENS1U_20TileIteratorTensorOpIS16_S19_fSF_EENS1L_18SharedLoadIteratorINS1S_18CompactedThreadMapEfLi16EEENS1K_6thread17LinearCombinationIfLi4EffLNS23_9ScaleType4KindE0ELNS_15FloatRoundStyleE2EfEENSB_ILi0ELi8EEELi2ELi1EEENS4_30GemmIdentityThreadblockSwizzleILi1EEELb0EEEEEvNT_6ParamsE'
thread block = 1,0,0
GPGPU-Sim uArch: Shader 2 bind to kernel 1 '_ZN7cutlass6KernelINS_4gemm6kernel4GemmINS1_11threadblock13MmaMultistageINS1_9GemmShapeILi128ELi256ELi64EEENS_9transform11threadblock28PredicatedTileAccessIteratorINS_11MatrixShapeILi128ELi64EEENS_6half_tENS_6layout8RowMajorELi1ENS8_29PitchLinearWarpRakedThreadMapINS_16PitchLinearShapeILi64ELi128EEELi256ENSH_ILi8ELi4EEELi8EEENS_5ArrayISD_Li8ELb0EEELb0ENSE_9NoPermuteEEENS9_25RegularTileAccessIteratorISC_SD_NSE_37RowMajorTensorOpMultiplicandCrosswiseILi16ELi64EEELi0ESK_Li16EEELNS_4arch14CacheOperation4KindE1ENSA_INSB_ILi64ELi256EEESD_SF_Li0ENSG_INSH_ILi256ELi64EEELi256ESJ_Li8EEESM_Lb0ESN_EENSP_ISW_SD_NSE_37RowMajorTensorOpMultiplicandCongruousILi16ELi64EEELi0ESY_Li16EEELSV_1EfSF_NS4_9MmaPolicyINS1_4warp11MmaTensorOpINS6_ILi64ELi64ELi64EEESD_SR_SD_S11_fSF_NS14_17MmaTensorOpPolicyINST_3MmaINS6_ILi16ELi8ELi16EEELi32ESD_SF_SD_NSE_11ColumnMajorEfSF_NST_13OpMultiplyAddEEENSB_ILi1ELi1EEEEELi1ELb0EbEENSB_ILi0ELi0EEES1G_Li1EEELi3ELNS1_23SharedMemoryClearOptionE0EbEENS_8epilogue11threadblock8EpilogueIS7_S1F_Li1ENS1L_22PredicatedTileIteratorINS1L_26OutputTileOptimalThreadMapINS1L_15OutputTileShapeILi256ELi8ELi2ELi1ELi1EEENS1P_ILi1ELi8ELi1ELi1ELi8EEELi256ELi4ELi32EEEfLb0ESN_Lb0EEENS1K_4warp24FragmentIteratorTensorOpIS16_S19_fNSL_IfLi4ELb1EEESF_EENS1U_20TileIteratorTensorOpIS16_S19_fSF_EENS1L_18SharedLoadIteratorINS1S_18CompactedThreadMapEfLi16EEENS1K_6thread17LinearCombinationIfLi4EffLNS23_9ScaleType4KindE0ELNS_15FloatRoundStyleE2EfEENSB_ILi0ELi8EEELi2ELi1EEENS4_30GemmIdentityThreadblockSwizzleILi1EEELb0EEEEEvNT_6ParamsE'
thread block = 2,0,0
GPGPU-Sim uArch: Shader 3 bind to kernel 1 '_ZN7cutlass6KernelINS_4gemm6kernel4GemmINS1_11threadblock13MmaMultistageINS1_9GemmShapeILi128ELi256ELi64EEENS_9transform11threadblock28PredicatedTileAccessIteratorINS_11MatrixShapeILi128ELi64EEENS_6half_tENS_6layout8RowMajorELi1ENS8_29PitchLinearWarpRakedThreadMapINS_16PitchLinearShapeILi64ELi128EEELi256ENSH_ILi8ELi4EEELi8EEENS_5ArrayISD_Li8ELb0EEELb0ENSE_9NoPermuteEEENS9_25RegularTileAccessIteratorISC_SD_NSE_37RowMajorTensorOpMultiplicandCrosswiseILi16ELi64EEELi0ESK_Li16EEELNS_4arch14CacheOperation4KindE1ENSA_INSB_ILi64ELi256EEESD_SF_Li0ENSG_INSH_ILi256ELi64EEELi256ESJ_Li8EEESM_Lb0ESN_EENSP_ISW_SD_NSE_37RowMajorTensorOpMultiplicandCongruousILi16ELi64EEELi0ESY_Li16EEELSV_1EfSF_NS4_9MmaPolicyINS1_4warp11MmaTensorOpINS6_ILi64ELi64ELi64EEESD_SR_SD_S11_fSF_NS14_17MmaTensorOpPolicyINST_3MmaINS6_ILi16ELi8ELi16EEELi32ESD_SF_SD_NSE_11ColumnMajorEfSF_NST_13OpMultiplyAddEEENSB_ILi1ELi1EEEEELi1ELb0EbEENSB_ILi0ELi0EEES1G_Li1EEELi3ELNS1_23SharedMemoryClearOptionE0EbEENS_8epilogue11threadblock8EpilogueIS7_S1F_Li1ENS1L_22PredicatedTileIteratorINS1L_26OutputTileOptimalThreadMapINS1L_15OutputTileShapeILi256ELi8ELi2ELi1ELi1EEENS1P_ILi1ELi8ELi1ELi1ELi8EEELi256ELi4ELi32EEEfLb0ESN_Lb0EEENS1K_4warp24FragmentIteratorTensorOpIS16_S19_fNSL_IfLi4ELb1EEESF_EENS1U_20TileIteratorTensorOpIS16_S19_fSF_EENS1L_18SharedLoadIteratorINS1S_18CompactedThreadMapEfLi16EEENS1K_6thread17LinearCombinationIfLi4EffLNS23_9ScaleType4KindE0ELNS_15FloatRoundStyleE2EfEENSB_ILi0ELi8EEELi2ELi1EEENS4_30GemmIdentityThreadblockSwizzleILi1EEELb0EEEEEvNT_6ParamsE'
thread block = 3,0,0
GPGPU-Sim uArch: Shader 4 bind to kernel 1 '_ZN7cutlass6KernelINS_4gemm6kernel4GemmINS1_11threadblock13MmaMultistageINS1_9GemmShapeILi128ELi256ELi64EEENS_9transform11threadblock28PredicatedTileAccessIteratorINS_11MatrixShapeILi128ELi64EEENS_6half_tENS_6layout8RowMajorELi1ENS8_29PitchLinearWarpRakedThreadMapINS_16PitchLinearShapeILi64ELi128EEELi256ENSH_ILi8ELi4EEELi8EEENS_5ArrayISD_Li8ELb0EEELb0ENSE_9NoPermuteEEENS9_25RegularTileAccessIteratorISC_SD_NSE_37RowMajorTensorOpMultiplicandCrosswiseILi16ELi64EEELi0ESK_Li16EEELNS_4arch14CacheOperation4KindE1ENSA_INSB_ILi64ELi256EEESD_SF_Li0ENSG_INSH_ILi256ELi64EEELi256ESJ_Li8EEESM_Lb0ESN_EENSP_ISW_SD_NSE_37RowMajorTensorOpMultiplicandCongruousILi16ELi64EEELi0ESY_Li16EEELSV_1EfSF_NS4_9MmaPolicyINS1_4warp11MmaTensorOpINS6_ILi64ELi64ELi64EEESD_SR_SD_S11_fSF_NS14_17MmaTensorOpPolicyINST_3MmaINS6_ILi16ELi8ELi16EEELi32ESD_SF_SD_NSE_11ColumnMajorEfSF_NST_13OpMultiplyAddEEENSB_ILi1ELi1EEEEELi1ELb0EbEENSB_ILi0ELi0EEES1G_Li1EEELi3ELNS1_23SharedMemoryClearOptionE0EbEENS_8epilogue11threadblock8EpilogueIS7_S1F_Li1ENS1L_22PredicatedTileIteratorINS1L_26OutputTileOptimalThreadMapINS1L_15OutputTileShapeILi256ELi8ELi2ELi1ELi1EEENS1P_ILi1ELi8ELi1ELi1ELi8EEELi256ELi4ELi32EEEfLb0ESN_Lb0EEENS1K_4warp24FragmentIteratorTensorOpIS16_S19_fNSL_IfLi4ELb1EEESF_EENS1U_20TileIteratorTensorOpIS16_S19_fSF_EENS1L_18SharedLoadIteratorINS1S_18CompactedThreadMapEfLi16EEENS1K_6thread17LinearCombinationIfLi4EffLNS23_9ScaleType4KindE0ELNS_15FloatRoundStyleE2EfEENSB_ILi0ELi8EEELi2ELi1EEENS4_30GemmIdentityThreadblockSwizzleILi1EEELb0EEEEEvNT_6ParamsE'
thread block = 0,1,0
GPGPU-Sim uArch: Shader 5 bind to kernel 1 '_ZN7cutlass6KernelINS_4gemm6kernel4GemmINS1_11threadblock13MmaMultistageINS1_9GemmShapeILi128ELi256ELi64EEENS_9transform11threadblock28PredicatedTileAccessIteratorINS_11MatrixShapeILi128ELi64EEENS_6half_tENS_6layout8RowMajorELi1ENS8_29PitchLinearWarpRakedThreadMapINS_16PitchLinearShapeILi64ELi128EEELi256ENSH_ILi8ELi4EEELi8EEENS_5ArrayISD_Li8ELb0EEELb0ENSE_9NoPermuteEEENS9_25RegularTileAccessIteratorISC_SD_NSE_37RowMajorTensorOpMultiplicandCrosswiseILi16ELi64EEELi0ESK_Li16EEELNS_4arch14CacheOperation4KindE1ENSA_INSB_ILi64ELi256EEESD_SF_Li0ENSG_INSH_ILi256ELi64EEELi256ESJ_Li8EEESM_Lb0ESN_EENSP_ISW_SD_NSE_37RowMajorTensorOpMultiplicandCongruousILi16ELi64EEELi0ESY_Li16EEELSV_1EfSF_NS4_9MmaPolicyINS1_4warp11MmaTensorOpINS6_ILi64ELi64ELi64EEESD_SR_SD_S11_fSF_NS14_17MmaTensorOpPolicyINST_3MmaINS6_ILi16ELi8ELi16EEELi32ESD_SF_SD_NSE_11ColumnMajorEfSF_NST_13OpMultiplyAddEEENSB_ILi1ELi1EEEEELi1ELb0EbEENSB_ILi0ELi0EEES1G_Li1EEELi3ELNS1_23SharedMemoryClearOptionE0EbEENS_8epilogue11threadblock8EpilogueIS7_S1F_Li1ENS1L_22PredicatedTileIteratorINS1L_26OutputTileOptimalThreadMapINS1L_15OutputTileShapeILi256ELi8ELi2ELi1ELi1EEENS1P_ILi1ELi8ELi1ELi1ELi8EEELi256ELi4ELi32EEEfLb0ESN_Lb0EEENS1K_4warp24FragmentIteratorTensorOpIS16_S19_fNSL_IfLi4ELb1EEESF_EENS1U_20TileIteratorTensorOpIS16_S19_fSF_EENS1L_18SharedLoadIteratorINS1S_18CompactedThreadMapEfLi16EEENS1K_6thread17LinearCombinationIfLi4EffLNS23_9ScaleType4KindE0ELNS_15FloatRoundStyleE2EfEENSB_ILi0ELi8EEELi2ELi1EEENS4_30GemmIdentityThreadblockSwizzleILi1EEELb0EEEEEvNT_6ParamsE'
thread block = 1,1,0
GPGPU-Sim uArch: Shader 6 bind to kernel 1 '_ZN7cutlass6KernelINS_4gemm6kernel4GemmINS1_11threadblock13MmaMultistageINS1_9GemmShapeILi128ELi256ELi64EEENS_9transform11threadblock28PredicatedTileAccessIteratorINS_11MatrixShapeILi128ELi64EEENS_6half_tENS_6layout8RowMajorELi1ENS8_29PitchLinearWarpRakedThreadMapINS_16PitchLinearShapeILi64ELi128EEELi256ENSH_ILi8ELi4EEELi8EEENS_5ArrayISD_Li8ELb0EEELb0ENSE_9NoPermuteEEENS9_25RegularTileAccessIteratorISC_SD_NSE_37RowMajorTensorOpMultiplicandCrosswiseILi16ELi64EEELi0ESK_Li16EEELNS_4arch14CacheOperation4KindE1ENSA_INSB_ILi64ELi256EEESD_SF_Li0ENSG_INSH_ILi256ELi64EEELi256ESJ_Li8EEESM_Lb0ESN_EENSP_ISW_SD_NSE_37RowMajorTensorOpMultiplicandCongruousILi16ELi64EEELi0ESY_Li16EEELSV_1EfSF_NS4_9MmaPolicyINS1_4warp11MmaTensorOpINS6_ILi64ELi64ELi64EEESD_SR_SD_S11_fSF_NS14_17MmaTensorOpPolicyINST_3MmaINS6_ILi16ELi8ELi16EEELi32ESD_SF_SD_NSE_11ColumnMajorEfSF_NST_13OpMultiplyAddEEENSB_ILi1ELi1EEEEELi1ELb0EbEENSB_ILi0ELi0EEES1G_Li1EEELi3ELNS1_23SharedMemoryClearOptionE0EbEENS_8epilogue11threadblock8EpilogueIS7_S1F_Li1ENS1L_22PredicatedTileIteratorINS1L_26OutputTileOptimalThreadMapINS1L_15OutputTileShapeILi256ELi8ELi2ELi1ELi1EEENS1P_ILi1ELi8ELi1ELi1ELi8EEELi256ELi4ELi32EEEfLb0ESN_Lb0EEENS1K_4warp24FragmentIteratorTensorOpIS16_S19_fNSL_IfLi4ELb1EEESF_EENS1U_20TileIteratorTensorOpIS16_S19_fSF_EENS1L_18SharedLoadIteratorINS1S_18CompactedThreadMapEfLi16EEENS1K_6thread17LinearCombinationIfLi4EffLNS23_9ScaleType4KindE0ELNS_15FloatRoundStyleE2EfEENSB_ILi0ELi8EEELi2ELi1EEENS4_30GemmIdentityThreadblockSwizzleILi1EEELb0EEEEEvNT_6ParamsE'
thread block = 2,1,0
GPGPU-Sim uArch: Shader 7 bind to kernel 1 '_ZN7cutlass6KernelINS_4gemm6kernel4GemmINS1_11threadblock13MmaMultistageINS1_9GemmShapeILi128ELi256ELi64EEENS_9transform11threadblock28PredicatedTileAccessIteratorINS_11MatrixShapeILi128ELi64EEENS_6half_tENS_6layout8RowMajorELi1ENS8_29PitchLinearWarpRakedThreadMapINS_16PitchLinearShapeILi64ELi128EEELi256ENSH_ILi8ELi4EEELi8EEENS_5ArrayISD_Li8ELb0EEELb0ENSE_9NoPermuteEEENS9_25RegularTileAccessIteratorISC_SD_NSE_37RowMajorTensorOpMultiplicandCrosswiseILi16ELi64EEELi0ESK_Li16EEELNS_4arch14CacheOperation4KindE1ENSA_INSB_ILi64ELi256EEESD_SF_Li0ENSG_INSH_ILi256ELi64EEELi256ESJ_Li8EEESM_Lb0ESN_EENSP_ISW_SD_NSE_37RowMajorTensorOpMultiplicandCongruousILi16ELi64EEELi0ESY_Li16EEELSV_1EfSF_NS4_9MmaPolicyINS1_4warp11MmaTensorOpINS6_ILi64ELi64ELi64EEESD_SR_SD_S11_fSF_NS14_17MmaTensorOpPolicyINST_3MmaINS6_ILi16ELi8ELi16EEELi32ESD_SF_SD_NSE_11ColumnMajorEfSF_NST_13OpMultiplyAddEEENSB_ILi1ELi1EEEEELi1ELb0EbEENSB_ILi0ELi0EEES1G_Li1EEELi3ELNS1_23SharedMemoryClearOptionE0EbEENS_8epilogue11threadblock8EpilogueIS7_S1F_Li1ENS1L_22PredicatedTileIteratorINS1L_26OutputTileOptimalThreadMapINS1L_15OutputTileShapeILi256ELi8ELi2ELi1ELi1EEENS1P_ILi1ELi8ELi1ELi1ELi8EEELi256ELi4ELi32EEEfLb0ESN_Lb0EEENS1K_4warp24FragmentIteratorTensorOpIS16_S19_fNSL_IfLi4ELb1EEESF_EENS1U_20TileIteratorTensorOpIS16_S19_fSF_EENS1L_18SharedLoadIteratorINS1S_18CompactedThreadMapEfLi16EEENS1K_6thread17LinearCombinationIfLi4EffLNS23_9ScaleType4KindE0ELNS_15FloatRoundStyleE2EfEENSB_ILi0ELi8EEELi2ELi1EEENS4_30GemmIdentityThreadblockSwizzleILi1EEELb0EEEEEvNT_6ParamsE'
thread block = 3,1,0
Destroy streams for kernel 1: size 0
kernel_name = _ZN7cutlass6KernelINS_4gemm6kernel4GemmINS1_11threadblock13MmaMultistageINS1_9GemmShapeILi128ELi256ELi64EEENS_9transform11threadblock28PredicatedTileAccessIteratorINS_11MatrixShapeILi128ELi64EEENS_6half_tENS_6layout8RowMajorELi1ENS8_29PitchLinearWarpRakedThreadMapINS_16PitchLinearShapeILi64ELi128EEELi256ENSH_ILi8ELi4EEELi8EEENS_5ArrayISD_Li8ELb0EEELb0ENSE_9NoPermuteEEENS9_25RegularTileAccessIteratorISC_SD_NSE_37RowMajorTensorOpMultiplicandCrosswiseILi16ELi64EEELi0ESK_Li16EEELNS_4arch14CacheOperation4KindE1ENSA_INSB_ILi64ELi256EEESD_SF_Li0ENSG_INSH_ILi256ELi64EEELi256ESJ_Li8EEESM_Lb0ESN_EENSP_ISW_SD_NSE_37RowMajorTensorOpMultiplicandCongruousILi16ELi64EEELi0ESY_Li16EEELSV_1EfSF_NS4_9MmaPolicyINS1_4warp11MmaTensorOpINS6_ILi64ELi64ELi64EEESD_SR_SD_S11_fSF_NS14_17MmaTensorOpPolicyINST_3MmaINS6_ILi16ELi8ELi16EEELi32ESD_SF_SD_NSE_11ColumnMajorEfSF_NST_13OpMultiplyAddEEENSB_ILi1ELi1EEEEELi1ELb0EbEENSB_ILi0ELi0EEES1G_Li1EEELi3ELNS1_23SharedMemoryClearOptionE0EbEENS_8epilogue11threadblock8EpilogueIS7_S1F_Li1ENS1L_22PredicatedTileIteratorINS1L_26OutputTileOptimalThreadMapINS1L_15OutputTileShapeILi256ELi8ELi2ELi1ELi1EEENS1P_ILi1ELi8ELi1ELi1ELi8EEELi256ELi4ELi32EEEfLb0ESN_Lb0EEENS1K_4warp24FragmentIteratorTensorOpIS16_S19_fNSL_IfLi4ELb1EEESF_EENS1U_20TileIteratorTensorOpIS16_S19_fSF_EENS1L_18SharedLoadIteratorINS1S_18CompactedThreadMapEfLi16EEENS1K_6thread17LinearCombinationIfLi4EffLNS23_9ScaleType4KindE0ELNS_15FloatRoundStyleE2EfEENSB_ILi0ELi8EEELi2ELi1EEENS4_30GemmIdentityThreadblockSwizzleILi1EEELb0EEEEEvNT_6ParamsE 
kernel_launch_uid = 1 
kernel_stream_id = 0
gpu_sim_cycle = 35936
gpu_sim_insn = 6150144
gpu_ipc =     171.1416
gpu_tot_sim_cycle = 35936
gpu_tot_sim_insn = 6150144
gpu_tot_ipc =     171.1416
gpu_tot_issued_cta = 8
gpu_occupancy = 12.4701% 
gpu_tot_occupancy = 12.4701% 
max_total_param_size = 0
gpu_stall_dramfull = 0
gpu_stall_icnt2sh    = 0
partiton_level_parallism =       3.6474
partiton_level_parallism_total  =       3.6474
partiton_level_parallism_util =       5.5068
partiton_level_parallism_util_total  =       5.5068
L2_BW  =     164.5695 GB/Sec
L2_BW_total  =     164.5695 GB/Sec
gpu_total_sim_rate=1230028

========= Core cache stats =========
L1I_cache:
	L1I_total_cache_accesses = 0
	L1I_total_cache_misses = 0
	L1I_total_cache_pending_hits = 0
	L1I_total_cache_reservation_fails = 0
L1D_cache:
	L1D_cache_core[0]: Access = 4096, Miss = 4096, Miss_rate = 1.000, Pending_hits = 0, Reservation_fails = 5782
	L1D_cache_core[1]: Access = 4096, Miss = 4096, Miss_rate = 1.000, Pending_hits = 0, Reservation_fails = 5785
	L1D_cache_core[2]: Access = 4096, Miss = 4096, Miss_rate = 1.000, Pending_hits = 0, Reservation_fails = 5802
	L1D_cache_core[3]: Access = 4096, Miss = 4096, Miss_rate = 1.000, Pending_hits = 0, Reservation_fails = 5769
	L1D_cache_core[4]: Access = 4096, Miss = 4096, Miss_rate = 1.000, Pending_hits = 0, Reservation_fails = 5778
	L1D_cache_core[5]: Access = 4096, Miss = 4096, Miss_rate = 1.000, Pending_hits = 0, Reservation_fails = 5813
	L1D_cache_core[6]: Access = 4096, Miss = 4096, Miss_rate = 1.000, Pending_hits = 0, Reservation_fails = 5786
	L1D_cache_core[7]: Access = 4096, Miss = 4096, Miss_rate = 1.000, Pending_hits = 0, Reservation_fails = 5786
	L1D_cache_core[8]: Access = 0, Miss = 0, Miss_rate = -nan, Pending_hits = 0, Reservation_fails = 0
	L1D_cache_core[9]: Access = 0, Miss = 0, Miss_rate = -nan, Pending_hits = 0, Reservation_fails = 0
	L1D_cache_core[10]: Access = 0, Miss = 0, Miss_rate = -nan, Pending_hits = 0, Reservation_fails = 0
	L1D_cache_core[11]: Access = 0, Miss = 0, Miss_rate = -nan, Pending_hits = 0, Reservation_fails = 0
	L1D_cache_core[12]: Access = 0, Miss = 0, Miss_rate = -nan, Pending_hits = 0, Reservation_fails = 0
	L1D_cache_core[13]: Access = 0, Miss = 0, Miss_rate = -nan, Pending_hits = 0, Reservation_fails = 0
	L1D_cache_core[14]: Access = 0, Miss = 0, Miss_rate = -nan, Pending_hits = 0, Reservation_fails = 0
	L1D_cache_core[15]: Access = 0, Miss = 0, Miss_rate = -nan, Pending_hits = 0, Reservation_fails = 0
	L1D_cache_core[16]: Access = 0, Miss = 0, Miss_rate = -nan, Pending_hits = 0, Reservation_fails = 0
	L1D_cache_core[17]: Access = 0, Miss = 0, Miss_rate = -nan, Pending_hits = 0, Reservation_fails = 0
	L1D_cache_core[18]: Access = 0, Miss = 0, Miss_rate = -nan, Pending_hits = 0, Reservation_fails = 0
	L1D_cache_core[19]: Access = 0, Miss = 0, Miss_rate = -nan, Pending_hits = 0, Reservation_fails = 0
	L1D_cache_core[20]: Access = 0, Miss = 0, Miss_rate = -nan, Pending_hits = 0, Reservation_fails = 0
	L1D_cache_core[21]: Access = 0, Miss = 0, Miss_rate = -nan, Pending_hits = 0, Reservation_fails = 0
	L1D_cache_core[22]: Access = 0, Miss = 0, Miss_rate = -nan, Pending_hits = 0, Reservation_fails = 0
	L1D_cache_core[23]: Access = 0, Miss = 0, Miss_rate = -nan, Pending_hits = 0, Reservation_fails = 0
	L1D_cache_core[24]: Access = 0, Miss = 0, Miss_rate = -nan, Pending_hits = 0, Reservation_fails = 0
	L1D_cache_core[25]: Access = 0, Miss = 0, Miss_rate = -nan, Pending_hits = 0, Reservation_fails = 0
	L1D_cache_core[26]: Access = 0, Miss = 0, Miss_rate = -nan, Pending_hits = 0, Reservation_fails = 0
	L1D_cache_core[27]: Access = 0, Miss = 0, Miss_rate = -nan, Pending_hits = 0, Reservation_fails = 0
	L1D_cache_core[28]: Access = 0, Miss = 0, Miss_rate = -nan, Pending_hits = 0, Reservation_fails = 0
	L1D_cache_core[29]: Access = 0, Miss = 0, Miss_rate = -nan, Pending_hits = 0, Reservation_fails = 0
	L1D_cache_core[30]: Access = 0, Miss = 0, Miss_rate = -nan, Pending_hits = 0, Reservation_fails = 0
	L1D_cache_core[31]: Access = 0, Miss = 0, Miss_rate = -nan, Pending_hits = 0, Reservation_fails = 0
	L1D_cache_core[32]: Access = 0, Miss = 0, Miss_rate = -nan, Pending_hits = 0, Reservation_fails = 0
	L1D_cache_core[33]: Access = 0, Miss = 0, Miss_rate = -nan, Pending_hits = 0, Reservation_fails = 0
	L1D_cache_core[34]: Access = 0, Miss = 0, Miss_rate = -nan, Pending_hits = 0, Reservation_fails = 0
	L1D_cache_core[35]: Access = 0, Miss = 0, Miss_rate = -nan, Pending_hits = 0, Reservation_fails = 0
	L1D_cache_core[36]: Access = 0, Miss = 0, Miss_rate = -nan, Pending_hits = 0, Reservation_fails = 0
	L1D_cache_core[37]: Access = 0, Miss = 0, Miss_rate = -nan, Pending_hits = 0, Reservation_fails = 0
	L1D_cache_core[38]: Access = 0, Miss = 0, Miss_rate = -nan, Pending_hits = 0, Reservation_fails = 0
	L1D_cache_core[39]: Access = 0, Miss = 0, Miss_rate = -nan, Pending_hits = 0, Reservation_fails = 0
	L1D_cache_core[40]: Access = 0, Miss = 0, Miss_rate = -nan, Pending_hits = 0, Reservation_fails = 0
	L1D_cache_core[41]: Access = 0, Miss = 0, Miss_rate = -nan, Pending_hits = 0, Reservation_fails = 0
	L1D_cache_core[42]: Access = 0, Miss = 0, Miss_rate = -nan, Pending_hits = 0, Reservation_fails = 0
	L1D_cache_core[43]: Access = 0, Miss = 0, Miss_rate = -nan, Pending_hits = 0, Reservation_fails = 0
	L1D_cache_core[44]: Access = 0, Miss = 0, Miss_rate = -nan, Pending_hits = 0, Reservation_fails = 0
	L1D_cache_core[45]: Access = 0, Miss = 0, Miss_rate = -nan, Pending_hits = 0, Reservation_fails = 0
	L1D_cache_core[46]: Access = 0, Miss = 0, Miss_rate = -nan, Pending_hits = 0, Reservation_fails = 0
	L1D_cache_core[47]: Access = 0, Miss = 0, Miss_rate = -nan, Pending_hits = 0, Reservation_fails = 0
	L1D_cache_core[48]: Access = 0, Miss = 0, Miss_rate = -nan, Pending_hits = 0, Reservation_fails = 0
	L1D_cache_core[49]: Access = 0, Miss = 0, Miss_rate = -nan, Pending_hits = 0, Reservation_fails = 0
	L1D_cache_core[50]: Access = 0, Miss = 0, Miss_rate = -nan, Pending_hits = 0, Reservation_fails = 0
	L1D_cache_core[51]: Access = 0, Miss = 0, Miss_rate = -nan, Pending_hits = 0, Reservation_fails = 0
	L1D_cache_core[52]: Access = 0, Miss = 0, Miss_rate = -nan, Pending_hits = 0, Reservation_fails = 0
	L1D_cache_core[53]: Access = 0, Miss = 0, Miss_rate = -nan, Pending_hits = 0, Reservation_fails = 0
	L1D_cache_core[54]: Access = 0, Miss = 0, Miss_rate = -nan, Pending_hits = 0, Reservation_fails = 0
	L1D_cache_core[55]: Access = 0, Miss = 0, Miss_rate = -nan, Pending_hits = 0, Reservation_fails = 0
	L1D_cache_core[56]: Access = 0, Miss = 0, Miss_rate = -nan, Pending_hits = 0, Reservation_fails = 0
	L1D_cache_core[57]: Access = 0, Miss = 0, Miss_rate = -nan, Pending_hits = 0, Reservation_fails = 0
	L1D_cache_core[58]: Access = 0, Miss = 0, Miss_rate = -nan, Pending_hits = 0, Reservation_fails = 0
	L1D_cache_core[59]: Access = 0, Miss = 0, Miss_rate = -nan, Pending_hits = 0, Reservation_fails = 0
	L1D_cache_core[60]: Access = 0, Miss = 0, Miss_rate = -nan, Pending_hits = 0, Reservation_fails = 0
	L1D_cache_core[61]: Access = 0, Miss = 0, Miss_rate = -nan, Pending_hits = 0, Reservation_fails = 0
	L1D_cache_core[62]: Access = 0, Miss = 0, Miss_rate = -nan, Pending_hits = 0, Reservation_fails = 0
	L1D_cache_core[63]: Access = 0, Miss = 0, Miss_rate = -nan, Pending_hits = 0, Reservation_fails = 0
	L1D_cache_core[64]: Access = 0, Miss = 0, Miss_rate = -nan, Pending_hits = 0, Reservation_fails = 0
	L1D_cache_core[65]: Access = 0, Miss = 0, Miss_rate = -nan, Pending_hits = 0, Reservation_fails = 0
	L1D_cache_core[66]: Access = 0, Miss = 0, Miss_rate = -nan, Pending_hits = 0, Reservation_fails = 0
	L1D_cache_core[67]: Access = 0, Miss = 0, Miss_rate = -nan, Pending_hits = 0, Reservation_fails = 0
	L1D_cache_core[68]: Access = 0, Miss = 0, Miss_rate = -nan, Pending_hits = 0, Reservation_fails = 0
	L1D_cache_core[69]: Access = 0, Miss = 0, Miss_rate = -nan, Pending_hits = 0, Reservation_fails = 0
	L1D_cache_core[70]: Access = 0, Miss = 0, Miss_rate = -nan, Pending_hits = 0, Reservation_fails = 0
	L1D_cache_core[71]: Access = 0, Miss = 0, Miss_rate = -nan, Pending_hits = 0, Reservation_fails = 0
	L1D_cache_core[72]: Access = 0, Miss = 0, Miss_rate = -nan, Pending_hits = 0, Reservation_fails = 0
	L1D_cache_core[73]: Access = 0, Miss = 0, Miss_rate = -nan, Pending_hits = 0, Reservation_fails = 0
	L1D_cache_core[74]: Access = 0, Miss = 0, Miss_rate = -nan, Pending_hits = 0, Reservation_fails = 0
	L1D_cache_core[75]: Access = 0, Miss = 0, Miss_rate = -nan, Pending_hits = 0, Reservation_fails = 0
	L1D_cache_core[76]: Access = 0, Miss = 0, Miss_rate = -nan, Pending_hits = 0, Reservation_fails = 0
	L1D_cache_core[77]: Access = 0, Miss = 0, Miss_rate = -nan, Pending_hits = 0, Reservation_fails = 0
	L1D_cache_core[78]: Access = 0, Miss = 0, Miss_rate = -nan, Pending_hits = 0, Reservation_fails = 0
	L1D_cache_core[79]: Access = 0, Miss = 0, Miss_rate = -nan, Pending_hits = 0, Reservation_fails = 0
	L1D_cache_core[80]: Access = 0, Miss = 0, Miss_rate = -nan, Pending_hits = 0, Reservation_fails = 0
	L1D_cache_core[81]: Access = 0, Miss = 0, Miss_rate = -nan, Pending_hits = 0, Reservation_fails = 0
	L1D_cache_core[82]: Access = 0, Miss = 0, Miss_rate = -nan, Pending_hits = 0, Reservation_fails = 0
	L1D_cache_core[83]: Access = 0, Miss = 0, Miss_rate = -nan, Pending_hits = 0, Reservation_fails = 0
	L1D_cache_core[84]: Access = 0, Miss = 0, Miss_rate = -nan, Pending_hits = 0, Reservation_fails = 0
	L1D_cache_core[85]: Access = 0, Miss = 0, Miss_rate = -nan, Pending_hits = 0, Reservation_fails = 0
	L1D_cache_core[86]: Access = 0, Miss = 0, Miss_rate = -nan, Pending_hits = 0, Reservation_fails = 0
	L1D_cache_core[87]: Access = 0, Miss = 0, Miss_rate = -nan, Pending_hits = 0, Reservation_fails = 0
	L1D_cache_core[88]: Access = 0, Miss = 0, Miss_rate = -nan, Pending_hits = 0, Reservation_fails = 0
	L1D_cache_core[89]: Access = 0, Miss = 0, Miss_rate = -nan, Pending_hits = 0, Reservation_fails = 0
	L1D_cache_core[90]: Access = 0, Miss = 0, Miss_rate = -nan, Pending_hits = 0, Reservation_fails = 0
	L1D_cache_core[91]: Access = 0, Miss = 0, Miss_rate = -nan, Pending_hits = 0, Reservation_fails = 0
	L1D_cache_core[92]: Access = 0, Miss = 0, Miss_rate = -nan, Pending_hits = 0, Reservation_fails = 0
	L1D_cache_core[93]: Access = 0, Miss = 0, Miss_rate = -nan, Pending_hits = 0, Reservation_fails = 0
	L1D_cache_core[94]: Access = 0, Miss = 0, Miss_rate = -nan, Pending_hits = 0, Reservation_fails = 0
	L1D_cache_core[95]: Access = 0, Miss = 0, Miss_rate = -nan, Pending_hits = 0, Reservation_fails = 0
	L1D_cache_core[96]: Access = 0, Miss = 0, Miss_rate = -nan, Pending_hits = 0, Reservation_fails = 0
	L1D_cache_core[97]: Access = 0, Miss = 0, Miss_rate = -nan, Pending_hits = 0, Reservation_fails = 0
	L1D_cache_core[98]: Access = 0, Miss = 0, Miss_rate = -nan, Pending_hits = 0, Reservation_fails = 0
	L1D_cache_core[99]: Access = 0, Miss = 0, Miss_rate = -nan, Pending_hits = 0, Reservation_fails = 0
	L1D_cache_core[100]: Access = 0, Miss = 0, Miss_rate = -nan, Pending_hits = 0, Reservation_fails = 0
	L1D_cache_core[101]: Access = 0, Miss = 0, Miss_rate = -nan, Pending_hits = 0, Reservation_fails = 0
	L1D_cache_core[102]: Access = 0, Miss = 0, Miss_rate = -nan, Pending_hits = 0, Reservation_fails = 0
	L1D_cache_core[103]: Access = 0, Miss = 0, Miss_rate = -nan, Pending_hits = 0, Reservation_fails = 0
	L1D_cache_core[104]: Access = 0, Miss = 0, Miss_rate = -nan, Pending_hits = 0, Reservation_fails = 0
	L1D_cache_core[105]: Access = 0, Miss = 0, Miss_rate = -nan, Pending_hits = 0, Reservation_fails = 0
	L1D_cache_core[106]: Access = 0, Miss = 0, Miss_rate = -nan, Pending_hits = 0, Reservation_fails = 0
	L1D_cache_core[107]: Access = 0, Miss = 0, Miss_rate = -nan, Pending_hits = 0, Reservation_fails = 0
	L1D_total_cache_accesses = 32768
	L1D_total_cache_misses = 32768
	L1D_total_cache_miss_rate = 1.0000
	L1D_total_cache_pending_hits = 0
	L1D_total_cache_reservation_fails = 46301
	L1D_cache_data_port_util = 0.000
	L1D_cache_fill_port_util = 0.000
L1C_cache:
	L1C_total_cache_accesses = 0
	L1C_total_cache_misses = 0
	L1C_total_cache_pending_hits = 0
	L1C_total_cache_reservation_fails = 0
L1T_cache:
	L1T_total_cache_accesses = 0
	L1T_total_cache_misses = 0
	L1T_total_cache_pending_hits = 0
	L1T_total_cache_reservation_fails = 0

Total_core_cache_stats:
	Total_core_cache_stats_breakdown[GLOBAL_ACC_R][HIT] = 0
	Total_core_cache_stats_breakdown[GLOBAL_ACC_R][HIT_RESERVED] = 0
	Total_core_cache_stats_breakdown[GLOBAL_ACC_R][MISS] = 0
	Total_core_cache_stats_breakdown[GLOBAL_ACC_R][RESERVATION_FAIL] = 0
	Total_core_cache_stats_breakdown[GLOBAL_ACC_R][SECTOR_MISS] = 0
	Total_core_cache_stats_breakdown[GLOBAL_ACC_R][MSHR_HIT] = 0
	Total_core_cache_stats_breakdown[LOCAL_ACC_R][HIT] = 0
	Total_core_cache_stats_breakdown[LOCAL_ACC_R][HIT_RESERVED] = 0
	Total_core_cache_stats_breakdown[LOCAL_ACC_R][MISS] = 0
	Total_core_cache_stats_breakdown[LOCAL_ACC_R][RESERVATION_FAIL] = 0
	Total_core_cache_stats_breakdown[LOCAL_ACC_R][SECTOR_MISS] = 0
	Total_core_cache_stats_breakdown[LOCAL_ACC_R][MSHR_HIT] = 0
	Total_core_cache_stats_breakdown[CONST_ACC_R][HIT] = 0
	Total_core_cache_stats_breakdown[CONST_ACC_R][HIT_RESERVED] = 0
	Total_core_cache_stats_breakdown[CONST_ACC_R][MISS] = 0
	Total_core_cache_stats_breakdown[CONST_ACC_R][RESERVATION_FAIL] = 0
	Total_core_cache_stats_breakdown[CONST_ACC_R][SECTOR_MISS] = 0
	Total_core_cache_stats_breakdown[CONST_ACC_R][MSHR_HIT] = 0
	Total_core_cache_stats_breakdown[TEXTURE_ACC_R][HIT] = 0
	Total_core_cache_stats_breakdown[TEXTURE_ACC_R][HIT_RESERVED] = 0
	Total_core_cache_stats_breakdown[TEXTURE_ACC_R][MISS] = 0
	Total_core_cache_stats_breakdown[TEXTURE_ACC_R][RESERVATION_FAIL] = 0
	Total_core_cache_stats_breakdown[TEXTURE_ACC_R][SECTOR_MISS] = 0
	Total_core_cache_stats_breakdown[TEXTURE_ACC_R][MSHR_HIT] = 0
	Total_core_cache_stats_breakdown[GLOBAL_ACC_W][HIT] = 0
	Total_core_cache_stats_breakdown[GLOBAL_ACC_W][HIT_RESERVED] = 0
	Total_core_cache_stats_breakdown[GLOBAL_ACC_W][MISS] = 8192
	Total_core_cache_stats_breakdown[GLOBAL_ACC_W][RESERVATION_FAIL] = 46301
	Total_core_cache_stats_breakdown[GLOBAL_ACC_W][SECTOR_MISS] = 24576
	Total_core_cache_stats_breakdown[GLOBAL_ACC_W][MSHR_HIT] = 0
	Total_core_cache_stats_breakdown[LOCAL_ACC_W][HIT] = 0
	Total_core_cache_stats_breakdown[LOCAL_ACC_W][HIT_RESERVED] = 0
	Total_core_cache_stats_breakdown[LOCAL_ACC_W][MISS] = 0
	Total_core_cache_stats_breakdown[LOCAL_ACC_W][RESERVATION_FAIL] = 0
	Total_core_cache_stats_breakdown[LOCAL_ACC_W][SECTOR_MISS] = 0
	Total_core_cache_stats_breakdown[LOCAL_ACC_W][MSHR_HIT] = 0
	Total_core_cache_stats_breakdown[L1_WRBK_ACC][HIT] = 0
	Total_core_cache_stats_breakdown[L1_WRBK_ACC][HIT_RESERVED] = 0
	Total_core_cache_stats_breakdown[L1_WRBK_ACC][MISS] = 0
	Total_core_cache_stats_breakdown[L1_WRBK_ACC][RESERVATION_FAIL] = 0
	Total_core_cache_stats_breakdown[L1_WRBK_ACC][SECTOR_MISS] = 0
	Total_core_cache_stats_breakdown[L1_WRBK_ACC][MSHR_HIT] = 0
	Total_core_cache_stats_breakdown[L2_WRBK_ACC][HIT] = 0
	Total_core_cache_stats_breakdown[L2_WRBK_ACC][HIT_RESERVED] = 0
	Total_core_cache_stats_breakdown[L2_WRBK_ACC][MISS] = 0
	Total_core_cache_stats_breakdown[L2_WRBK_ACC][RESERVATION_FAIL] = 0
	Total_core_cache_stats_breakdown[L2_WRBK_ACC][SECTOR_MISS] = 0
	Total_core_cache_stats_breakdown[L2_WRBK_ACC][MSHR_HIT] = 0
	Total_core_cache_stats_breakdown[INST_ACC_R][HIT] = 0
	Total_core_cache_stats_breakdown[INST_ACC_R][HIT_RESERVED] = 0
	Total_core_cache_stats_breakdown[INST_ACC_R][MISS] = 0
	Total_core_cache_stats_breakdown[INST_ACC_R][RESERVATION_FAIL] = 0
	Total_core_cache_stats_breakdown[INST_ACC_R][SECTOR_MISS] = 0
	Total_core_cache_stats_breakdown[INST_ACC_R][MSHR_HIT] = 0
	Total_core_cache_stats_breakdown[L1_WR_ALLOC_R][HIT] = 0
	Total_core_cache_stats_breakdown[L1_WR_ALLOC_R][HIT_RESERVED] = 0
	Total_core_cache_stats_breakdown[L1_WR_ALLOC_R][MISS] = 0
	Total_core_cache_stats_breakdown[L1_WR_ALLOC_R][RESERVATION_FAIL] = 0
	Total_core_cache_stats_breakdown[L1_WR_ALLOC_R][SECTOR_MISS] = 0
	Total_core_cache_stats_breakdown[L1_WR_ALLOC_R][MSHR_HIT] = 0
	Total_core_cache_stats_breakdown[L2_WR_ALLOC_R][HIT] = 0
	Total_core_cache_stats_breakdown[L2_WR_ALLOC_R][HIT_RESERVED] = 0
	Total_core_cache_stats_breakdown[L2_WR_ALLOC_R][MISS] = 0
	Total_core_cache_stats_breakdown[L2_WR_ALLOC_R][RESERVATION_FAIL] = 0
	Total_core_cache_stats_breakdown[L2_WR_ALLOC_R][SECTOR_MISS] = 0
	Total_core_cache_stats_breakdown[L2_WR_ALLOC_R][MSHR_HIT] = 0
	Total_core_cache_stats_breakdown[GLOBAL_ACC_W][TOTAL_ACCESS] = 32768

Total_core_cache_fail_stats:
	Total_core_cache_fail_stats_breakdown[GLOBAL_ACC_W][MISS_QUEUE_FULL] = 46301
ctas_completed 8, Shader 0 warp_id issue ditsribution:
warp_id:
0, 1, 2, 3, 4, 5, 6, 7, 
distro:
3031, 3031, 3031, 3031, 3031, 3031, 3031, 3031, 
gpgpu_n_tot_thrd_icount = 6404096
gpgpu_n_tot_w_icount = 200128
gpgpu_n_stall_shd_mem = 128245
gpgpu_n_mem_read_local = 0
gpgpu_n_mem_write_local = 0
gpgpu_n_mem_read_global = 98304
gpgpu_n_mem_write_global = 32768
gpgpu_n_mem_texture = 0
gpgpu_n_mem_const = 0
gpgpu_n_load_insn  = 196608
gpgpu_n_store_insn = 65536
gpgpu_n_shmem_insn = 737280
gpgpu_n_sstarr_insn = 0
gpgpu_n_tex_insn = 0
gpgpu_n_const_mem_insn = 0
gpgpu_n_param_mem_insn = 0
gpgpu_n_shmem_bkconflict = 60928
gpgpu_n_l1cache_bkconflict = 19384
gpgpu_n_intrawarp_mshr_merge = 0
gpgpu_n_cmem_portconflict = 0
gpgpu_stall_shd_mem[c_mem][resource_stall] = 0
gpgpu_stall_shd_mem[s_mem][bk_conf] = 60928
gpgpu_stall_shd_mem[gl_mem][resource_stall] = 19384
gpgpu_stall_shd_mem[gl_mem][coal_stall] = 20463
gpgpu_stall_shd_mem[gl_mem][data_port_stall] = 0
gpu_reg_bank_conflict_stalls = 0
Warp Occupancy Distribution:
Stall:679338	W0_Idle:43033	W0_Scoreboard:74237	W1:0	W2:0	W3:0	W4:0	W5:0	W6:0	W7:0	W8:0	W9:0	W10:0	W11:0	W12:0	W13:0	W14:0	W15:0	W16:0	W17:0	W18:0	W19:0	W20:0	W21:0	W22:0	W23:0	W24:0	W25:0	W26:0	W27:0	W28:0	W29:0	W30:0	W31:0	W32:186048
single_issue_nums: WS0:48496	WS1:48496	WS2:48496	WS3:48496	
dual_issue_nums: WS0:0	WS1:0	WS2:0	WS3:0	
traffic_breakdown_coretomem[GLOBAL_ACC_R] = 786432 {8:98304,}
traffic_breakdown_coretomem[GLOBAL_ACC_W] = 1310720 {40:32768,}
traffic_breakdown_memtocore[GLOBAL_ACC_R] = 3932160 {40:98304,}
traffic_breakdown_memtocore[GLOBAL_ACC_W] = 262144 {8:32768,}
maxmflatency = 2464 
max_icnt2mem_latency = 953 
maxmrqlatency = 441 
max_icnt2sh_latency = 1309 
averagemflatency = 697 
avg_icnt2mem_latency = 279 
avg_mrq_latency = 15 
avg_icnt2sh_latency = 133 
mrq_lat_table:11230 	4644 	5325 	3617 	3627 	2363 	1354 	490 	118 	0 	0 	0 	0 	0 	0 	0 	0 	0 	0 	0 	0 	0 	0 	0 	0 	0 	0 	0 	0 	0 	0 	0 	
dq_lat_table:0 	0 	0 	0 	0 	0 	0 	0 	0 	0 	0 	0 	0 	0 	0 	0 	0 	0 	0 	0 	0 	0 	0 	0 	0 	0 	0 	0 	0 	0 	0 	0 	
mf_lat_table:0 	0 	0 	0 	0 	0 	0 	1735 	46410 	58323 	24330 	274 	0 	0 	0 	0 	0 	0 	0 	0 	0 	0 	0 	0 	0 	0 	0 	0 	0 	0 	0 	0 	
icnt2mem_lat_table:0 	261 	674 	1596 	3088 	14300 	26218 	31715 	22898 	30322 	0 	0 	0 	0 	0 	0 	0 	0 	0 	0 	0 	0 	0 	0 	
icnt2sh_lat_table:0 	38837 	5021 	6051 	8801 	12071 	15750 	18811 	17914 	7569 	247 	0 	0 	0 	0 	0 	0 	0 	0 	0 	0 	0 	0 	0 	
mf_lat_pw_table:0 	0 	0 	0 	0 	0 	0 	0 	11 	29 	10 	0 	0 	0 	0 	0 	0 	0 	0 	0 	0 	0 	0 	0 	0 	0 	0 	0 	0 	0 	0 	0 	
maximum concurrent accesses to same row:
dram[0]:        60        52        64        24        64        64        64        64        64        64        36        32        32        16        28        36 
dram[1]:        64        64        64        64        44        64        32        64        64        24        16        16        24        16        20        20 
dram[2]:        64        64        64        64        64        64        64        64        64        64        24        64        12        44        24        20 
dram[3]:        64        64        64        64        64        64        64        64        64        64        64        64        64        64        64        64 
dram[4]:        60        56        64        20        64        64        64        64        64        64        28        36        40        20        40        20 
dram[5]:        64        64        64        64        44        64        32        64        64        24        16        28        20        20        20        16 
dram[6]:        64        64        64        64        64        64        64        64        64        64        20        64        12        44        28        24 
dram[7]:        64        64        64        64        64        64        64        64        64        64        64        64        64        64        64        64 
dram[8]:        56        52        64        28        64        64        64        64        64        64        40        28        32        20        36        36 
dram[9]:        64        64        64        64        40        64        32        64        64        20        16        28        20        16        24        20 
dram[10]:        64        64        64        64        64        64        64        64        64        64        20        64        16        40        28        24 
dram[11]:        64        64        64        64        64        64        64        64        64        64        64        64        64        64        64        64 
maximum service time to same row:
dram[0]:     12881     12085     13037     10408     13799     13712      6396      8044      6428      8263      6222      8005      7956      8167     10524      8635 
dram[1]:     10481      7973     10497      7927     11605     10572     10257     10958     10305     12691     10224     12685     10336     12697     10256     12732 
dram[2]:      8004     10572      8104     10516      8992      9014     10319     10351     12810     12898     12766     12782     15226     15265     15124     17694 
dram[3]:     12638     13046     12789     13041     11227     13676     10678     12180     13253     13237     13159     13198     15669     15685     18333     18349 
dram[4]:     12881     12085     13000     10392     13799     13717      6409      8052      6431      8256      6242      8001      7963      8163     10496      8573 
dram[5]:     10481      7973     10485      7928     11591     10572     10271     10954     10301     12687     10220     12681     10332     12693     10252     12741 
dram[6]:      8004     10572      8092     10504      8988      9014     10315     10347     12806     12894     12762     12778     15219     15261     15120     17690 
dram[7]:     12650     13058     12789     13041     11227     13675     10674     12197     13249     13233     13155     13194     15665     15681     18329     18345 
dram[8]:     12994     12029     13059     10394     13787     13692      6404      8048      6434      8244      6231      7997      8008      8174     10550      8663 
dram[9]:     10481      7985     10485      7929     11592     10560     10264     10950     10297     12683     10228     12677     10328     12701     10263     12736 
dram[10]:      8016     10572      8092     10504      8996      9014     10311     10343     12814     12902     12758     12774     15212     15269     15116     17686 
dram[11]:     12650     13058     12789     13041     11227     13663     10670     12194     13257     13241     13151     13190     15673     15689     18337     18353 
average row accesses per activate:
dram[0]: 38.400002 38.400002 64.000000 19.200001 57.333332 57.333332 64.000000 64.000000 64.000000 64.000000 21.000000 18.666666 17.454546 14.769231 21.333334 21.333334 
dram[1]: 64.000000 64.000000 64.000000 64.000000 28.666666 57.333332 21.333334 64.000000 64.000000  9.142858 18.666666 11.200000 17.454546 14.769231 17.454546 19.200001 
dram[2]: 64.000000 64.000000 64.000000 64.000000 57.333332 57.333332 64.000000 64.000000 64.000000 64.000000  9.882353 21.000000  7.680000 12.800000 21.333334 12.000000 
dram[3]: 17.454546 64.000000 21.333334 16.000000 57.333332 19.111111 64.000000 64.000000 64.000000 64.000000 18.666666 15.272727 19.200001 14.769231 12.800000 13.714286 
dram[4]: 38.400002 38.400002 64.000000 19.200001 57.333332 57.333332 64.000000 64.000000 64.000000 64.000000 21.500000 19.111111 21.333334 14.769231 21.333334 17.454546 
dram[5]: 64.000000 64.000000 64.000000 64.000000 21.500000 57.333332 21.333334 64.000000 64.000000  9.142858 19.111111 11.466666 17.454546 12.800000 17.454546 19.200001 
dram[6]: 64.000000 64.000000 64.000000 64.000000 57.333332 57.333332 64.000000 64.000000 64.000000 64.000000 10.750000 19.111111  8.347826 14.769231 21.333334 11.294118 
dram[7]: 17.454546 64.000000 21.333334 16.000000 57.333332 19.111111 64.000000 64.000000 64.000000 64.000000 19.111111 15.636364 19.200001 12.800000 12.800000 12.000000 
dram[8]: 38.400002 38.400002 64.000000 19.200001 56.000000 56.000000 64.000000 64.000000 64.000000 64.000000 21.500000 19.111111 21.333334 14.769231 21.333334 21.333334 
dram[9]: 64.000000 64.000000 64.000000 64.000000 21.000000 56.000000 21.333334 64.000000 64.000000  9.142858 19.111111 11.466666 17.454546 14.769231 17.454546 19.200001 
dram[10]: 64.000000 64.000000 64.000000 64.000000 56.000000 56.000000 64.000000 64.000000 64.000000 64.000000 10.117647 21.500000  8.727273 14.769231 21.333334 12.800000 
dram[11]: 21.333334 64.000000 21.333334 16.000000 56.000000 18.666666 64.000000 64.000000 64.000000 64.000000 19.111111 15.636364 24.000000 12.800000 11.294118 12.000000 
average row locality = 32768/1360 = 24.094118
number of total memory accesses made:
dram[0]:         0         0         0         0         0         0         0         0         0         0         0         0         0         0         0         0 
dram[1]:         0         0         0         0         0         0         0         0         0         0         0         0         0         0         0         0 
dram[2]:         0         0         0         0         0         0         0         0         0         0         0         0         0         0         0         0 
dram[3]:         0         0         0         0         0         0         0         0         0         0         0         0         0         0         0         0 
dram[4]:         0         0         0         0         0         0         0         0         0         0         0         0         0         0         0         0 
dram[5]:         0         0         0         0         0         0         0         0         0         0         0         0         0         0         0         0 
dram[6]:         0         0         0         0         0         0         0         0         0         0         0         0         0         0         0         0 
dram[7]:         0         0         0         0         0         0         0         0         0         0         0         0         0         0         0         0 
dram[8]:         0         0         0         0         0         0         0         0         0         0         0         0         0         0         0         0 
dram[9]:         0         0         0         0         0         0         0         0         0         0         0         0         0         0         0         0 
dram[10]:         0         0         0         0         0         0         0         0         0         0         0         0         0         0         0         0 
dram[11]:         0         0         0         0         0         0         0         0         0         0         0         0         0         0         0         0 
total accesses: 0
min_bank_accesses = 0!
min_chip_accesses = 0!
number of total read accesses:
dram[0]:       384       384       384       384       344       344       256       256       256       256       336       336       384       384       384       384 
dram[1]:       384       384       384       384       344       344       256       256       256       256       336       336       384       384       384       384 
dram[2]:       384       384       384       384       344       344       256       256       256       256       336       336       384       384       384       384 
dram[3]:       384       384       384       384       344       344       256       256       256       256       336       336       384       384       384       384 
dram[4]:       384       384       384       384       344       344       256       256       256       256       344       344       384       384       384       384 
dram[5]:       384       384       384       384       344       344       256       256       256       256       344       344       384       384       384       384 
dram[6]:       384       384       384       384       344       344       256       256       256       256       344       344       384       384       384       384 
dram[7]:       384       384       384       384       344       344       256       256       256       256       344       344       384       384       384       384 
dram[8]:       384       384       384       384       336       336       256       256       256       256       344       344       384       384       384       384 
dram[9]:       384       384       384       384       336       336       256       256       256       256       344       344       384       384       384       384 
dram[10]:       384       384       384       384       336       336       256       256       256       256       344       344       384       384       384       384 
dram[11]:       384       384       384       384       336       336       256       256       256       256       344       344       384       384       384       384 
total dram reads = 65536
bank skew: 384/256 = 1.50
chip skew: 5472/5456 = 1.00
number of total write accesses:
dram[0]:         0         0         0         0         0         0         0         0         0         0         0         0         0         0         0         0 
dram[1]:         0         0         0         0         0         0         0         0         0         0         0         0         0         0         0         0 
dram[2]:         0         0         0         0         0         0         0         0         0         0         0         0         0         0         0         0 
dram[3]:         0         0         0         0         0         0         0         0         0         0         0         0         0         0         0         0 
dram[4]:         0         0         0         0         0         0         0         0         0         0         0         0         0         0         0         0 
dram[5]:         0         0         0         0         0         0         0         0         0         0         0         0         0         0         0         0 
dram[6]:         0         0         0         0         0         0         0         0         0         0         0         0         0         0         0         0 
dram[7]:         0         0         0         0         0         0         0         0         0         0         0         0         0         0         0         0 
dram[8]:         0         0         0         0         0         0         0         0         0         0         0         0         0         0         0         0 
dram[9]:         0         0         0         0         0         0         0         0         0         0         0         0         0         0         0         0 
dram[10]:         0         0         0         0         0         0         0         0         0         0         0         0         0         0         0         0 
dram[11]:         0         0         0         0         0         0         0         0         0         0         0         0         0         0         0         0 
total dram writes = 0
min_bank_accesses = 0!
min_chip_accesses = 0!
average mf latency per bank:
dram[0]:       1444      1910      1465      1910      1241      1958      1388      1602      1103      1645      1144      1338      1153      1668      1121      1621
dram[1]:       1510      1645      1510      1511      1474      1492      1707      1457      1278      1656      1172      1333      1234      1149      1163      1248
dram[2]:       1348      1605      1437      1446      1302      1337      1338      1458      1343      1274      1429      1161      1093      1042      1198      1516
dram[3]:       1791      1530      1421      1595      1516      1528      1282      1447      1354      1324      1077      1195      1236      1078      1043      1143
dram[4]:       1428      1992      1487      1910      1312      2117      1338      1505      1103      1723      1139      1327      1137      1719      1141      1600
dram[5]:       1520      1648      1498      1512      1592      1518      1827      1433      1344      1758      1211      1221      1294      1173      1210      1134
dram[6]:       1323      1573      1412      1465      1302      1328      1308      1500      1268      1295      1372      1165      1109      1028      1118      1477
dram[7]:       1757      1536      1489      1479      1468      1563      1390      1431      1334      1387      1159      1117      1210      1088      1149      1039
dram[8]:       1417      1747      1471      1888      1255      1701      1318      1450      1096      1494      1144      1278      1121      1418      1132      1551
dram[9]:       1503      1599      1528      1540      1498      1492      1647      1392      1272      1718      1149      1254      1231      1157      1142      1193
dram[10]:       1345      1474      1424      1513      1284      1298      1277      1504      1332      1230      1353      1113      1073       992      1114      1428
dram[11]:       1740      1480      1499      1675      1511      1559      1374      1431      1313      1419      1138      1191      1187      1087      1172      1141
maximum mf latency per bank:
dram[0]:       1409      1971      1389      2053      1167      2127      1135      1602       968      2108      1239      1610      1204      2283      1348      2136
dram[1]:       1269      1378      1359      1306      1298      1308      1447      1367      1242      1475      1328      1575      1319      1506      1394      1440
dram[2]:       1284      1443      1527      1542      1238      1264      1463      1544      1313      1260      1537      1557      1247      1254      1542      1665
dram[3]:       1476      1375      1240      1346      1384      1327      1186      1346      1442      1142      1203      1388      1462      1182      1182      1383
dram[4]:       1269      2127      1318      2018      1153      2252      1171      1540       966      2225      1311      1607      1212      2464      1287      2099
dram[5]:       1324      1412      1438      1301      1428      1409      1582      1232      1324      1593      1386      1396      1406      1622      1488      1277
dram[6]:       1342      1418      1441      1496      1341      1337      1416      1506      1337      1280      1433      1535      1389      1327      1436      1616
dram[7]:       1414      1324      1377      1402      1280      1346      1394      1246      1379      1244      1404      1239      1398      1241      1364      1218
dram[8]:       1249      1487      1437      1867      1164      1723      1013      1390       960      1685      1428      1560      1171      1838      1465      2012
dram[9]:       1266      1355      1309      1434      1316      1354      1432      1295      1309      1554      1267      1471      1418      1562      1359      1369
dram[10]:       1241      1285      1451      1526      1200      1356      1414      1516      1303      1241      1490      1531      1225      1254      1453      1648
dram[11]:       1401      1281      1337      1476      1388      1491      1345      1370      1407      1209      1361      1415      1442      1199      1337      1401
Memory Partition 0: 
Cache L2_bank_000:
MSHR contents

Cache L2_bank_001:
MSHR contents

Cache L2_bank_002:
MSHR contents

Cache L2_bank_003:
MSHR contents

In Dram Latency Queue (total = 0): 
DRAM[0]: 16 bks, busW=8 BL=2 CL=22, tRRD=7 tCCD=1, tRCD=22 tRAS=50 tRP=22 tRC=72
n_cmd=108740 n_nop=103145 n_act=96 n_pre=80 n_ref_event=0 n_req=2728 n_rd=5456 n_rd_L2_A=0 n_write=0 n_wr_bk=0 bw_util=0.05017
n_activity=19120 dram_eff=0.2854
bk0: 384a 106786i bk1: 384a 107064i bk2: 384a 106199i bk3: 384a 106065i bk4: 344a 107349i bk5: 344a 107171i bk6: 256a 106883i bk7: 256a 107652i bk8: 256a 107573i bk9: 256a 107792i bk10: 336a 105481i bk11: 336a 106501i bk12: 384a 106121i bk13: 384a 106334i bk14: 384a 105194i bk15: 384a 106083i 

------------------------------------------------------------------------

Row_Buffer_Locality = 0.964809
Row_Buffer_Locality_read = 0.964809
Row_Buffer_Locality_write = -nan
Bank_Level_Parallism = 2.269291
Bank_Level_Parallism_Col = 2.001026
Bank_Level_Parallism_Ready = 1.410557
write_to_read_ratio_blp_rw_average = 0.000000
GrpLevelPara = 1.416971 

BW Util details:
bwutil = 0.050175 
total_CMD = 108740 
util_bw = 5456 
Wasted_Col = 10158 
Wasted_Row = 391 
Idle = 92735 

BW Util Bottlenecks: 
RCDc_limit = 1604 
RCDWRc_limit = 0 
WTRc_limit = 0 
RTWc_limit = 0 
CCDLc_limit = 16963 
rwq = 0 
CCDLc_limit_alone = 16963 
WTRc_limit_alone = 0 
RTWc_limit_alone = 0 

Commands details: 
total_CMD = 108740 
n_nop = 103145 
Read = 5456 
Write = 0 
L2_Alloc = 0 
L2_WB = 0 
n_act = 96 
n_pre = 80 
n_ref = 0 
n_req = 2728 
total_req = 5456 

Dual Bus Interface Util: 
issued_total_row = 176 
issued_total_col = 5456 
Row_Bus_Util =  0.001619 
CoL_Bus_Util = 0.050175 
Either_Row_CoL_Bus_Util = 0.051453 
Issued_on_Two_Bus_Simul_Util = 0.000340 
issued_two_Eff = 0.006613 
queue_avg = 1.979731 


dram_util_bins: 0 0 0 0 0 0 0 0 0 0
dram_eff_bins: 0 0 0 0 0 0 0 0 0 0
mrqq: max=64 avg=1.97973
Memory Partition 1: 
Cache L2_bank_004:
MSHR contents

Cache L2_bank_005:
MSHR contents

Cache L2_bank_006:
MSHR contents

Cache L2_bank_007:
MSHR contents

In Dram Latency Queue (total = 0): 
DRAM[1]: 16 bks, busW=8 BL=2 CL=22, tRRD=7 tCCD=1, tRCD=22 tRAS=50 tRP=22 tRC=72
n_cmd=108740 n_nop=103120 n_act=114 n_pre=98 n_ref_event=0 n_req=2728 n_rd=5456 n_rd_L2_A=0 n_write=0 n_wr_bk=0 bw_util=0.05017
n_activity=20965 dram_eff=0.2602
bk0: 384a 106950i bk1: 384a 107131i bk2: 384a 107106i bk3: 384a 107045i bk4: 344a 106799i bk5: 344a 107423i bk6: 256a 107167i bk7: 256a 107399i bk8: 256a 107511i bk9: 256a 106747i bk10: 336a 106870i bk11: 336a 106286i bk12: 384a 106550i bk13: 384a 106477i bk14: 384a 106247i bk15: 384a 106289i 

------------------------------------------------------------------------

Row_Buffer_Locality = 0.958211
Row_Buffer_Locality_read = 0.958211
Row_Buffer_Locality_write = -nan
Bank_Level_Parallism = 1.879458
Bank_Level_Parallism_Col = 1.685892
Bank_Level_Parallism_Ready = 1.259714
write_to_read_ratio_blp_rw_average = 0.000000
GrpLevelPara = 1.335826 

BW Util details:
bwutil = 0.050175 
total_CMD = 108740 
util_bw = 5456 
Wasted_Col = 11289 
Wasted_Row = 585 
Idle = 91410 

BW Util Bottlenecks: 
RCDc_limit = 1933 
RCDWRc_limit = 0 
WTRc_limit = 0 
RTWc_limit = 0 
CCDLc_limit = 15733 
rwq = 0 
CCDLc_limit_alone = 15733 
WTRc_limit_alone = 0 
RTWc_limit_alone = 0 

Commands details: 
total_CMD = 108740 
n_nop = 103120 
Read = 5456 
Write = 0 
L2_Alloc = 0 
L2_WB = 0 
n_act = 114 
n_pre = 98 
n_ref = 0 
n_req = 2728 
total_req = 5456 

Dual Bus Interface Util: 
issued_total_row = 212 
issued_total_col = 5456 
Row_Bus_Util =  0.001950 
CoL_Bus_Util = 0.050175 
Either_Row_CoL_Bus_Util = 0.051683 
Issued_on_Two_Bus_Simul_Util = 0.000441 
issued_two_Eff = 0.008541 
queue_avg = 0.763840 


dram_util_bins: 0 0 0 0 0 0 0 0 0 0
dram_eff_bins: 0 0 0 0 0 0 0 0 0 0
mrqq: max=31 avg=0.76384
Memory Partition 2: 
Cache L2_bank_008:
MSHR contents

Cache L2_bank_009:
MSHR contents

Cache L2_bank_010:
MSHR contents

Cache L2_bank_011:
MSHR contents

In Dram Latency Queue (total = 0): 
DRAM[2]: 16 bks, busW=8 BL=2 CL=22, tRRD=7 tCCD=1, tRCD=22 tRAS=50 tRP=22 tRC=72
n_cmd=108740 n_nop=103112 n_act=116 n_pre=100 n_ref_event=0 n_req=2728 n_rd=5456 n_rd_L2_A=0 n_write=0 n_wr_bk=0 bw_util=0.05017
n_activity=21364 dram_eff=0.2554
bk0: 384a 107040i bk1: 384a 107041i bk2: 384a 107151i bk3: 384a 107195i bk4: 344a 107417i bk5: 344a 107399i bk6: 256a 107710i bk7: 256a 107606i bk8: 256a 107631i bk9: 256a 107631i bk10: 336a 106113i bk11: 336a 106872i bk12: 384a 105695i bk13: 384a 106087i bk14: 384a 106615i bk15: 384a 105803i 

------------------------------------------------------------------------

Row_Buffer_Locality = 0.957478
Row_Buffer_Locality_read = 0.957478
Row_Buffer_Locality_write = -nan
Bank_Level_Parallism = 1.753347
Bank_Level_Parallism_Col = 1.577103
Bank_Level_Parallism_Ready = 1.204729
write_to_read_ratio_blp_rw_average = 0.000000
GrpLevelPara = 1.315666 

BW Util details:
bwutil = 0.050175 
total_CMD = 108740 
util_bw = 5456 
Wasted_Col = 11683 
Wasted_Row = 862 
Idle = 90739 

BW Util Bottlenecks: 
RCDc_limit = 2089 
RCDWRc_limit = 0 
WTRc_limit = 0 
RTWc_limit = 0 
CCDLc_limit = 15090 
rwq = 0 
CCDLc_limit_alone = 15090 
WTRc_limit_alone = 0 
RTWc_limit_alone = 0 

Commands details: 
total_CMD = 108740 
n_nop = 103112 
Read = 5456 
Write = 0 
L2_Alloc = 0 
L2_WB = 0 
n_act = 116 
n_pre = 100 
n_ref = 0 
n_req = 2728 
total_req = 5456 

Dual Bus Interface Util: 
issued_total_row = 216 
issued_total_col = 5456 
Row_Bus_Util =  0.001986 
CoL_Bus_Util = 0.050175 
Either_Row_CoL_Bus_Util = 0.051756 
Issued_on_Two_Bus_Simul_Util = 0.000405 
issued_two_Eff = 0.007818 
queue_avg = 0.797278 


dram_util_bins: 0 0 0 0 0 0 0 0 0 0
dram_eff_bins: 0 0 0 0 0 0 0 0 0 0
mrqq: max=30 avg=0.797278
Memory Partition 3: 
Cache L2_bank_012:
MSHR contents

Cache L2_bank_013:
MSHR contents

Cache L2_bank_014:
MSHR contents

Cache L2_bank_015:
MSHR contents

In Dram Latency Queue (total = 0): 
DRAM[3]: 16 bks, busW=8 BL=2 CL=22, tRRD=7 tCCD=1, tRCD=22 tRAS=50 tRP=22 tRC=72
n_cmd=108740 n_nop=103097 n_act=127 n_pre=111 n_ref_event=0 n_req=2728 n_rd=5456 n_rd_L2_A=0 n_write=0 n_wr_bk=0 bw_util=0.05017
n_activity=20749 dram_eff=0.263
bk0: 384a 106186i bk1: 384a 106867i bk2: 384a 106553i bk3: 384a 105970i bk4: 344a 106900i bk5: 344a 106454i bk6: 256a 107721i bk7: 256a 107389i bk8: 256a 107386i bk9: 256a 107379i bk10: 336a 106604i bk11: 336a 106191i bk12: 384a 106133i bk13: 384a 105869i bk14: 384a 106118i bk15: 384a 105653i 

------------------------------------------------------------------------

Row_Buffer_Locality = 0.953446
Row_Buffer_Locality_read = 0.953446
Row_Buffer_Locality_write = -nan
Bank_Level_Parallism = 2.160114
Bank_Level_Parallism_Col = 1.847576
Bank_Level_Parallism_Ready = 1.353922
write_to_read_ratio_blp_rw_average = 0.000000
GrpLevelPara = 1.358455 

BW Util details:
bwutil = 0.050175 
total_CMD = 108740 
util_bw = 5456 
Wasted_Col = 11129 
Wasted_Row = 634 
Idle = 91521 

BW Util Bottlenecks: 
RCDc_limit = 2211 
RCDWRc_limit = 0 
WTRc_limit = 0 
RTWc_limit = 0 
CCDLc_limit = 16632 
rwq = 0 
CCDLc_limit_alone = 16632 
WTRc_limit_alone = 0 
RTWc_limit_alone = 0 

Commands details: 
total_CMD = 108740 
n_nop = 103097 
Read = 5456 
Write = 0 
L2_Alloc = 0 
L2_WB = 0 
n_act = 127 
n_pre = 111 
n_ref = 0 
n_req = 2728 
total_req = 5456 

Dual Bus Interface Util: 
issued_total_row = 238 
issued_total_col = 5456 
Row_Bus_Util =  0.002189 
CoL_Bus_Util = 0.050175 
Either_Row_CoL_Bus_Util = 0.051894 
Issued_on_Two_Bus_Simul_Util = 0.000469 
issued_two_Eff = 0.009038 
queue_avg = 1.224011 


dram_util_bins: 0 0 0 0 0 0 0 0 0 0
dram_eff_bins: 0 0 0 0 0 0 0 0 0 0
mrqq: max=55 avg=1.22401
Memory Partition 4: 
Cache L2_bank_016:
MSHR contents

Cache L2_bank_017:
MSHR contents

Cache L2_bank_018:
MSHR contents

Cache L2_bank_019:
MSHR contents

In Dram Latency Queue (total = 0): 
DRAM[4]: 16 bks, busW=8 BL=2 CL=22, tRRD=7 tCCD=1, tRCD=22 tRAS=50 tRP=22 tRC=72
n_cmd=108740 n_nop=103131 n_act=96 n_pre=80 n_ref_event=0 n_req=2736 n_rd=5472 n_rd_L2_A=0 n_write=0 n_wr_bk=0 bw_util=0.05032
n_activity=19212 dram_eff=0.2848
bk0: 384a 106504i bk1: 384a 107002i bk2: 384a 106174i bk3: 384a 106424i bk4: 344a 107158i bk5: 344a 107229i bk6: 256a 106957i bk7: 256a 107543i bk8: 256a 107464i bk9: 256a 107632i bk10: 344a 105278i bk11: 344a 106525i bk12: 384a 106233i bk13: 384a 106257i bk14: 384a 105186i bk15: 384a 105980i 

------------------------------------------------------------------------

Row_Buffer_Locality = 0.964912
Row_Buffer_Locality_read = 0.964912
Row_Buffer_Locality_write = -nan
Bank_Level_Parallism = 2.316547
Bank_Level_Parallism_Col = 2.080196
Bank_Level_Parallism_Ready = 1.453399
write_to_read_ratio_blp_rw_average = 0.000000
GrpLevelPara = 1.424317 

BW Util details:
bwutil = 0.050322 
total_CMD = 108740 
util_bw = 5472 
Wasted_Col = 10066 
Wasted_Row = 447 
Idle = 92755 

BW Util Bottlenecks: 
RCDc_limit = 1618 
RCDWRc_limit = 0 
WTRc_limit = 0 
RTWc_limit = 0 
CCDLc_limit = 17406 
rwq = 0 
CCDLc_limit_alone = 17406 
WTRc_limit_alone = 0 
RTWc_limit_alone = 0 

Commands details: 
total_CMD = 108740 
n_nop = 103131 
Read = 5472 
Write = 0 
L2_Alloc = 0 
L2_WB = 0 
n_act = 96 
n_pre = 80 
n_ref = 0 
n_req = 2736 
total_req = 5472 

Dual Bus Interface Util: 
issued_total_row = 176 
issued_total_col = 5472 
Row_Bus_Util =  0.001619 
CoL_Bus_Util = 0.050322 
Either_Row_CoL_Bus_Util = 0.051582 
Issued_on_Two_Bus_Simul_Util = 0.000359 
issued_two_Eff = 0.006953 
queue_avg = 1.907256 


dram_util_bins: 0 0 0 0 0 0 0 0 0 0
dram_eff_bins: 0 0 0 0 0 0 0 0 0 0
mrqq: max=64 avg=1.90726
Memory Partition 5: 
Cache L2_bank_020:
MSHR contents

Cache L2_bank_021:
MSHR contents

Cache L2_bank_022:
MSHR contents

Cache L2_bank_023:
MSHR contents

In Dram Latency Queue (total = 0): 
DRAM[5]: 16 bks, busW=8 BL=2 CL=22, tRRD=7 tCCD=1, tRCD=22 tRAS=50 tRP=22 tRC=72
n_cmd=108740 n_nop=103089 n_act=118 n_pre=102 n_ref_event=0 n_req=2736 n_rd=5472 n_rd_L2_A=0 n_write=0 n_wr_bk=0 bw_util=0.05032
n_activity=21057 dram_eff=0.2599
bk0: 384a 107136i bk1: 384a 107161i bk2: 384a 107144i bk3: 384a 107089i bk4: 344a 106579i bk5: 344a 107313i bk6: 256a 107343i bk7: 256a 107392i bk8: 256a 107470i bk9: 256a 106732i bk10: 344a 106802i bk11: 344a 106078i bk12: 384a 106340i bk13: 384a 106139i bk14: 384a 106348i bk15: 384a 106496i 

------------------------------------------------------------------------

Row_Buffer_Locality = 0.956871
Row_Buffer_Locality_read = 0.956871
Row_Buffer_Locality_write = -nan
Bank_Level_Parallism = 1.880711
Bank_Level_Parallism_Col = 1.699102
Bank_Level_Parallism_Ready = 1.269371
write_to_read_ratio_blp_rw_average = 0.000000
GrpLevelPara = 1.336622 

BW Util details:
bwutil = 0.050322 
total_CMD = 108740 
util_bw = 5472 
Wasted_Col = 11388 
Wasted_Row = 694 
Idle = 91186 

BW Util Bottlenecks: 
RCDc_limit = 2050 
RCDWRc_limit = 0 
WTRc_limit = 0 
RTWc_limit = 0 
CCDLc_limit = 16035 
rwq = 0 
CCDLc_limit_alone = 16035 
WTRc_limit_alone = 0 
RTWc_limit_alone = 0 

Commands details: 
total_CMD = 108740 
n_nop = 103089 
Read = 5472 
Write = 0 
L2_Alloc = 0 
L2_WB = 0 
n_act = 118 
n_pre = 102 
n_ref = 0 
n_req = 2736 
total_req = 5472 

Dual Bus Interface Util: 
issued_total_row = 220 
issued_total_col = 5472 
Row_Bus_Util =  0.002023 
CoL_Bus_Util = 0.050322 
Either_Row_CoL_Bus_Util = 0.051968 
Issued_on_Two_Bus_Simul_Util = 0.000377 
issued_two_Eff = 0.007255 
queue_avg = 0.762507 


dram_util_bins: 0 0 0 0 0 0 0 0 0 0
dram_eff_bins: 0 0 0 0 0 0 0 0 0 0
mrqq: max=26 avg=0.762507
Memory Partition 6: 
Cache L2_bank_024:
MSHR contents

Cache L2_bank_025:
MSHR contents

Cache L2_bank_026:
MSHR contents

Cache L2_bank_027:
MSHR contents

In Dram Latency Queue (total = 0): 
DRAM[6]: 16 bks, busW=8 BL=2 CL=22, tRRD=7 tCCD=1, tRCD=22 tRAS=50 tRP=22 tRC=72
n_cmd=108740 n_nop=103103 n_act=113 n_pre=97 n_ref_event=0 n_req=2736 n_rd=5472 n_rd_L2_A=0 n_write=0 n_wr_bk=0 bw_util=0.05032
n_activity=21508 dram_eff=0.2544
bk0: 384a 107162i bk1: 384a 106938i bk2: 384a 107168i bk3: 384a 107105i bk4: 344a 107396i bk5: 344a 107374i bk6: 256a 107633i bk7: 256a 107655i bk8: 256a 107580i bk9: 256a 107639i bk10: 344a 106161i bk11: 344a 106677i bk12: 384a 105726i bk13: 384a 106231i bk14: 384a 106568i bk15: 384a 105898i 

------------------------------------------------------------------------

Row_Buffer_Locality = 0.958699
Row_Buffer_Locality_read = 0.958699
Row_Buffer_Locality_write = -nan
Bank_Level_Parallism = 1.767612
Bank_Level_Parallism_Col = 1.618035
Bank_Level_Parallism_Ready = 1.239035
write_to_read_ratio_blp_rw_average = 0.000000
GrpLevelPara = 1.313573 

BW Util details:
bwutil = 0.050322 
total_CMD = 108740 
util_bw = 5472 
Wasted_Col = 11692 
Wasted_Row = 750 
Idle = 90826 

BW Util Bottlenecks: 
RCDc_limit = 1995 
RCDWRc_limit = 0 
WTRc_limit = 0 
RTWc_limit = 0 
CCDLc_limit = 15526 
rwq = 0 
CCDLc_limit_alone = 15526 
WTRc_limit_alone = 0 
RTWc_limit_alone = 0 

Commands details: 
total_CMD = 108740 
n_nop = 103103 
Read = 5472 
Write = 0 
L2_Alloc = 0 
L2_WB = 0 
n_act = 113 
n_pre = 97 
n_ref = 0 
n_req = 2736 
total_req = 5472 

Dual Bus Interface Util: 
issued_total_row = 210 
issued_total_col = 5472 
Row_Bus_Util =  0.001931 
CoL_Bus_Util = 0.050322 
Either_Row_CoL_Bus_Util = 0.051839 
Issued_on_Two_Bus_Simul_Util = 0.000414 
issued_two_Eff = 0.007983 
queue_avg = 0.864668 


dram_util_bins: 0 0 0 0 0 0 0 0 0 0
dram_eff_bins: 0 0 0 0 0 0 0 0 0 0
mrqq: max=34 avg=0.864668
Memory Partition 7: 
Cache L2_bank_028:
MSHR contents

Cache L2_bank_029:
MSHR contents

Cache L2_bank_030:
MSHR contents

Cache L2_bank_031:
MSHR contents

In Dram Latency Queue (total = 0): 
DRAM[7]: 16 bks, busW=8 BL=2 CL=22, tRRD=7 tCCD=1, tRCD=22 tRAS=50 tRP=22 tRC=72
n_cmd=108740 n_nop=103073 n_act=131 n_pre=115 n_ref_event=0 n_req=2736 n_rd=5472 n_rd_L2_A=0 n_write=0 n_wr_bk=0 bw_util=0.05032
n_activity=20653 dram_eff=0.2649
bk0: 384a 106098i bk1: 384a 106922i bk2: 384a 106418i bk3: 384a 106145i bk4: 344a 107050i bk5: 344a 106551i bk6: 256a 107698i bk7: 256a 107424i bk8: 256a 107494i bk9: 256a 107461i bk10: 344a 106686i bk11: 344a 106113i bk12: 384a 106145i bk13: 384a 105920i bk14: 384a 106032i bk15: 384a 105501i 

------------------------------------------------------------------------

Row_Buffer_Locality = 0.952120
Row_Buffer_Locality_read = 0.952120
Row_Buffer_Locality_write = -nan
Bank_Level_Parallism = 2.152151
Bank_Level_Parallism_Col = 1.854773
Bank_Level_Parallism_Ready = 1.341374
write_to_read_ratio_blp_rw_average = 0.000000
GrpLevelPara = 1.379994 

BW Util details:
bwutil = 0.050322 
total_CMD = 108740 
util_bw = 5472 
Wasted_Col = 10964 
Wasted_Row = 718 
Idle = 91586 

BW Util Bottlenecks: 
RCDc_limit = 2232 
RCDWRc_limit = 0 
WTRc_limit = 0 
RTWc_limit = 0 
CCDLc_limit = 16383 
rwq = 0 
CCDLc_limit_alone = 16383 
WTRc_limit_alone = 0 
RTWc_limit_alone = 0 

Commands details: 
total_CMD = 108740 
n_nop = 103073 
Read = 5472 
Write = 0 
L2_Alloc = 0 
L2_WB = 0 
n_act = 131 
n_pre = 115 
n_ref = 0 
n_req = 2736 
total_req = 5472 

Dual Bus Interface Util: 
issued_total_row = 246 
issued_total_col = 5472 
Row_Bus_Util =  0.002262 
CoL_Bus_Util = 0.050322 
Either_Row_CoL_Bus_Util = 0.052115 
Issued_on_Two_Bus_Simul_Util = 0.000469 
issued_two_Eff = 0.008999 
queue_avg = 1.125225 


dram_util_bins: 0 0 0 0 0 0 0 0 0 0
dram_eff_bins: 0 0 0 0 0 0 0 0 0 0
mrqq: max=47 avg=1.12523
Memory Partition 8: 
Cache L2_bank_032:
MSHR contents

Cache L2_bank_033:
MSHR contents

Cache L2_bank_034:
MSHR contents

Cache L2_bank_035:
MSHR contents

In Dram Latency Queue (total = 0): 
DRAM[8]: 16 bks, busW=8 BL=2 CL=22, tRRD=7 tCCD=1, tRCD=22 tRAS=50 tRP=22 tRC=72
n_cmd=108740 n_nop=103145 n_act=94 n_pre=78 n_ref_event=0 n_req=2728 n_rd=5456 n_rd_L2_A=0 n_write=0 n_wr_bk=0 bw_util=0.05017
n_activity=19074 dram_eff=0.286
bk0: 384a 106612i bk1: 384a 106924i bk2: 384a 106397i bk3: 384a 106240i bk4: 336a 107155i bk5: 336a 107435i bk6: 256a 106957i bk7: 256a 107733i bk8: 256a 107535i bk9: 256a 107657i bk10: 344a 105291i bk11: 344a 106665i bk12: 384a 106262i bk13: 384a 106433i bk14: 384a 105118i bk15: 384a 106213i 

------------------------------------------------------------------------

Row_Buffer_Locality = 0.965542
Row_Buffer_Locality_read = 0.965542
Row_Buffer_Locality_write = -nan
Bank_Level_Parallism = 2.237920
Bank_Level_Parallism_Col = 2.048766
Bank_Level_Parallism_Ready = 1.438233
write_to_read_ratio_blp_rw_average = 0.000000
GrpLevelPara = 1.413709 

BW Util details:
bwutil = 0.050175 
total_CMD = 108740 
util_bw = 5456 
Wasted_Col = 10096 
Wasted_Row = 508 
Idle = 92680 

BW Util Bottlenecks: 
RCDc_limit = 1593 
RCDWRc_limit = 0 
WTRc_limit = 0 
RTWc_limit = 0 
CCDLc_limit = 17325 
rwq = 0 
CCDLc_limit_alone = 17325 
WTRc_limit_alone = 0 
RTWc_limit_alone = 0 

Commands details: 
total_CMD = 108740 
n_nop = 103145 
Read = 5456 
Write = 0 
L2_Alloc = 0 
L2_WB = 0 
n_act = 94 
n_pre = 78 
n_ref = 0 
n_req = 2728 
total_req = 5456 

Dual Bus Interface Util: 
issued_total_row = 172 
issued_total_col = 5456 
Row_Bus_Util =  0.001582 
CoL_Bus_Util = 0.050175 
Either_Row_CoL_Bus_Util = 0.051453 
Issued_on_Two_Bus_Simul_Util = 0.000303 
issued_two_Eff = 0.005898 
queue_avg = 1.828885 


dram_util_bins: 0 0 0 0 0 0 0 0 0 0
dram_eff_bins: 0 0 0 0 0 0 0 0 0 0
mrqq: max=64 avg=1.82889
Memory Partition 9: 
Cache L2_bank_036:
MSHR contents

Cache L2_bank_037:
MSHR contents

Cache L2_bank_038:
MSHR contents

Cache L2_bank_039:
MSHR contents

In Dram Latency Queue (total = 0): 
DRAM[9]: 16 bks, busW=8 BL=2 CL=22, tRRD=7 tCCD=1, tRCD=22 tRAS=50 tRP=22 tRC=72
n_cmd=108740 n_nop=103114 n_act=116 n_pre=100 n_ref_event=0 n_req=2728 n_rd=5456 n_rd_L2_A=0 n_write=0 n_wr_bk=0 bw_util=0.05017
n_activity=20994 dram_eff=0.2599
bk0: 384a 107117i bk1: 384a 107212i bk2: 384a 107099i bk3: 384a 107079i bk4: 336a 106806i bk5: 336a 107216i bk6: 256a 107015i bk7: 256a 107501i bk8: 256a 107415i bk9: 256a 106569i bk10: 344a 106679i bk11: 344a 106575i bk12: 384a 106368i bk13: 384a 106478i bk14: 384a 106255i bk15: 384a 106386i 

------------------------------------------------------------------------

Row_Buffer_Locality = 0.957478
Row_Buffer_Locality_read = 0.957478
Row_Buffer_Locality_write = -nan
Bank_Level_Parallism = 1.880080
Bank_Level_Parallism_Col = 1.712004
Bank_Level_Parallism_Ready = 1.267229
write_to_read_ratio_blp_rw_average = 0.000000
GrpLevelPara = 1.348499 

BW Util details:
bwutil = 0.050175 
total_CMD = 108740 
util_bw = 5456 
Wasted_Col = 11175 
Wasted_Row = 814 
Idle = 91295 

BW Util Bottlenecks: 
RCDc_limit = 2032 
RCDWRc_limit = 0 
WTRc_limit = 0 
RTWc_limit = 0 
CCDLc_limit = 15859 
rwq = 0 
CCDLc_limit_alone = 15859 
WTRc_limit_alone = 0 
RTWc_limit_alone = 0 

Commands details: 
total_CMD = 108740 
n_nop = 103114 
Read = 5456 
Write = 0 
L2_Alloc = 0 
L2_WB = 0 
n_act = 116 
n_pre = 100 
n_ref = 0 
n_req = 2728 
total_req = 5456 

Dual Bus Interface Util: 
issued_total_row = 216 
issued_total_col = 5456 
Row_Bus_Util =  0.001986 
CoL_Bus_Util = 0.050175 
Either_Row_CoL_Bus_Util = 0.051738 
Issued_on_Two_Bus_Simul_Util = 0.000423 
issued_two_Eff = 0.008176 
queue_avg = 0.739323 


dram_util_bins: 0 0 0 0 0 0 0 0 0 0
dram_eff_bins: 0 0 0 0 0 0 0 0 0 0
mrqq: max=23 avg=0.739323
Memory Partition 10: 
Cache L2_bank_040:
MSHR contents

Cache L2_bank_041:
MSHR contents

Cache L2_bank_042:
MSHR contents

Cache L2_bank_043:
MSHR contents

In Dram Latency Queue (total = 0): 
DRAM[10]: 16 bks, busW=8 BL=2 CL=22, tRRD=7 tCCD=1, tRCD=22 tRAS=50 tRP=22 tRC=72
n_cmd=108740 n_nop=103120 n_act=110 n_pre=94 n_ref_event=0 n_req=2728 n_rd=5456 n_rd_L2_A=0 n_write=0 n_wr_bk=0 bw_util=0.05017
n_activity=21081 dram_eff=0.2588
bk0: 384a 107093i bk1: 384a 107049i bk2: 384a 107067i bk3: 384a 107208i bk4: 336a 107441i bk5: 336a 107314i bk6: 256a 107542i bk7: 256a 107634i bk8: 256a 107590i bk9: 256a 107640i bk10: 344a 106077i bk11: 344a 106938i bk12: 384a 105637i bk13: 384a 106185i bk14: 384a 106534i bk15: 384a 106137i 

------------------------------------------------------------------------

Row_Buffer_Locality = 0.959677
Row_Buffer_Locality_read = 0.959677
Row_Buffer_Locality_write = -nan
Bank_Level_Parallism = 1.796610
Bank_Level_Parallism_Col = 1.620698
Bank_Level_Parallism_Ready = 1.219575
write_to_read_ratio_blp_rw_average = 0.000000
GrpLevelPara = 1.331643 

BW Util details:
bwutil = 0.050175 
total_CMD = 108740 
util_bw = 5456 
Wasted_Col = 11350 
Wasted_Row = 717 
Idle = 91217 

BW Util Bottlenecks: 
RCDc_limit = 1913 
RCDWRc_limit = 0 
WTRc_limit = 0 
RTWc_limit = 0 
CCDLc_limit = 15182 
rwq = 0 
CCDLc_limit_alone = 15182 
WTRc_limit_alone = 0 
RTWc_limit_alone = 0 

Commands details: 
total_CMD = 108740 
n_nop = 103120 
Read = 5456 
Write = 0 
L2_Alloc = 0 
L2_WB = 0 
n_act = 110 
n_pre = 94 
n_ref = 0 
n_req = 2728 
total_req = 5456 

Dual Bus Interface Util: 
issued_total_row = 204 
issued_total_col = 5456 
Row_Bus_Util =  0.001876 
CoL_Bus_Util = 0.050175 
Either_Row_CoL_Bus_Util = 0.051683 
Issued_on_Two_Bus_Simul_Util = 0.000368 
issued_two_Eff = 0.007117 
queue_avg = 0.859022 


dram_util_bins: 0 0 0 0 0 0 0 0 0 0
dram_eff_bins: 0 0 0 0 0 0 0 0 0 0
mrqq: max=40 avg=0.859022
Memory Partition 11: 
Cache L2_bank_044:
MSHR contents

Cache L2_bank_045:
MSHR contents

Cache L2_bank_046:
MSHR contents

Cache L2_bank_047:
MSHR contents

In Dram Latency Queue (total = 0): 
DRAM[11]: 16 bks, busW=8 BL=2 CL=22, tRRD=7 tCCD=1, tRCD=22 tRAS=50 tRP=22 tRC=72
n_cmd=108740 n_nop=103080 n_act=129 n_pre=113 n_ref_event=0 n_req=2728 n_rd=5456 n_rd_L2_A=0 n_write=0 n_wr_bk=0 bw_util=0.05017
n_activity=20784 dram_eff=0.2625
bk0: 384a 106423i bk1: 384a 106990i bk2: 384a 106721i bk3: 384a 106110i bk4: 336a 107080i bk5: 336a 106564i bk6: 256a 107529i bk7: 256a 107401i bk8: 256a 107618i bk9: 256a 107381i bk10: 344a 106622i bk11: 344a 106236i bk12: 384a 106455i bk13: 384a 105859i bk14: 384a 105893i bk15: 384a 105446i 

------------------------------------------------------------------------

Row_Buffer_Locality = 0.952713
Row_Buffer_Locality_read = 0.952713
Row_Buffer_Locality_write = -nan
Bank_Level_Parallism = 2.091896
Bank_Level_Parallism_Col = 1.840077
Bank_Level_Parallism_Ready = 1.343842
write_to_read_ratio_blp_rw_average = 0.000000
GrpLevelPara = 1.358798 

BW Util details:
bwutil = 0.050175 
total_CMD = 108740 
util_bw = 5456 
Wasted_Col = 11118 
Wasted_Row = 750 
Idle = 91416 

BW Util Bottlenecks: 
RCDc_limit = 2217 
RCDWRc_limit = 0 
WTRc_limit = 0 
RTWc_limit = 0 
CCDLc_limit = 16599 
rwq = 0 
CCDLc_limit_alone = 16599 
WTRc_limit_alone = 0 
RTWc_limit_alone = 0 

Commands details: 
total_CMD = 108740 
n_nop = 103080 
Read = 5456 
Write = 0 
L2_Alloc = 0 
L2_WB = 0 
n_act = 129 
n_pre = 113 
n_ref = 0 
n_req = 2728 
total_req = 5456 

Dual Bus Interface Util: 
issued_total_row = 242 
issued_total_col = 5456 
Row_Bus_Util =  0.002225 
CoL_Bus_Util = 0.050175 
Either_Row_CoL_Bus_Util = 0.052051 
Issued_on_Two_Bus_Simul_Util = 0.000349 
issued_two_Eff = 0.006714 
queue_avg = 1.180706 


dram_util_bins: 0 0 0 0 0 0 0 0 0 0
dram_eff_bins: 0 0 0 0 0 0 0 0 0 0
mrqq: max=53 avg=1.18071

========= L2 cache stats =========
L2_cache_bank[0]: Access = 2756, Miss = 1344, Miss_rate = 0.488, Pending_hits = 815, Reservation_fails = 0
L2_cache_bank[1]: Access = 2756, Miss = 1344, Miss_rate = 0.488, Pending_hits = 731, Reservation_fails = 0
L2_cache_bank[2]: Access = 2704, Miss = 1384, Miss_rate = 0.512, Pending_hits = 784, Reservation_fails = 0
L2_cache_bank[3]: Access = 2704, Miss = 1384, Miss_rate = 0.512, Pending_hits = 718, Reservation_fails = 0
L2_cache_bank[4]: Access = 2756, Miss = 1344, Miss_rate = 0.488, Pending_hits = 684, Reservation_fails = 0
L2_cache_bank[5]: Access = 2756, Miss = 1344, Miss_rate = 0.488, Pending_hits = 700, Reservation_fails = 0
L2_cache_bank[6]: Access = 2704, Miss = 1384, Miss_rate = 0.512, Pending_hits = 644, Reservation_fails = 0
L2_cache_bank[7]: Access = 2704, Miss = 1384, Miss_rate = 0.512, Pending_hits = 598, Reservation_fails = 0
L2_cache_bank[8]: Access = 2756, Miss = 1344, Miss_rate = 0.488, Pending_hits = 701, Reservation_fails = 0
L2_cache_bank[9]: Access = 2756, Miss = 1344, Miss_rate = 0.488, Pending_hits = 628, Reservation_fails = 0
L2_cache_bank[10]: Access = 2704, Miss = 1384, Miss_rate = 0.512, Pending_hits = 502, Reservation_fails = 0
L2_cache_bank[11]: Access = 2704, Miss = 1384, Miss_rate = 0.512, Pending_hits = 557, Reservation_fails = 0
L2_cache_bank[12]: Access = 2756, Miss = 1344, Miss_rate = 0.488, Pending_hits = 620, Reservation_fails = 0
L2_cache_bank[13]: Access = 2756, Miss = 1344, Miss_rate = 0.488, Pending_hits = 622, Reservation_fails = 0
L2_cache_bank[14]: Access = 2704, Miss = 1384, Miss_rate = 0.512, Pending_hits = 464, Reservation_fails = 0
L2_cache_bank[15]: Access = 2704, Miss = 1384, Miss_rate = 0.512, Pending_hits = 461, Reservation_fails = 0
L2_cache_bank[16]: Access = 2756, Miss = 1344, Miss_rate = 0.488, Pending_hits = 793, Reservation_fails = 0
L2_cache_bank[17]: Access = 2756, Miss = 1344, Miss_rate = 0.488, Pending_hits = 725, Reservation_fails = 0
L2_cache_bank[18]: Access = 2712, Miss = 1388, Miss_rate = 0.512, Pending_hits = 809, Reservation_fails = 0
L2_cache_bank[19]: Access = 2712, Miss = 1388, Miss_rate = 0.512, Pending_hits = 702, Reservation_fails = 0
L2_cache_bank[20]: Access = 2756, Miss = 1344, Miss_rate = 0.488, Pending_hits = 665, Reservation_fails = 0
L2_cache_bank[21]: Access = 2756, Miss = 1344, Miss_rate = 0.488, Pending_hits = 659, Reservation_fails = 0
L2_cache_bank[22]: Access = 2712, Miss = 1388, Miss_rate = 0.512, Pending_hits = 611, Reservation_fails = 0
L2_cache_bank[23]: Access = 2712, Miss = 1388, Miss_rate = 0.512, Pending_hits = 559, Reservation_fails = 0
L2_cache_bank[24]: Access = 2756, Miss = 1344, Miss_rate = 0.488, Pending_hits = 694, Reservation_fails = 0
L2_cache_bank[25]: Access = 2756, Miss = 1344, Miss_rate = 0.488, Pending_hits = 595, Reservation_fails = 0
L2_cache_bank[26]: Access = 2712, Miss = 1388, Miss_rate = 0.512, Pending_hits = 523, Reservation_fails = 0
L2_cache_bank[27]: Access = 2712, Miss = 1388, Miss_rate = 0.512, Pending_hits = 567, Reservation_fails = 0
L2_cache_bank[28]: Access = 2756, Miss = 1344, Miss_rate = 0.488, Pending_hits = 576, Reservation_fails = 0
L2_cache_bank[29]: Access = 2756, Miss = 1344, Miss_rate = 0.488, Pending_hits = 606, Reservation_fails = 0
L2_cache_bank[30]: Access = 2712, Miss = 1388, Miss_rate = 0.512, Pending_hits = 500, Reservation_fails = 0
L2_cache_bank[31]: Access = 2712, Miss = 1388, Miss_rate = 0.512, Pending_hits = 468, Reservation_fails = 0
L2_cache_bank[32]: Access = 2744, Miss = 1344, Miss_rate = 0.490, Pending_hits = 776, Reservation_fails = 0
L2_cache_bank[33]: Access = 2744, Miss = 1344, Miss_rate = 0.490, Pending_hits = 711, Reservation_fails = 0
L2_cache_bank[34]: Access = 2712, Miss = 1388, Miss_rate = 0.512, Pending_hits = 829, Reservation_fails = 0
L2_cache_bank[35]: Access = 2712, Miss = 1388, Miss_rate = 0.512, Pending_hits = 685, Reservation_fails = 0
L2_cache_bank[36]: Access = 2744, Miss = 1344, Miss_rate = 0.490, Pending_hits = 638, Reservation_fails = 0
L2_cache_bank[37]: Access = 2744, Miss = 1344, Miss_rate = 0.490, Pending_hits = 663, Reservation_fails = 0
L2_cache_bank[38]: Access = 2712, Miss = 1388, Miss_rate = 0.512, Pending_hits = 638, Reservation_fails = 0
L2_cache_bank[39]: Access = 2712, Miss = 1388, Miss_rate = 0.512, Pending_hits = 569, Reservation_fails = 0
L2_cache_bank[40]: Access = 2744, Miss = 1344, Miss_rate = 0.490, Pending_hits = 727, Reservation_fails = 0
L2_cache_bank[41]: Access = 2744, Miss = 1344, Miss_rate = 0.490, Pending_hits = 660, Reservation_fails = 0
L2_cache_bank[42]: Access = 2712, Miss = 1388, Miss_rate = 0.512, Pending_hits = 528, Reservation_fails = 0
L2_cache_bank[43]: Access = 2712, Miss = 1388, Miss_rate = 0.512, Pending_hits = 533, Reservation_fails = 0
L2_cache_bank[44]: Access = 2744, Miss = 1344, Miss_rate = 0.490, Pending_hits = 654, Reservation_fails = 0
L2_cache_bank[45]: Access = 2744, Miss = 1344, Miss_rate = 0.490, Pending_hits = 676, Reservation_fails = 0
L2_cache_bank[46]: Access = 2712, Miss = 1388, Miss_rate = 0.512, Pending_hits = 467, Reservation_fails = 0
L2_cache_bank[47]: Access = 2712, Miss = 1388, Miss_rate = 0.512, Pending_hits = 467, Reservation_fails = 0
L2_total_cache_accesses = 131072
L2_total_cache_misses = 65536
L2_total_cache_miss_rate = 0.5000
L2_total_cache_pending_hits = 30502
L2_total_cache_reservation_fails = 0
L2_total_cache_breakdown:
	L2_cache_stats_breakdown[GLOBAL_ACC_R][HIT] = 35034
	L2_cache_stats_breakdown[GLOBAL_ACC_R][HIT_RESERVED] = 30502
	L2_cache_stats_breakdown[GLOBAL_ACC_R][MISS] = 8192
	L2_cache_stats_breakdown[GLOBAL_ACC_R][RESERVATION_FAIL] = 0
	L2_cache_stats_breakdown[GLOBAL_ACC_R][SECTOR_MISS] = 24576
	L2_cache_stats_breakdown[GLOBAL_ACC_R][MSHR_HIT] = 30502
	L2_cache_stats_breakdown[LOCAL_ACC_R][HIT] = 0
	L2_cache_stats_breakdown[LOCAL_ACC_R][HIT_RESERVED] = 0
	L2_cache_stats_breakdown[LOCAL_ACC_R][MISS] = 0
	L2_cache_stats_breakdown[LOCAL_ACC_R][RESERVATION_FAIL] = 0
	L2_cache_stats_breakdown[LOCAL_ACC_R][SECTOR_MISS] = 0
	L2_cache_stats_breakdown[LOCAL_ACC_R][MSHR_HIT] = 0
	L2_cache_stats_breakdown[CONST_ACC_R][HIT] = 0
	L2_cache_stats_breakdown[CONST_ACC_R][HIT_RESERVED] = 0
	L2_cache_stats_breakdown[CONST_ACC_R][MISS] = 0
	L2_cache_stats_breakdown[CONST_ACC_R][RESERVATION_FAIL] = 0
	L2_cache_stats_breakdown[CONST_ACC_R][SECTOR_MISS] = 0
	L2_cache_stats_breakdown[CONST_ACC_R][MSHR_HIT] = 0
	L2_cache_stats_breakdown[TEXTURE_ACC_R][HIT] = 0
	L2_cache_stats_breakdown[TEXTURE_ACC_R][HIT_RESERVED] = 0
	L2_cache_stats_breakdown[TEXTURE_ACC_R][MISS] = 0
	L2_cache_stats_breakdown[TEXTURE_ACC_R][RESERVATION_FAIL] = 0
	L2_cache_stats_breakdown[TEXTURE_ACC_R][SECTOR_MISS] = 0
	L2_cache_stats_breakdown[TEXTURE_ACC_R][MSHR_HIT] = 0
	L2_cache_stats_breakdown[GLOBAL_ACC_W][HIT] = 0
	L2_cache_stats_breakdown[GLOBAL_ACC_W][HIT_RESERVED] = 0
	L2_cache_stats_breakdown[GLOBAL_ACC_W][MISS] = 8192
	L2_cache_stats_breakdown[GLOBAL_ACC_W][RESERVATION_FAIL] = 0
	L2_cache_stats_breakdown[GLOBAL_ACC_W][SECTOR_MISS] = 24576
	L2_cache_stats_breakdown[GLOBAL_ACC_W][MSHR_HIT] = 0
	L2_cache_stats_breakdown[LOCAL_ACC_W][HIT] = 0
	L2_cache_stats_breakdown[LOCAL_ACC_W][HIT_RESERVED] = 0
	L2_cache_stats_breakdown[LOCAL_ACC_W][MISS] = 0
	L2_cache_stats_breakdown[LOCAL_ACC_W][RESERVATION_FAIL] = 0
	L2_cache_stats_breakdown[LOCAL_ACC_W][SECTOR_MISS] = 0
	L2_cache_stats_breakdown[LOCAL_ACC_W][MSHR_HIT] = 0
	L2_cache_stats_breakdown[L1_WRBK_ACC][HIT] = 0
	L2_cache_stats_breakdown[L1_WRBK_ACC][HIT_RESERVED] = 0
	L2_cache_stats_breakdown[L1_WRBK_ACC][MISS] = 0
	L2_cache_stats_breakdown[L1_WRBK_ACC][RESERVATION_FAIL] = 0
	L2_cache_stats_breakdown[L1_WRBK_ACC][SECTOR_MISS] = 0
	L2_cache_stats_breakdown[L1_WRBK_ACC][MSHR_HIT] = 0
	L2_cache_stats_breakdown[L2_WRBK_ACC][HIT] = 0
	L2_cache_stats_breakdown[L2_WRBK_ACC][HIT_RESERVED] = 0
	L2_cache_stats_breakdown[L2_WRBK_ACC][MISS] = 0
	L2_cache_stats_breakdown[L2_WRBK_ACC][RESERVATION_FAIL] = 0
	L2_cache_stats_breakdown[L2_WRBK_ACC][SECTOR_MISS] = 0
	L2_cache_stats_breakdown[L2_WRBK_ACC][MSHR_HIT] = 0
	L2_cache_stats_breakdown[INST_ACC_R][HIT] = 0
	L2_cache_stats_breakdown[INST_ACC_R][HIT_RESERVED] = 0
	L2_cache_stats_breakdown[INST_ACC_R][MISS] = 0
	L2_cache_stats_breakdown[INST_ACC_R][RESERVATION_FAIL] = 0
	L2_cache_stats_breakdown[INST_ACC_R][SECTOR_MISS] = 0
	L2_cache_stats_breakdown[INST_ACC_R][MSHR_HIT] = 0
	L2_cache_stats_breakdown[L1_WR_ALLOC_R][HIT] = 0
	L2_cache_stats_breakdown[L1_WR_ALLOC_R][HIT_RESERVED] = 0
	L2_cache_stats_breakdown[L1_WR_ALLOC_R][MISS] = 0
	L2_cache_stats_breakdown[L1_WR_ALLOC_R][RESERVATION_FAIL] = 0
	L2_cache_stats_breakdown[L1_WR_ALLOC_R][SECTOR_MISS] = 0
	L2_cache_stats_breakdown[L1_WR_ALLOC_R][MSHR_HIT] = 0
	L2_cache_stats_breakdown[L2_WR_ALLOC_R][HIT] = 0
	L2_cache_stats_breakdown[L2_WR_ALLOC_R][HIT_RESERVED] = 0
	L2_cache_stats_breakdown[L2_WR_ALLOC_R][MISS] = 0
	L2_cache_stats_breakdown[L2_WR_ALLOC_R][RESERVATION_FAIL] = 0
	L2_cache_stats_breakdown[L2_WR_ALLOC_R][SECTOR_MISS] = 0
	L2_cache_stats_breakdown[L2_WR_ALLOC_R][MSHR_HIT] = 0
	L2_cache_stats_breakdown[GLOBAL_ACC_R][TOTAL_ACCESS] = 98304
	L2_cache_stats_breakdown[GLOBAL_ACC_W][TOTAL_ACCESS] = 32768
L2_total_cache_reservation_fail_breakdown:
L2_cache_data_port_util = 0.020
L2_cache_fill_port_util = 0.019

icnt_total_pkts_mem_to_simt=131072
icnt_total_pkts_simt_to_mem=131072
LD_mem_lat_dist  0 0 0 0 0 0 0 0 0 0 0 0 0 0 0 0 0 0 0 0 0 0 0 0 0 0 0
ST_mem_lat_dist  0 0 0 0 0 0 0 0 0 0 0 0 0 0 0 0 0 0 0 0 0 0 0 0 0 0 0
----------------------------Interconnect-DETAILS--------------------------------
Req_Network_injected_packets_num = 131072
Req_Network_cycles = 35936
Req_Network_injected_packets_per_cycle =       3.6474 
Req_Network_conflicts_per_cycle =       0.6424
Req_Network_conflicts_per_cycle_util =       0.9699
Req_Bank_Level_Parallism =       5.5068
Req_Network_in_buffer_full_per_cycle =       0.7644
Req_Network_in_buffer_avg_util =       8.4585
Req_Network_out_buffer_full_per_cycle =       0.0000
Req_Network_out_buffer_avg_util =       0.0760

Reply_Network_injected_packets_num = 131072
Reply_Network_cycles = 35936
Reply_Network_injected_packets_per_cycle =        3.6474
Reply_Network_conflicts_per_cycle =        7.1252
Reply_Network_conflicts_per_cycle_util =      10.3938
Reply_Bank_Level_Parallism =       5.3206
Reply_Network_in_buffer_full_per_cycle =       0.0000
Reply_Network_in_buffer_avg_util =       8.7960
Reply_Network_out_buffer_full_per_cycle =       0.0000
Reply_Network_out_buffer_avg_util =       0.2235
----------------------------END-of-Interconnect-DETAILS-------------------------


gpgpu_simulation_time = 0 days, 0 hrs, 0 min, 5 sec (5 sec)
gpgpu_simulation_rate = 1230028 (inst/sec)
gpgpu_simulation_rate = 7187 (cycle/sec)
gpgpu_silicon_slowdown = 196187x
GPGPU-Sim: *** simulation thread exiting ***
GPGPU-Sim: *** exit detected ***
